,,,R1/Ohm,"Std err. R1/Ohm","Rank R1","Q2/F.s^(a - 1)","Std err. Q2/F.s^(a - 1)","Rank Q2",a2/,"Std err. a2","Rank a2",R2,"Std err. R2/Ohm","Rank R2","Q3/F.s^(a - 1)","Std err. Q3/F.s^(a - 1)","Rank Q3",a3/,"Std err. a3","Rank a3",R3,"Std err. R3/Ohm","Rank R3","Q4/F.s^(a - 1)","Std err. Q4/F.s^(a - 1)","Rank Q4",a4/,"Std err. a4","Rank a4",R4,"Std err. R4/Ohm","Rank R4",s5/Ohm.s^-1/2,"Std err. s5/Ohm.s^-1/2","Rank s5",Chi^2/|Z|^2,Chi/sqrt(N)/Ohm
C:\Users\HOME\Desktop\JupyterWorkspace\ALBATROSS_Paper\250925_EIS\1\250926133411_47(6-8).mpr,"Cycle 0",,3.09599995613098,xxxx,0.817647058823529,2.14900001083151E-6,xxxx,0.311764705882353,1,xxxx,0.535294117647059,2.66000008583069,xxxx,0.655882352941176,6.14699965808541E-5,xxxx,0.791176470588235,0.726700007915497,xxxx,1,57.5699996948242,xxxx,0.988235294117647,0.00350653751288017,6.22420996333482E-5,0.588235294117647,0.862793538141225,0.00888941873317829,0.814705882352941,58.9982186303799,1.41545901364082,0.414705882352941,6.14224267956293,0.79294877903626,0.458823529411765,0.00396593513650565,0.584743729268188
,,,,,,,,,,,,,,,,,,,,,,,,,,,,,,,,,,,,,
"Batch mean",,,3.09599995613098,,,2.14900001083151E-6,,,1,,,2.66000008583069,,,6.14699965808541E-5,,,0.726700007915497,,,57.5699996948242,,,0.00350653752684593,,,0.862793564796448,,,58.998218536377,,,6.14224290847778,,,,
"Batch standard deviation",,,0,,,0,,,0,,,0,,,0,,,0,,,0,,,0,,,0,,,0,,,0,,,,
,,,,,,,,,,,,,,,,,,,,,,,,,,,,,,,,,,,,,
"Equivalent circuit",,,,,,,,,,,,,,,,,,,,,,,,,,,,,,,,,,,,,
R1+Q2/R2+Q3/R3+Q4/R4+W5,,,,,,,,,,,,,,,,,,,,,,,,,,,,,,,,,,,,,
