,,,R1/Ohm,"Std err. R1/Ohm","Rank R1","Q2/F.s^(a - 1)","Std err. Q2/F.s^(a - 1)","Rank Q2",a2/,"Std err. a2","Rank a2",R2,"Std err. R2/Ohm","Rank R2","Q3/F.s^(a - 1)","Std err. Q3/F.s^(a - 1)","Rank Q3",a3/,"Std err. a3","Rank a3",R3,"Std err. R3/Ohm","Rank R3","Q4/F.s^(a - 1)","Std err. Q4/F.s^(a - 1)","Rank Q4",a4/,"Std err. a4","Rank a4",R4,"Std err. R4/Ohm","Rank R4",s5/Ohm.s^-1/2,"Std err. s5/Ohm.s^-1/2","Rank s5",Chi^2/|Z|^2,Chi/sqrt(N)/Ohm
C:\Users\HOME\Desktop\JupyterWorkspace\ALBATROSS_Paper\250925_EIS\3\250927013310_47(6-8).mpr,"Cycle 0",,3.24200010299683,xxxx,0.75975975975976,6.01700003244332E-6,xxxx,0.348348348348348,0.891600012779236,xxxx,0.588588588588589,4.17799997329712,xxxx,0.822822822822823,5.6889999541454E-5,xxxx,0.777777777777778,0.773599982261658,xxxx,1,51.2900009155273,xxxx,0.954954954954955,0.0040793006002847,0.000160459411156941,0.615615615615616,0.75900407134141,0.00997445408545318,0.831831831831832,27.0745304847265,0.361901255388634,0.471471471471471,2.65075362550622,0.199856920596208,0.36036036036036,0.0022203057377255,0.385143584975347
,,,,,,,,,,,,,,,,,,,,,,,,,,,,,,,,,,,,,
"Batch mean",,,3.24200010299683,,,6.01700003244332E-6,,,0.891600012779236,,,4.17799997329712,,,5.6889999541454E-5,,,0.773599982261658,,,51.2900009155273,,,0.00407930044457316,,,0.759004056453705,,,27.0745296478271,,,2.65075373649597,,,,
"Batch standard deviation",,,0,,,0,,,0,,,0,,,0,,,0,,,0,,,0,,,0,,,0,,,0,,,,
,,,,,,,,,,,,,,,,,,,,,,,,,,,,,,,,,,,,,
"Equivalent circuit",,,,,,,,,,,,,,,,,,,,,,,,,,,,,,,,,,,,,
R1+Q2/R2+Q3/R3+Q4/R4+W5,,,,,,,,,,,,,,,,,,,,,,,,,,,,,,,,,,,,,
