,,,R1/Ohm,"Std err. R1/Ohm","Rank R1","Q2/F.s^(a - 1)","Std err. Q2/F.s^(a - 1)","Rank Q2",a2/,"Std err. a2","Rank a2",R2,"Std err. R2/Ohm","Rank R2","Q3/F.s^(a - 1)","Std err. Q3/F.s^(a - 1)","Rank Q3",a3/,"Std err. a3","Rank a3",R3,"Std err. R3/Ohm","Rank R3","Q4/F.s^(a - 1)","Std err. Q4/F.s^(a - 1)","Rank Q4",a4/,"Std err. a4","Rank a4",R4,"Std err. R4/Ohm","Rank R4",s5/Ohm.s^-1/2,"Std err. s5/Ohm.s^-1/2","Rank s5",Chi^2/|Z|^2,Chi/sqrt(N)/Ohm
C:\Users\HOME\Desktop\JupyterWorkspace\ALBATROSS_Paper\250925_EIS\2\250926193340_47(6-8).mpr,"Cycle 0",,3.01999998092651,xxxx,0.73469387755102,2.67899995378684E-5,xxxx,0.396501457725948,0.757799983024597,xxxx,0.644314868804665,6.29500007629395,xxxx,0.822157434402332,4.44700017396826E-5,xxxx,0.769679300291545,0.794399976730347,xxxx,1,58.8600006103516,xxxx,0.938775510204082,0.00331732093617121,9.39410234990129E-5,0.568513119533528,0.838538931190054,0.0099015767741151,0.80466472303207,40.4186640387963,0.878611159700293,0.422740524781341,4.31447302022629,0.576214888245625,0.402332361516035,0.0055128027643917,0.449531364222361
,,,,,,,,,,,,,,,,,,,,,,,,,,,,,,,,,,,,,
"Batch mean",,,3.01999998092651,,,2.67899995378684E-5,,,0.757799983024597,,,6.29500007629395,,,4.44700017396826E-5,,,0.794399976730347,,,58.8600006103516,,,0.00331732095219195,,,0.838538944721222,,,40.4186630249023,,,4.31447315216064,,,,
"Batch standard deviation",,,0,,,0,,,0,,,0,,,0,,,0,,,0,,,0,,,0,,,0,,,0,,,,
,,,,,,,,,,,,,,,,,,,,,,,,,,,,,,,,,,,,,
"Equivalent circuit",,,,,,,,,,,,,,,,,,,,,,,,,,,,,,,,,,,,,
R1+Q2/R2+Q3/R3+Q4/R4+W5,,,,,,,,,,,,,,,,,,,,,,,,,,,,,,,,,,,,,
