,,,R1/Ohm,"Std err. R1/Ohm","Rank R1","Q2/F.s^(a - 1)","Std err. Q2/F.s^(a - 1)","Rank Q2",a2/,"Std err. a2","Rank a2",R2,"Std err. R2/Ohm","Rank R2","Q3/F.s^(a - 1)","Std err. Q3/F.s^(a - 1)","Rank Q3",a3/,"Std err. a3","Rank a3",R3,"Std err. R3/Ohm","Rank R3","Q4/F.s^(a - 1)","Std err. Q4/F.s^(a - 1)","Rank Q4",a4/,"Std err. a4","Rank a4",R4,"Std err. R4/Ohm","Rank R4",s5/Ohm.s^-1/2,"Std err. s5/Ohm.s^-1/2","Rank s5",Chi^2/|Z|^2,Chi/sqrt(N)/Ohm
C:\Users\HOME\Desktop\JupyterWorkspace\ALBATROSS_Paper\250925_EIS\2\250926095519_19(3-4).mpr,"Cycle 0",,3.41400003433228,xxxx,0.766081871345029,1.21200000648969E-5,xxxx,0.359649122807018,0.838199973106384,xxxx,0.611111111111111,3.80100011825562,xxxx,0.783625730994152,4.60199989902321E-5,xxxx,0.777777777777778,0.787000000476837,xxxx,1,52.5299987792969,xxxx,0.961988304093567,0.00366641145890514,8.5411093177578E-5,0.596491228070175,0.814490946193746,0.00858889766090565,0.830409356725146,40.0218269414431,0.800192521695918,0.435672514619883,3.77913096488013,0.494920652814139,0.403508771929825,0.00608755555402717,0.4389005742038
,,,,,,,,,,,,,,,,,,,,,,,,,,,,,,,,,,,,,
"Batch mean",,,3.41400003433228,,,1.21200000648969E-5,,,0.838199973106384,,,3.80100011825562,,,4.60199989902321E-5,,,0.787000000476837,,,52.5299987792969,,,0.00366641138680279,,,0.814490973949432,,,40.0218276977539,,,3.77913093566895,,,,
"Batch standard deviation",,,0,,,0,,,0,,,0,,,0,,,0,,,0,,,0,,,0,,,0,,,0,,,,
,,,,,,,,,,,,,,,,,,,,,,,,,,,,,,,,,,,,,
"Equivalent circuit",,,,,,,,,,,,,,,,,,,,,,,,,,,,,,,,,,,,,
R1+Q2/R2+Q3/R3+Q4/R4+W5,,,,,,,,,,,,,,,,,,,,,,,,,,,,,,,,,,,,,
