,,,R1/Ohm,"Std err. R1/Ohm","Rank R1","Q2/F.s^(a - 1)","Std err. Q2/F.s^(a - 1)","Rank Q2",a2/,"Std err. a2","Rank a2",R2,"Std err. R2/Ohm","Rank R2","Q3/F.s^(a - 1)","Std err. Q3/F.s^(a - 1)","Rank Q3",a3/,"Std err. a3","Rank a3",R3,"Std err. R3/Ohm","Rank R3","Q4/F.s^(a - 1)","Std err. Q4/F.s^(a - 1)","Rank Q4",a4/,"Std err. a4","Rank a4",R4,"Std err. R4/Ohm","Rank R4",s5/Ohm.s^-1/2,"Std err. s5/Ohm.s^-1/2","Rank s5",Chi^2/|Z|^2,Chi/sqrt(N)/Ohm
C:\Users\HOME\Desktop\JupyterWorkspace\ALBATROSS_Paper\250925_EIS\2\250926083959_9(2-2).mpr,"Cycle 0",,3.33200001716614,xxxx,0.75366568914956,6.5210001594096E-6,xxxx,0.372434017595308,0.891099989414215,xxxx,0.618768328445748,4.47800016403198,xxxx,0.80058651026393,5.31400000909343E-5,xxxx,0.774193548387097,0.776400029659271,xxxx,1,51.060001373291,xxxx,0.956011730205279,0.00338683930453542,8.34325000039762E-5,0.589442815249267,0.828950022622356,0.00860235885882088,0.826979472140762,38.8838593186686,0.778260153903218,0.439882697947214,4.23223114547378,0.507077340460106,0.416422287390029,0.00424481628610145,0.413650102829558
,,,,,,,,,,,,,,,,,,,,,,,,,,,,,,,,,,,,,
"Batch mean",,,3.33200001716614,,,6.5210001594096E-6,,,0.891099989414215,,,4.47800016403198,,,5.31400000909343E-5,,,0.776400029659271,,,51.060001373291,,,0.00338683929294348,,,0.828950047492981,,,38.8838577270508,,,4.23223114013672,,,,
"Batch standard deviation",,,0,,,0,,,0,,,0,,,0,,,0,,,0,,,0,,,0,,,0,,,0,,,,
,,,,,,,,,,,,,,,,,,,,,,,,,,,,,,,,,,,,,
"Equivalent circuit",,,,,,,,,,,,,,,,,,,,,,,,,,,,,,,,,,,,,
R1+Q2/R2+Q3/R3+Q4/R4+W5,,,,,,,,,,,,,,,,,,,,,,,,,,,,,,,,,,,,,
