,,,R1/Ohm,"Std err. R1/Ohm","Rank R1","Q2/F.s^(a - 1)","Std err. Q2/F.s^(a - 1)","Rank Q2",a2/,"Std err. a2","Rank a2",R2,"Std err. R2/Ohm","Rank R2","Q3/F.s^(a - 1)","Std err. Q3/F.s^(a - 1)","Rank Q3",a3/,"Std err. a3","Rank a3",R3,"Std err. R3/Ohm","Rank R3","Q4/F.s^(a - 1)","Std err. Q4/F.s^(a - 1)","Rank Q4",a4/,"Std err. a4","Rank a4",R4,"Std err. R4/Ohm","Rank R4",s5/Ohm.s^-1/2,"Std err. s5/Ohm.s^-1/2","Rank s5",Chi^2/|Z|^2,Chi/sqrt(N)/Ohm
C:\Users\HOME\Desktop\JupyterWorkspace\ALBATROSS_Paper\250925_EIS\2\250926085414_11(2-4).mpr,"Cycle 0",,2.79299998283386,xxxx,0.740963855421687,1.37500001073931E-5,xxxx,0.352409638554217,0.829800009727478,xxxx,0.599397590361446,3.87299990653992,xxxx,0.795180722891566,4.94300002173986E-5,xxxx,0.780120481927711,0.781899988651276,xxxx,1,51.1399993896484,xxxx,0.978915662650602,0.00366877778520145,9.17981029767264E-5,0.614457831325301,0.809769506591669,0.0085373560480691,0.843373493975904,40.761390813166,0.769603181237897,0.448795180722892,3.84238453839276,0.522176930516775,0.400602409638554,0.00382415607203057,0.36855954543821
,,,,,,,,,,,,,,,,,,,,,,,,,,,,,,,,,,,,,
"Batch mean",,,2.79299998283386,,,1.37500001073931E-5,,,0.829800009727478,,,3.87299990653992,,,4.94300002173986E-5,,,0.781899988651276,,,51.1399993896484,,,0.00366877787746489,,,0.809769511222839,,,40.7613906860352,,,3.84238457679749,,,,
"Batch standard deviation",,,0,,,0,,,0,,,0,,,0,,,0,,,0,,,0,,,0,,,0,,,0,,,,
,,,,,,,,,,,,,,,,,,,,,,,,,,,,,,,,,,,,,
"Equivalent circuit",,,,,,,,,,,,,,,,,,,,,,,,,,,,,,,,,,,,,
R1+Q2/R2+Q3/R3+Q4/R4+W5,,,,,,,,,,,,,,,,,,,,,,,,,,,,,,,,,,,,,
