,,,R1/Ohm,"Std err. R1/Ohm","Rank R1","Q2/F.s^(a - 1)","Std err. Q2/F.s^(a - 1)","Rank Q2",a2/,"Std err. a2","Rank a2",R2,"Std err. R2/Ohm","Rank R2","Q3/F.s^(a - 1)","Std err. Q3/F.s^(a - 1)","Rank Q3",a3/,"Std err. a3","Rank a3",R3,"Std err. R3/Ohm","Rank R3","Q4/F.s^(a - 1)","Std err. Q4/F.s^(a - 1)","Rank Q4",a4/,"Std err. a4","Rank a4",R4,"Std err. R4/Ohm","Rank R4",s5/Ohm.s^-1/2,"Std err. s5/Ohm.s^-1/2","Rank s5",Chi^2/|Z|^2,Chi/sqrt(N)/Ohm
C:\Users\HOME\Desktop\JupyterWorkspace\ALBATROSS_Paper\250925_EIS\2\250926125039_41(6-2).mpr,"Cycle 0",,3.3659999370575,xxxx,0.749271137026239,1.12300003820565E-5,xxxx,0.379008746355685,0.824999988079071,xxxx,0.629737609329446,5.42700004577637,xxxx,0.813411078717201,5.42400011909194E-5,xxxx,0.769679300291545,0.767700016498566,xxxx,1,55,xxxx,0.950437317784257,0.00308757738515254,8.90764009959222E-5,0.556851311953353,0.869217028779307,0.00955726202944157,0.801749271137026,38.5923186377346,0.808451556459963,0.422740524781341,4.99434245563382,0.545440738163728,0.431486880466472,0.00465584750554088,0.466134398540055
,,,,,,,,,,,,,,,,,,,,,,,,,,,,,,,,,,,,,
"Batch mean",,,3.3659999370575,,,1.12300003820565E-5,,,0.824999988079071,,,5.42700004577637,,,5.42400011909194E-5,,,0.767700016498566,,,55,,,0.00308757741004229,,,0.869217038154602,,,38.5923194885254,,,4.99434232711792,,,,
"Batch standard deviation",,,0,,,0,,,0,,,0,,,0,,,0,,,0,,,0,,,0,,,0,,,0,,,,
,,,,,,,,,,,,,,,,,,,,,,,,,,,,,,,,,,,,,
"Equivalent circuit",,,,,,,,,,,,,,,,,,,,,,,,,,,,,,,,,,,,,
R1+Q2/R2+Q3/R3+Q4/R4+W5,,,,,,,,,,,,,,,,,,,,,,,,,,,,,,,,,,,,,
