,,,R1/Ohm,"Std err. R1/Ohm","Rank R1","Q2/F.s^(a - 1)","Std err. Q2/F.s^(a - 1)","Rank Q2",a2/,"Std err. a2","Rank a2",R2,"Std err. R2/Ohm","Rank R2","Q3/F.s^(a - 1)","Std err. Q3/F.s^(a - 1)","Rank Q3",a3/,"Std err. a3","Rank a3",R3,"Std err. R3/Ohm","Rank R3","Q4/F.s^(a - 1)","Std err. Q4/F.s^(a - 1)","Rank Q4",a4/,"Std err. a4","Rank a4",R4,"Std err. R4/Ohm","Rank R4",s5/Ohm.s^-1/2,"Std err. s5/Ohm.s^-1/2","Rank s5",Chi^2/|Z|^2,Chi/sqrt(N)/Ohm
C:\Users\HOME\Desktop\JupyterWorkspace\ALBATROSS_Paper\250925_EIS\2\250926074913_2(1-3).mpr,"Cycle 0",,2.8840000629425,xxxx,0.739393939393939,6.09900007475517E-6,xxxx,0.363636363636364,0.892899990081787,xxxx,0.609090909090909,4.80000019073486,xxxx,0.812121212121212,5.43300011486281E-5,xxxx,0.772727272727273,0.773400008678436,xxxx,1,49.8199996948242,xxxx,0.975757575757576,0.00357347687047159,7.7132442038664E-5,0.636363636363636,0.784572346359863,0.00696447574236066,0.857575757575758,41.3220876475543,0.659518064829239,0.454545454545455,3.46225831869887,0.42457867905322,0.378787878787879,0.00307159734728569,0.379849658323786
,,,,,,,,,,,,,,,,,,,,,,,,,,,,,,,,,,,,,
"Batch mean",,,2.8840000629425,,,6.09900007475517E-6,,,0.892899990081787,,,4.80000019073486,,,5.43300011486281E-5,,,0.773400008678436,,,49.8199996948242,,,0.00357347680255771,,,0.78457236289978,,,41.3220863342285,,,3.46225833892822,,,,
"Batch standard deviation",,,0,,,0,,,0,,,0,,,0,,,0,,,0,,,0,,,0,,,0,,,0,,,,
,,,,,,,,,,,,,,,,,,,,,,,,,,,,,,,,,,,,,
"Equivalent circuit",,,,,,,,,,,,,,,,,,,,,,,,,,,,,,,,,,,,,
R1+Q2/R2+Q3/R3+Q4/R4+W5,,,,,,,,,,,,,,,,,,,,,,,,,,,,,,,,,,,,,
