,,,R1/Ohm,"Std err. R1/Ohm","Rank R1","Q2/F.s^(a - 1)","Std err. Q2/F.s^(a - 1)","Rank Q2",a2/,"Std err. a2","Rank a2",R2,"Std err. R2/Ohm","Rank R2","Q3/F.s^(a - 1)","Std err. Q3/F.s^(a - 1)","Rank Q3",a3/,"Std err. a3","Rank a3",R3,"Std err. R3/Ohm","Rank R3","Q4/F.s^(a - 1)","Std err. Q4/F.s^(a - 1)","Rank Q4",a4/,"Std err. a4","Rank a4",R4,"Std err. R4/Ohm","Rank R4",s5/Ohm.s^-1/2,"Std err. s5/Ohm.s^-1/2","Rank s5",Chi^2/|Z|^2,Chi/sqrt(N)/Ohm
C:\Users\HOME\Desktop\JupyterWorkspace\ALBATROSS_Paper\250925_EIS\2\250926101936_22(3-7).mpr,"Cycle 0",,2.97199988365173,xxxx,0.741176470588235,4.78199990538997E-6,xxxx,0.367647058823529,0.915300011634827,xxxx,0.620588235294118,4.39900016784668,xxxx,0.802941176470588,5.39200009370688E-5,xxxx,0.776470588235294,0.767400026321411,xxxx,1,51.2999992370605,xxxx,0.964705882352941,0.00308640855787622,7.58803788153213E-5,0.602941176470588,0.821675695701795,0.00801711040191119,0.841176470588235,41.8601541115091,0.814826693425804,0.441176470588235,4.19439511190544,0.557948951874256,0.411764705882353,0.0032365282680152,0.394565177005685
,,,,,,,,,,,,,,,,,,,,,,,,,,,,,,,,,,,,,
"Batch mean",,,2.97199988365173,,,4.78199990538997E-6,,,0.915300011634827,,,4.39900016784668,,,5.39200009370688E-5,,,0.767400026321411,,,51.2999992370605,,,0.00308640860021114,,,0.821675717830658,,,41.8601531982422,,,4.19439506530762,,,,
"Batch standard deviation",,,0,,,0,,,0,,,0,,,0,,,0,,,0,,,0,,,0,,,0,,,0,,,,
,,,,,,,,,,,,,,,,,,,,,,,,,,,,,,,,,,,,,
"Equivalent circuit",,,,,,,,,,,,,,,,,,,,,,,,,,,,,,,,,,,,,
R1+Q2/R2+Q3/R3+Q4/R4+W5,,,,,,,,,,,,,,,,,,,,,,,,,,,,,,,,,,,,,
