,,,R1/Ohm,"Std err. R1/Ohm","Rank R1","Q2/F.s^(a - 1)","Std err. Q2/F.s^(a - 1)","Rank Q2",a2/,"Std err. a2","Rank a2",R2,"Std err. R2/Ohm","Rank R2","Q3/F.s^(a - 1)","Std err. Q3/F.s^(a - 1)","Rank Q3",a3/,"Std err. a3","Rank a3",R3,"Std err. R3/Ohm","Rank R3","Q4/F.s^(a - 1)","Std err. Q4/F.s^(a - 1)","Rank Q4",a4/,"Std err. a4","Rank a4",R4,"Std err. R4/Ohm","Rank R4",s5/Ohm.s^-1/2,"Std err. s5/Ohm.s^-1/2","Rank s5",Chi^2/|Z|^2,Chi/sqrt(N)/Ohm
C:\Users\HOME\Desktop\JupyterWorkspace\ALBATROSS_Paper\250925_EIS\2\250926122421_38(5-7).mpr,"Cycle 0",,3.73499989509583,xxxx,0.760932944606414,8.63399964146083E-6,xxxx,0.36734693877551,0.819199979305267,xxxx,0.612244897959184,5.47100019454956,xxxx,0.833819241982507,4.98199988214765E-5,xxxx,0.749271137026239,0.777499973773956,xxxx,1,55.4300003051758,xxxx,0.9533527696793,0.00339823965232678,9.62004363427136E-5,0.571428571428571,0.845313787677296,0.0095490479558199,0.810495626822157,38.4245741779606,0.893254859444533,0.425655976676385,4.58333745877206,0.575471207993134,0.419825072886297,0.00440317517232833,0.453241573503028
,,,,,,,,,,,,,,,,,,,,,,,,,,,,,,,,,,,,,
"Batch mean",,,3.73499989509583,,,8.63399964146083E-6,,,0.819199979305267,,,5.47100019454956,,,4.98199988214765E-5,,,0.777499973773956,,,55.4300003051758,,,0.00339823961257935,,,0.845313787460327,,,38.4245758056641,,,4.58333730697632,,,,
"Batch standard deviation",,,0,,,0,,,0,,,0,,,0,,,0,,,0,,,0,,,0,,,0,,,0,,,,
,,,,,,,,,,,,,,,,,,,,,,,,,,,,,,,,,,,,,
"Equivalent circuit",,,,,,,,,,,,,,,,,,,,,,,,,,,,,,,,,,,,,
R1+Q2/R2+Q3/R3+Q4/R4+W5,,,,,,,,,,,,,,,,,,,,,,,,,,,,,,,,,,,,,
