,,,R1/Ohm,"Std err. R1/Ohm","Rank R1","Q2/F.s^(a - 1)","Std err. Q2/F.s^(a - 1)","Rank Q2",a2/,"Std err. a2","Rank a2",R2,"Std err. R2/Ohm","Rank R2","Q3/F.s^(a - 1)","Std err. Q3/F.s^(a - 1)","Rank Q3",a3/,"Std err. a3","Rank a3",R3,"Std err. R3/Ohm","Rank R3","Q4/F.s^(a - 1)","Std err. Q4/F.s^(a - 1)","Rank Q4",a4/,"Std err. a4","Rank a4",R4,"Std err. R4/Ohm","Rank R4",s5/Ohm.s^-1/2,"Std err. s5/Ohm.s^-1/2","Rank s5",Chi^2/|Z|^2,Chi/sqrt(N)/Ohm
C:\Users\HOME\Desktop\JupyterWorkspace\ALBATROSS_Paper\250925_EIS\2\250926105923_27(4-4).mpr,"Cycle 0",,2.85800004005432,xxxx,0.740524781341108,6.9030002123327E-6,xxxx,0.364431486880466,0.879299998283386,xxxx,0.612244897959184,4.35400009155273,xxxx,0.795918367346939,5.80699997954071E-5,xxxx,0.775510204081633,0.761799991130829,xxxx,1,52.6399993896484,xxxx,0.9533527696793,0.00342961133251894,8.81652278019968E-5,0.591836734693878,0.822293568291255,0.00931848630659212,0.82798833819242,39.3447008607009,0.635305234480848,0.43731778425656,3.96257890782656,0.387902972007369,0.405247813411079,0.00616711760700169,0.412446801839195
,,,,,,,,,,,,,,,,,,,,,,,,,,,,,,,,,,,,,
"Batch mean",,,2.85800004005432,,,6.9030002123327E-6,,,0.879299998283386,,,4.35400009155273,,,5.80699997954071E-5,,,0.761799991130829,,,52.6399993896484,,,0.00342961144633591,,,0.8222935795784,,,39.3446998596191,,,3.96257901191711,,,,
"Batch standard deviation",,,0,,,0,,,0,,,0,,,0,,,0,,,0,,,0,,,0,,,0,,,0,,,,
,,,,,,,,,,,,,,,,,,,,,,,,,,,,,,,,,,,,,
"Equivalent circuit",,,,,,,,,,,,,,,,,,,,,,,,,,,,,,,,,,,,,
R1+Q2/R2+Q3/R3+Q4/R4+W5,,,,,,,,,,,,,,,,,,,,,,,,,,,,,,,,,,,,,
