,,,R1/Ohm,"Std err. R1/Ohm","Rank R1","Q2/F.s^(a - 1)","Std err. Q2/F.s^(a - 1)","Rank Q2",a2/,"Std err. a2","Rank a2",R2,"Std err. R2/Ohm","Rank R2","Q3/F.s^(a - 1)","Std err. Q3/F.s^(a - 1)","Rank Q3",a3/,"Std err. a3","Rank a3",R3,"Std err. R3/Ohm","Rank R3","Q4/F.s^(a - 1)","Std err. Q4/F.s^(a - 1)","Rank Q4",a4/,"Std err. a4","Rank a4",R4,"Std err. R4/Ohm","Rank R4",s5/Ohm.s^-1/2,"Std err. s5/Ohm.s^-1/2","Rank s5",Chi^2/|Z|^2,Chi/sqrt(N)/Ohm
C:\Users\HOME\Desktop\JupyterWorkspace\ALBATROSS_Paper\250925_EIS\2\250926113340_31(4-8).mpr,"Cycle 0",,2.94199991226196,xxxx,0.72106824925816,5.84200006414903E-6,xxxx,0.341246290801187,0.886799991130829,xxxx,0.584569732937685,4.32100009918213,xxxx,0.798219584569733,6.68599968776107E-5,xxxx,0.786350148367953,0.740800023078918,xxxx,1,56.3899993896484,xxxx,0.970326409495549,0.00336338308441063,0.000112567396660675,0.56973293768546,0.867364975094806,0.0125770576529964,0.804154302670623,37.2956294556421,0.954830067993569,0.433234421364985,4.61249228558016,0.601714625131891,0.433234421364985,0.00417392872319688,0.521645612934939
,,,,,,,,,,,,,,,,,,,,,,,,,,,,,,,,,,,,,
"Batch mean",,,2.94199991226196,,,5.84200006414903E-6,,,0.886799991130829,,,4.32100009918213,,,6.68599968776107E-5,,,0.740800023078918,,,56.3899993896484,,,0.00336338300257921,,,0.867365002632141,,,37.2956275939941,,,4.61249208450317,,,,
"Batch standard deviation",,,0,,,0,,,0,,,0,,,0,,,0,,,0,,,0,,,0,,,0,,,0,,,,
,,,,,,,,,,,,,,,,,,,,,,,,,,,,,,,,,,,,,
"Equivalent circuit",,,,,,,,,,,,,,,,,,,,,,,,,,,,,,,,,,,,,
R1+Q2/R2+Q3/R3+Q4/R4+W5,,,,,,,,,,,,,,,,,,,,,,,,,,,,,,,,,,,,,
