,,,R1/Ohm,"Std err. R1/Ohm","Rank R1","Q2/F.s^(a - 1)","Std err. Q2/F.s^(a - 1)","Rank Q2",a2/,"Std err. a2","Rank a2",R2,"Std err. R2/Ohm","Rank R2","Q3/F.s^(a - 1)","Std err. Q3/F.s^(a - 1)","Rank Q3",a3/,"Std err. a3","Rank a3",R3,"Std err. R3/Ohm","Rank R3","Q4/F.s^(a - 1)","Std err. Q4/F.s^(a - 1)","Rank Q4",a4/,"Std err. a4","Rank a4",R4,"Std err. R4/Ohm","Rank R4",s5/Ohm.s^-1/2,"Std err. s5/Ohm.s^-1/2","Rank s5",Chi^2/|Z|^2,Chi/sqrt(N)/Ohm
C:\Users\HOME\Desktop\JupyterWorkspace\ALBATROSS_Paper\250925_EIS\2\250926105124_26(4-3).mpr,"Cycle 0",,2.97499990463257,xxxx,0.752906976744186,2.93900006909098E-6,xxxx,0.343023255813953,0.965499997138977,xxxx,0.581395348837209,3.12100005149841,xxxx,0.761627906976744,5.75000012759119E-5,xxxx,0.781976744186046,0.761600017547607,xxxx,1,51.6599998474121,xxxx,0.956395348837209,0.00376055015286302,8.21186096100947E-5,0.627906976744186,0.789691297084129,0.00738880237100426,0.843023255813954,40.8178885670459,0.675101323342873,0.447674418604651,3.28202911018903,0.401349226565607,0.386627906976744,0.00637014784906596,0.403981291901004
,,,,,,,,,,,,,,,,,,,,,,,,,,,,,,,,,,,,,
"Batch mean",,,2.97499990463257,,,2.93900006909098E-6,,,0.965499997138977,,,3.12100005149841,,,5.75000012759119E-5,,,0.761600017547607,,,51.6599998474121,,,0.00376055017113686,,,0.789691269397736,,,40.8178901672363,,,3.2820291519165,,,,
"Batch standard deviation",,,0,,,0,,,0,,,0,,,0,,,0,,,0,,,0,,,0,,,0,,,0,,,,
,,,,,,,,,,,,,,,,,,,,,,,,,,,,,,,,,,,,,
"Equivalent circuit",,,,,,,,,,,,,,,,,,,,,,,,,,,,,,,,,,,,,
R1+Q2/R2+Q3/R3+Q4/R4+W5,,,,,,,,,,,,,,,,,,,,,,,,,,,,,,,,,,,,,
