,,,R1/Ohm,"Std err. R1/Ohm","Rank R1","Q2/F.s^(a - 1)","Std err. Q2/F.s^(a - 1)","Rank Q2",a2/,"Std err. a2","Rank a2",R2,"Std err. R2/Ohm","Rank R2","Q3/F.s^(a - 1)","Std err. Q3/F.s^(a - 1)","Rank Q3",a3/,"Std err. a3","Rank a3",R3,"Std err. R3/Ohm","Rank R3","Q4/F.s^(a - 1)","Std err. Q4/F.s^(a - 1)","Rank Q4",a4/,"Std err. a4","Rank a4",R4,"Std err. R4/Ohm","Rank R4",s5/Ohm.s^-1/2,"Std err. s5/Ohm.s^-1/2","Rank s5",Chi^2/|Z|^2,Chi/sqrt(N)/Ohm
C:\Users\HOME\Desktop\JupyterWorkspace\ALBATROSS_Paper\250925_EIS\2\250926091723_14(2-7).mpr,"Cycle 0",,2.76399993896484,xxxx,0.73900293255132,4.05599985242588E-6,xxxx,0.36950146627566,0.933300018310547,xxxx,0.618768328445748,4.35900020599365,xxxx,0.80058651026393,5.61199994990602E-5,xxxx,0.780058651026393,0.767000019550323,xxxx,1,51.2799987792969,xxxx,0.958944281524927,0.00365104937618538,8.04217460909633E-5,0.604105571847507,0.805815845203621,0.00698672798355924,0.835777126099707,40.8572050845457,0.611441838527469,0.439882697947214,3.72841292198898,0.371666725170249,0.401759530791789,0.00712722597234263,0.373802773981103
,,,,,,,,,,,,,,,,,,,,,,,,,,,,,,,,,,,,,
"Batch mean",,,2.76399993896484,,,4.05599985242588E-6,,,0.933300018310547,,,4.35900020599365,,,5.61199994990602E-5,,,0.767000019550323,,,51.2799987792969,,,0.00365104945376515,,,0.805815815925598,,,40.8572044372559,,,3.72841286659241,,,,
"Batch standard deviation",,,0,,,0,,,0,,,0,,,0,,,0,,,0,,,0,,,0,,,0,,,0,,,,
,,,,,,,,,,,,,,,,,,,,,,,,,,,,,,,,,,,,,
"Equivalent circuit",,,,,,,,,,,,,,,,,,,,,,,,,,,,,,,,,,,,,
R1+Q2/R2+Q3/R3+Q4/R4+W5,,,,,,,,,,,,,,,,,,,,,,,,,,,,,,,,,,,,,
