,,,R1/Ohm,"Std err. R1/Ohm","Rank R1","Q2/F.s^(a - 1)","Std err. Q2/F.s^(a - 1)","Rank Q2",a2/,"Std err. a2","Rank a2",R2,"Std err. R2/Ohm","Rank R2","Q3/F.s^(a - 1)","Std err. Q3/F.s^(a - 1)","Rank Q3",a3/,"Std err. a3","Rank a3",R3,"Std err. R3/Ohm","Rank R3","Q4/F.s^(a - 1)","Std err. Q4/F.s^(a - 1)","Rank Q4",a4/,"Std err. a4","Rank a4",R4,"Std err. R4/Ohm","Rank R4",s5/Ohm.s^-1/2,"Std err. s5/Ohm.s^-1/2","Rank s5",Chi^2/|Z|^2,Chi/sqrt(N)/Ohm
C:\Users\HOME\Desktop\JupyterWorkspace\ALBATROSS_Paper\250925_EIS\2\250926075604_3(1-4).mpr,"Cycle 0",,3.15100002288818,xxxx,0.751515151515151,4.09399990530801E-6,xxxx,0.345454545454545,0.934599995613098,xxxx,0.593939393939394,4.00400018692017,xxxx,0.796969696969697,6.02299987804145E-5,xxxx,0.775757575757576,0.761300027370453,xxxx,1,48.4799995422363,xxxx,0.987878787878788,0.00361941837880636,9.96899483541452E-5,0.639393939393939,0.785719781627183,0.00915222277071981,0.863636363636364,41.1323831333828,0.76396157859705,0.460606060606061,3.36203560001659,0.440434708726304,0.384848484848485,0.00264078831428166,0.384037687810337
,,,,,,,,,,,,,,,,,,,,,,,,,,,,,,,,,,,,,
"Batch mean",,,3.15100002288818,,,4.09399990530801E-6,,,0.934599995613098,,,4.00400018692017,,,6.02299987804145E-5,,,0.761300027370453,,,48.4799995422363,,,0.0036194184795022,,,0.785719752311707,,,41.132381439209,,,3.36203551292419,,,,
"Batch standard deviation",,,0,,,0,,,0,,,0,,,0,,,0,,,0,,,0,,,0,,,0,,,0,,,,
,,,,,,,,,,,,,,,,,,,,,,,,,,,,,,,,,,,,,
"Equivalent circuit",,,,,,,,,,,,,,,,,,,,,,,,,,,,,,,,,,,,,
R1+Q2/R2+Q3/R3+Q4/R4+W5,,,,,,,,,,,,,,,,,,,,,,,,,,,,,,,,,,,,,
