,,,R1/Ohm,"Std err. R1/Ohm","Rank R1","Q2/F.s^(a - 1)","Std err. Q2/F.s^(a - 1)","Rank Q2",a2/,"Std err. a2","Rank a2",R2,"Std err. R2/Ohm","Rank R2","Q3/F.s^(a - 1)","Std err. Q3/F.s^(a - 1)","Rank Q3",a3/,"Std err. a3","Rank a3",R3,"Std err. R3/Ohm","Rank R3","Q4/F.s^(a - 1)","Std err. Q4/F.s^(a - 1)","Rank Q4",a4/,"Std err. a4","Rank a4",R4,"Std err. R4/Ohm","Rank R4",s5/Ohm.s^-1/2,"Std err. s5/Ohm.s^-1/2","Rank s5",Chi^2/|Z|^2,Chi/sqrt(N)/Ohm
C:\Users\HOME\Desktop\JupyterWorkspace\ALBATROSS_Paper\250925_EIS\2\250926114955_33(5-2).mpr,"Cycle 0",,3.30699992179871,xxxx,0.770348837209302,7.09699997969437E-6,xxxx,0.351744186046512,0.876500010490417,xxxx,0.590116279069768,3.4210000038147,xxxx,0.770348837209302,5.31312317003303E-5,8.69014799342685E-7,0.77906976744186,0.77103354727637,0.00176371022741771,1,53.0700412886321,0.0840053221042002,0.962209302325581,0.00356499990448356,xxxx,0.581395348837209,0.847500026226044,xxxx,0.819767441860465,36.6599998474121,xxxx,0.427325581395349,4.14699983596802,xxxx,0.430232558139535,0.00477052964104952,0.415106876642129
,,,,,,,,,,,,,,,,,,,,,,,,,,,,,,,,,,,,,
"Batch mean",,,3.30699992179871,,,7.09699997969437E-6,,,0.876500010490417,,,3.4210000038147,,,5.31312325620092E-5,,,0.771033525466919,,,53.0700416564941,,,0.00356499990448356,,,0.847500026226044,,,36.6599998474121,,,4.14699983596802,,,,
"Batch standard deviation",,,0,,,0,,,0,,,0,,,0,,,0,,,0,,,0,,,0,,,0,,,0,,,,
,,,,,,,,,,,,,,,,,,,,,,,,,,,,,,,,,,,,,
"Equivalent circuit",,,,,,,,,,,,,,,,,,,,,,,,,,,,,,,,,,,,,
R1+Q2/R2+Q3/R3+Q4/R4+W5,,,,,,,,,,,,,,,,,,,,,,,,,,,,,,,,,,,,,
