,,,R1/Ohm,"Std err. R1/Ohm","Rank R1","Q2/F.s^(a - 1)","Std err. Q2/F.s^(a - 1)","Rank Q2",a2/,"Std err. a2","Rank a2",R2,"Std err. R2/Ohm","Rank R2","Q3/F.s^(a - 1)","Std err. Q3/F.s^(a - 1)","Rank Q3",a3/,"Std err. a3","Rank a3",R3,"Std err. R3/Ohm","Rank R3","Q4/F.s^(a - 1)","Std err. Q4/F.s^(a - 1)","Rank Q4",a4/,"Std err. a4","Rank a4",R4,"Std err. R4/Ohm","Rank R4",s5/Ohm.s^-1/2,"Std err. s5/Ohm.s^-1/2","Rank s5",Chi^2/|Z|^2,Chi/sqrt(N)/Ohm
C:\Users\HOME\Desktop\JupyterWorkspace\ALBATROSS_Paper\250925_EIS\2\250926094743_18(3-3).mpr,"Cycle 0",,2.96378415633762,0.0756404100895222,0.737160120845921,4.86174373336865E-6,1.16226493625101E-6,0.359516616314199,0.912504804291364,0.0219871055318057,0.604229607250755,4.68753921974682,0.108044839757055,0.81570996978852,5.23400012752973E-5,xxxx,0.77643504531722,0.774600028991699,xxxx,1,52.6100006103516,xxxx,0.978851963746223,0.00334999989718199,xxxx,0.595166163141994,0.836499989032745,xxxx,0.833836858006042,40.1100006103516,xxxx,0.450151057401813,4.56199979782104,xxxx,0.425981873111782,0.00425190313958801,0.422610397455901
,,,,,,,,,,,,,,,,,,,,,,,,,,,,,,,,,,,,,
"Batch mean",,,2.96378421783447,,,4.86174394609407E-6,,,0.91250479221344,,,4.68753910064697,,,5.23400012752973E-5,,,0.774600028991699,,,52.6100006103516,,,0.00334999989718199,,,0.836499989032745,,,40.1100006103516,,,4.56199979782104,,,,
"Batch standard deviation",,,0,,,0,,,0,,,0,,,0,,,0,,,0,,,0,,,0,,,0,,,0,,,,
,,,,,,,,,,,,,,,,,,,,,,,,,,,,,,,,,,,,,
"Equivalent circuit",,,,,,,,,,,,,,,,,,,,,,,,,,,,,,,,,,,,,
R1+Q2/R2+Q3/R3+Q4/R4+W5,,,,,,,,,,,,,,,,,,,,,,,,,,,,,,,,,,,,,
