,,,R1/Ohm,"Std err. R1/Ohm","Rank R1","Q2/F.s^(a - 1)","Std err. Q2/F.s^(a - 1)","Rank Q2",a2/,"Std err. a2","Rank a2",R2,"Std err. R2/Ohm","Rank R2","Q3/F.s^(a - 1)","Std err. Q3/F.s^(a - 1)","Rank Q3",a3/,"Std err. a3","Rank a3",R3,"Std err. R3/Ohm","Rank R3","Q4/F.s^(a - 1)","Std err. Q4/F.s^(a - 1)","Rank Q4",a4/,"Std err. a4","Rank a4",R4,"Std err. R4/Ohm","Rank R4",s5/Ohm.s^-1/2,"Std err. s5/Ohm.s^-1/2","Rank s5",Chi^2/|Z|^2,Chi/sqrt(N)/Ohm
C:\Users\HOME\Desktop\JupyterWorkspace\ALBATROSS_Paper\250925_EIS\2\250926082557_7(1-8).mpr,"Cycle 0",,2.79399991035461,xxxx,0.744868035190616,5.57100020159851E-6,xxxx,0.372434017595308,0.899800002574921,xxxx,0.618768328445748,4.59600019454956,xxxx,0.806451612903226,5.16799991601147E-5,xxxx,0.774193548387097,0.778299987316132,xxxx,1,49.2200012207031,xxxx,0.958944281524927,0.00346343763751823,7.16264215790748E-5,0.595307917888563,0.825685800813937,0.00736954835955955,0.824046920821114,38.3588620132942,0.674843693215342,0.439882697947214,3.89657479962666,0.461289051152392,0.413489736070381,0.00837085160235258,0.349589858286121
,,,,,,,,,,,,,,,,,,,,,,,,,,,,,,,,,,,,,
"Batch mean",,,2.79399991035461,,,5.57100020159851E-6,,,0.899800002574921,,,4.59600019454956,,,5.16799991601147E-5,,,0.778299987316132,,,49.2200012207031,,,0.00346343754790723,,,0.825685799121857,,,38.3588638305664,,,3.89657473564148,,,,
"Batch standard deviation",,,0,,,0,,,0,,,0,,,0,,,0,,,0,,,0,,,0,,,0,,,0,,,,
,,,,,,,,,,,,,,,,,,,,,,,,,,,,,,,,,,,,,
"Equivalent circuit",,,,,,,,,,,,,,,,,,,,,,,,,,,,,,,,,,,,,
R1+Q2/R2+Q3/R3+Q4/R4+W5,,,,,,,,,,,,,,,,,,,,,,,,,,,,,,,,,,,,,
