,,,R1/Ohm,"Std err. R1/Ohm","Rank R1","Q2/F.s^(a - 1)","Std err. Q2/F.s^(a - 1)","Rank Q2",a2/,"Std err. a2","Rank a2",R2,"Std err. R2/Ohm","Rank R2","Q3/F.s^(a - 1)","Std err. Q3/F.s^(a - 1)","Rank Q3",a3/,"Std err. a3","Rank a3",R3,"Std err. R3/Ohm","Rank R3","Q4/F.s^(a - 1)","Std err. Q4/F.s^(a - 1)","Rank Q4",a4/,"Std err. a4","Rank a4",R4,"Std err. R4/Ohm","Rank R4",s5/Ohm.s^-1/2,"Std err. s5/Ohm.s^-1/2","Rank s5",Chi^2/|Z|^2,Chi/sqrt(N)/Ohm
C:\Users\HOME\Desktop\JupyterWorkspace\ALBATROSS_Paper\250925_EIS\2\250926123338_39(5-8).mpr,"Cycle 0",,4.23099994659424,xxxx,0.784660766961652,5.9760000112874E-6,xxxx,0.371681415929204,0.848699986934662,xxxx,0.619469026548673,5.58199977874756,xxxx,0.852507374631268,5.01600006828085E-5,xxxx,0.755162241887906,0.775699973106384,xxxx,1,54.0900001525879,xxxx,0.964601769911504,0.00365423468540998,9.448501199804E-5,0.584070796460177,0.825879137384366,0.00858933168657477,0.823008849557522,37.9442606924821,0.820441731425884,0.433628318584071,4.01178909307286,0.54446404356123,0.404129793510324,0.00400514456326644,0.424759547262386
,,,,,,,,,,,,,,,,,,,,,,,,,,,,,,,,,,,,,
"Batch mean",,,4.23099994659424,,,5.9760000112874E-6,,,0.848699986934662,,,5.58199977874756,,,5.01600006828085E-5,,,0.775699973106384,,,54.0900001525879,,,0.00365423457697034,,,0.825879156589508,,,37.9442596435547,,,4.01178932189941,,,,
"Batch standard deviation",,,0,,,0,,,0,,,0,,,0,,,0,,,0,,,0,,,0,,,0,,,0,,,,
,,,,,,,,,,,,,,,,,,,,,,,,,,,,,,,,,,,,,
"Equivalent circuit",,,,,,,,,,,,,,,,,,,,,,,,,,,,,,,,,,,,,
R1+Q2/R2+Q3/R3+Q4/R4+W5,,,,,,,,,,,,,,,,,,,,,,,,,,,,,,,,,,,,,
