,,,R1/Ohm,"Std err. R1/Ohm","Rank R1","Q2/F.s^(a - 1)","Std err. Q2/F.s^(a - 1)","Rank Q2",a2/,"Std err. a2","Rank a2",R2,"Std err. R2/Ohm","Rank R2","Q3/F.s^(a - 1)","Std err. Q3/F.s^(a - 1)","Rank Q3",a3/,"Std err. a3","Rank a3",R3,"Std err. R3/Ohm","Rank R3","Q4/F.s^(a - 1)","Std err. Q4/F.s^(a - 1)","Rank Q4",a4/,"Std err. a4","Rank a4",R4,"Std err. R4/Ohm","Rank R4",s5/Ohm.s^-1/2,"Std err. s5/Ohm.s^-1/2","Rank s5",Chi^2/|Z|^2,Chi/sqrt(N)/Ohm
C:\Users\HOME\Desktop\JupyterWorkspace\ALBATROSS_Paper\250925_EIS\2\250926102810_23(3-8).mpr,"Cycle 0",,3.23399996757507,xxxx,0.738235294117647,2.12800000554125E-6,xxxx,0.379411764705882,0.918600022792816,xxxx,0.629411764705882,7.4539999961853,xxxx,0.882352941176471,5.65800000913441E-5,xxxx,0.744117647058824,0.765399992465973,xxxx,1,53.7299995422363,xxxx,0.947058823529412,0.00333688844992649,7.6651167899829E-5,0.594117647058824,0.806597839253383,0.00711881303110883,0.823529411764706,42.5311350493364,0.654075716256641,0.438235294117647,4.07411042519196,0.417750481723994,0.394117647058823,0.00701511305711236,0.38084873571188
,,,,,,,,,,,,,,,,,,,,,,,,,,,,,,,,,,,,,
"Batch mean",,,3.23399996757507,,,2.12800000554125E-6,,,0.918600022792816,,,7.4539999961853,,,5.65800000913441E-5,,,0.765399992465973,,,53.7299995422363,,,0.00333688850514591,,,0.806597828865051,,,42.531135559082,,,4.07411050796509,,,,
"Batch standard deviation",,,0,,,0,,,0,,,0,,,0,,,0,,,0,,,0,,,0,,,0,,,0,,,,
,,,,,,,,,,,,,,,,,,,,,,,,,,,,,,,,,,,,,
"Equivalent circuit",,,,,,,,,,,,,,,,,,,,,,,,,,,,,,,,,,,,,
R1+Q2/R2+Q3/R3+Q4/R4+W5,,,,,,,,,,,,,,,,,,,,,,,,,,,,,,,,,,,,,
