,,,R1/Ohm,"Std err. R1/Ohm","Rank R1","Q2/F.s^(a - 1)","Std err. Q2/F.s^(a - 1)","Rank Q2",a2/,"Std err. a2","Rank a2",R2,"Std err. R2/Ohm","Rank R2","Q3/F.s^(a - 1)","Std err. Q3/F.s^(a - 1)","Rank Q3",a3/,"Std err. a3","Rank a3",R3,"Std err. R3/Ohm","Rank R3","Q4/F.s^(a - 1)","Std err. Q4/F.s^(a - 1)","Rank Q4",a4/,"Std err. a4","Rank a4",R4,"Std err. R4/Ohm","Rank R4",s5/Ohm.s^-1/2,"Std err. s5/Ohm.s^-1/2","Rank s5",Chi^2/|Z|^2,Chi/sqrt(N)/Ohm
C:\Users\HOME\Desktop\JupyterWorkspace\ALBATROSS_Paper\250925_EIS\2\250926090926_13(2-6).mpr,"Cycle 0",,2.99499988555908,xxxx,0.741935483870968,3.78899994757376E-6,xxxx,0.375366568914956,0.937799990177155,xxxx,0.618768328445748,4.67700004577637,xxxx,0.803519061583578,5.49500000488479E-5,xxxx,0.771260997067449,0.768800020217896,xxxx,1,51.2400016784668,xxxx,0.961876832844575,0.00330031923796271,7.289575678532E-5,0.589442815249267,0.838239761369405,0.007225486383131,0.824046920821114,41.1983734433865,0.771214436418586,0.439882697947214,4.37080662618206,0.520289131880139,0.422287390029326,0.0093593614412433,0.388522464931051
,,,,,,,,,,,,,,,,,,,,,,,,,,,,,,,,,,,,,
"Batch mean",,,2.99499988555908,,,3.78899994757376E-6,,,0.937799990177155,,,4.67700004577637,,,5.49500000488479E-5,,,0.768800020217896,,,51.2400016784668,,,0.00330031919293106,,,0.838239789009094,,,41.198371887207,,,4.37080669403076,,,,
"Batch standard deviation",,,0,,,0,,,0,,,0,,,0,,,0,,,0,,,0,,,0,,,0,,,0,,,,
,,,,,,,,,,,,,,,,,,,,,,,,,,,,,,,,,,,,,
"Equivalent circuit",,,,,,,,,,,,,,,,,,,,,,,,,,,,,,,,,,,,,
R1+Q2/R2+Q3/R3+Q4/R4+W5,,,,,,,,,,,,,,,,,,,,,,,,,,,,,,,,,,,,,
