,,,R1/Ohm,"Std err. R1/Ohm","Rank R1","Q2/F.s^(a - 1)","Std err. Q2/F.s^(a - 1)","Rank Q2",a2/,"Std err. a2","Rank a2",R2,"Std err. R2/Ohm","Rank R2","Q3/F.s^(a - 1)","Std err. Q3/F.s^(a - 1)","Rank Q3",a3/,"Std err. a3","Rank a3",R3,"Std err. R3/Ohm","Rank R3","Q4/F.s^(a - 1)","Std err. Q4/F.s^(a - 1)","Rank Q4",a4/,"Std err. a4","Rank a4",R4,"Std err. R4/Ohm","Rank R4",s5/Ohm.s^-1/2,"Std err. s5/Ohm.s^-1/2","Rank s5",Chi^2/|Z|^2,Chi/sqrt(N)/Ohm
C:\Users\HOME\Desktop\JupyterWorkspace\ALBATROSS_Paper\250925_EIS\2\250926081032_5(1-6).mpr,"Cycle 0",,2.85599994659424,xxxx,0.748538011695906,1.09800002974225E-5,xxxx,0.365497076023392,0.845300018787384,xxxx,0.614035087719298,4.02899980545044,xxxx,0.792397660818713,5.68399991607293E-5,xxxx,0.777777777777778,0.768599987030029,xxxx,1,48.9700012207031,xxxx,0.95906432748538,0.00365723670368221,8.46908186865977E-5,0.596491228070175,0.817665273470212,0.00755722922660897,0.830409356725146,38.5363479827338,0.679122818951158,0.43859649122807,3.84282554276307,0.474956522080293,0.403508771929825,0.00641960456527546,0.338747892474672
,,,,,,,,,,,,,,,,,,,,,,,,,,,,,,,,,,,,,
"Batch mean",,,2.85599994659424,,,1.09800002974225E-5,,,0.845300018787384,,,4.02899980545044,,,5.68399991607293E-5,,,0.768599987030029,,,48.9700012207031,,,0.00365723669528961,,,0.817665278911591,,,38.5363464355469,,,3.84282565116882,,,,
"Batch standard deviation",,,0,,,0,,,0,,,0,,,0,,,0,,,0,,,0,,,0,,,0,,,0,,,,
,,,,,,,,,,,,,,,,,,,,,,,,,,,,,,,,,,,,,
"Equivalent circuit",,,,,,,,,,,,,,,,,,,,,,,,,,,,,,,,,,,,,
R1+Q2/R2+Q3/R3+Q4/R4+W5,,,,,,,,,,,,,,,,,,,,,,,,,,,,,,,,,,,,,
