,,,R1/Ohm,"Std err. R1/Ohm","Rank R1","Q2/F.s^(a - 1)","Std err. Q2/F.s^(a - 1)","Rank Q2",a2/,"Std err. a2","Rank a2",R2,"Std err. R2/Ohm","Rank R2","Q3/F.s^(a - 1)","Std err. Q3/F.s^(a - 1)","Rank Q3",a3/,"Std err. a3","Rank a3",R3,"Std err. R3/Ohm","Rank R3","Q4/F.s^(a - 1)","Std err. Q4/F.s^(a - 1)","Rank Q4",a4/,"Std err. a4","Rank a4",R4,"Std err. R4/Ohm","Rank R4",s5/Ohm.s^-1/2,"Std err. s5/Ohm.s^-1/2","Rank s5",Chi^2/|Z|^2,Chi/sqrt(N)/Ohm
C:\Users\HOME\Desktop\JupyterWorkspace\ALBATROSS_Paper\250925_EIS\2\250926094021_17(3-2).mpr,"Cycle 0",,2.86700010299683,xxxx,0.741935483870968,6.19000002188841E-6,xxxx,0.372434017595308,0.897599995136261,xxxx,0.618768328445748,4.38299989700317,xxxx,0.803519061583578,5.22900008945726E-5,xxxx,0.777126099706745,0.774999976158142,xxxx,1,51.9300003051758,xxxx,0.964809384164223,0.00335118956258776,8.58345923093409E-5,0.589442815249267,0.842192854597014,0.00923099951978652,0.821114369501466,39.6500667509316,0.85636143949417,0.439882697947214,4.25740034221379,0.561180763991011,0.419354838709677,0.0066577420438355,0.426237352764533
,,,,,,,,,,,,,,,,,,,,,,,,,,,,,,,,,,,,,
"Batch mean",,,2.86700010299683,,,6.19000002188841E-6,,,0.897599995136261,,,4.38299989700317,,,5.22900008945726E-5,,,0.774999976158142,,,51.9300003051758,,,0.00335118966177106,,,0.842192828655243,,,39.6500663757324,,,4.25740051269531,,,,
"Batch standard deviation",,,0,,,0,,,0,,,0,,,0,,,0,,,0,,,0,,,0,,,0,,,0,,,,
,,,,,,,,,,,,,,,,,,,,,,,,,,,,,,,,,,,,,
"Equivalent circuit",,,,,,,,,,,,,,,,,,,,,,,,,,,,,,,,,,,,,
R1+Q2/R2+Q3/R3+Q4/R4+W5,,,,,,,,,,,,,,,,,,,,,,,,,,,,,,,,,,,,,
