,,,R1/Ohm,"Std err. R1/Ohm","Rank R1","Q2/F.s^(a - 1)","Std err. Q2/F.s^(a - 1)","Rank Q2",a2/,"Std err. a2","Rank a2",R2,"Std err. R2/Ohm","Rank R2","Q3/F.s^(a - 1)","Std err. Q3/F.s^(a - 1)","Rank Q3",a3/,"Std err. a3","Rank a3",R3,"Std err. R3/Ohm","Rank R3","Q4/F.s^(a - 1)","Std err. Q4/F.s^(a - 1)","Rank Q4",a4/,"Std err. a4","Rank a4",R4,"Std err. R4/Ohm","Rank R4",s5/Ohm.s^-1/2,"Std err. s5/Ohm.s^-1/2","Rank s5",Chi^2/|Z|^2,Chi/sqrt(N)/Ohm
C:\Users\HOME\Desktop\JupyterWorkspace\ALBATROSS_Paper\250925_EIS\2\250926074235_1(1-2).mpr,"Cycle 0",,2.95499992370605,xxxx,0.747800586510264,3.8819998735562E-6,xxxx,0.354838709677419,0.935999989509583,xxxx,0.607038123167155,3.97499990463257,xxxx,0.791788856304985,5.4259999160422E-5,xxxx,0.768328445747801,0.772599995136261,xxxx,1,48.2299995422363,xxxx,0.953079178885631,0.0039491518662959,9.94724675678319E-5,0.645161290322581,0.743648418075155,0.00772756829415281,0.868035190615836,42.6009902519805,0.701331437823856,0.457478005865103,2.44417799175825,0.364713494553057,0.354838709677419,0.0091254246226152,0.456245779579227
,,,,,,,,,,,,,,,,,,,,,,,,,,,,,,,,,,,,,
"Batch mean",,,2.95499992370605,,,3.8819998735562E-6,,,0.935999989509583,,,3.97499990463257,,,5.4259999160422E-5,,,0.772599995136261,,,48.2299995422363,,,0.00394915184006095,,,0.743648409843445,,,42.6009902954102,,,2.44417810440063,,,,
"Batch standard deviation",,,0,,,0,,,0,,,0,,,0,,,0,,,0,,,0,,,0,,,0,,,0,,,,
,,,,,,,,,,,,,,,,,,,,,,,,,,,,,,,,,,,,,
"Equivalent circuit",,,,,,,,,,,,,,,,,,,,,,,,,,,,,,,,,,,,,
R1+Q2/R2+Q3/R3+Q4/R4+W5,,,,,,,,,,,,,,,,,,,,,,,,,,,,,,,,,,,,,
