,,,R1/Ohm,"Std err. R1/Ohm","Rank R1","Q2/F.s^(a - 1)","Std err. Q2/F.s^(a - 1)","Rank Q2",a2/,"Std err. a2","Rank a2",R2,"Std err. R2/Ohm","Rank R2","Q3/F.s^(a - 1)","Std err. Q3/F.s^(a - 1)","Rank Q3",a3/,"Std err. a3","Rank a3",R3,"Std err. R3/Ohm","Rank R3","Q4/F.s^(a - 1)","Std err. Q4/F.s^(a - 1)","Rank Q4",a4/,"Std err. a4","Rank a4",R4,"Std err. R4/Ohm","Rank R4",s5/Ohm.s^-1/2,"Std err. s5/Ohm.s^-1/2","Rank s5",Chi^2/|Z|^2,Chi/sqrt(N)/Ohm
C:\Users\HOME\Desktop\JupyterWorkspace\ALBATROSS_Paper\250925_EIS\2\250926131616_45(6-6).mpr,"Cycle 0",,3.4300000667572,xxxx,0.747800586510264,1.64100001711631E-5,xxxx,0.390029325513196,0.753400027751923,xxxx,0.642228739002932,7.54400014877319,xxxx,0.879765395894428,3.91100002161693E-5,xxxx,0.73900293255132,0.807099997997284,xxxx,1,57.0099983215332,xxxx,0.941348973607038,0.00330131226343907,8.1833622546217E-5,0.571847507331378,0.837070568089351,0.0083029061990575,0.809384164222874,38.5890362855286,0.695209228042846,0.43108504398827,4.11268130935727,0.473927283458247,0.395894428152493,0.00840020421319485,0.367502605541168
,,,,,,,,,,,,,,,,,,,,,,,,,,,,,,,,,,,,,
"Batch mean",,,3.4300000667572,,,1.64100001711631E-5,,,0.753400027751923,,,7.54400014877319,,,3.91100002161693E-5,,,0.807099997997284,,,57.0099983215332,,,0.00330131221562624,,,0.83707058429718,,,38.5890350341797,,,4.11268138885498,,,,
"Batch standard deviation",,,0,,,0,,,0,,,0,,,0,,,0,,,0,,,0,,,0,,,0,,,0,,,,
,,,,,,,,,,,,,,,,,,,,,,,,,,,,,,,,,,,,,
"Equivalent circuit",,,,,,,,,,,,,,,,,,,,,,,,,,,,,,,,,,,,,
R1+Q2/R2+Q3/R3+Q4/R4+W5,,,,,,,,,,,,,,,,,,,,,,,,,,,,,,,,,,,,,
