,,,R1/Ohm,"Std err. R1/Ohm","Rank R1","Q2/F.s^(a - 1)","Std err. Q2/F.s^(a - 1)","Rank Q2",a2/,"Std err. a2","Rank a2",R2,"Std err. R2/Ohm","Rank R2","Q3/F.s^(a - 1)","Std err. Q3/F.s^(a - 1)","Rank Q3",a3/,"Std err. a3","Rank a3",R3,"Std err. R3/Ohm","Rank R3","Q4/F.s^(a - 1)","Std err. Q4/F.s^(a - 1)","Rank Q4",a4/,"Std err. a4","Rank a4",R4,"Std err. R4/Ohm","Rank R4",s5/Ohm.s^-1/2,"Std err. s5/Ohm.s^-1/2","Rank s5",Chi^2/|Z|^2,Chi/sqrt(N)/Ohm
C:\Users\HOME\Desktop\JupyterWorkspace\ALBATROSS_Paper\250925_EIS\2\250926111602_29(4-6).mpr,"Cycle 0",,3.45799994468689,xxxx,0.762463343108504,6.43000021227635E-6,xxxx,0.36950146627566,0.880599975585938,xxxx,0.618768328445748,4.85799980163574,xxxx,0.812316715542522,5.12299993715715E-5,xxxx,0.774193548387097,0.774800002574921,xxxx,1,52.560001373291,xxxx,0.961876832844575,0.00350369469927959,0.000116999026988052,0.577712609970675,0.83308377285595,0.0116546726408653,0.818181818181818,38.4699174619657,0.87496357333174,0.436950146627566,4.33734602274029,0.529177115258608,0.416422287390029,0.00946884155255795,0.464064118646775
,,,,,,,,,,,,,,,,,,,,,,,,,,,,,,,,,,,,,
"Batch mean",,,3.45799994468689,,,6.43000021227635E-6,,,0.880599975585938,,,4.85799980163574,,,5.12299993715715E-5,,,0.774800002574921,,,52.560001373291,,,0.00350369466468692,,,0.833083748817444,,,38.4699172973633,,,4.33734607696533,,,,
"Batch standard deviation",,,0,,,0,,,0,,,0,,,0,,,0,,,0,,,0,,,0,,,0,,,0,,,,
,,,,,,,,,,,,,,,,,,,,,,,,,,,,,,,,,,,,,
"Equivalent circuit",,,,,,,,,,,,,,,,,,,,,,,,,,,,,,,,,,,,,
R1+Q2/R2+Q3/R3+Q4/R4+W5,,,,,,,,,,,,,,,,,,,,,,,,,,,,,,,,,,,,,
