,,,R1/Ohm,"Std err. R1/Ohm","Rank R1","Q2/F.s^(a - 1)","Std err. Q2/F.s^(a - 1)","Rank Q2",a2/,"Std err. a2","Rank a2",R2,"Std err. R2/Ohm","Rank R2","Q3/F.s^(a - 1)","Std err. Q3/F.s^(a - 1)","Rank Q3",a3/,"Std err. a3","Rank a3",R3,"Std err. R3/Ohm","Rank R3","Q4/F.s^(a - 1)","Std err. Q4/F.s^(a - 1)","Rank Q4",a4/,"Std err. a4","Rank a4",R4,"Std err. R4/Ohm","Rank R4",s5/Ohm.s^-1/2,"Std err. s5/Ohm.s^-1/2","Rank s5",Chi^2/|Z|^2,Chi/sqrt(N)/Ohm
C:\Users\HOME\Desktop\JupyterWorkspace\ALBATROSS_Paper\250925_EIS\2\250926132506_46(6-7).mpr,"Cycle 0",,5.16800022125244,xxxx,0.821428571428571,2.8599999495782E-5,xxxx,0.392857142857143,0.713500022888184,xxxx,0.651785714285714,7,xxxx,0.875,3.72399990737904E-5,xxxx,0.741071428571429,0.807900011539459,xxxx,1,54.7400016784668,xxxx,0.961309523809524,0.0034469065514285,7.5529431057694E-5,0.580357142857143,0.820439251117664,0.00771245983113746,0.81547619047619,38.8534058720571,0.78424527241381,0.43452380952381,3.84649725574847,0.540995699770574,0.386904761904762,0.0020795354048283,0.403753762251589
,,,,,,,,,,,,,,,,,,,,,,,,,,,,,,,,,,,,,
"Batch mean",,,5.16800022125244,,,2.8599999495782E-5,,,0.713500022888184,,,7,,,3.72399990737904E-5,,,0.807900011539459,,,54.7400016784668,,,0.00344690657220781,,,0.820439279079437,,,38.8534049987793,,,3.84649729728699,,,,
"Batch standard deviation",,,0,,,0,,,0,,,0,,,0,,,0,,,0,,,0,,,0,,,0,,,0,,,,
,,,,,,,,,,,,,,,,,,,,,,,,,,,,,,,,,,,,,
"Equivalent circuit",,,,,,,,,,,,,,,,,,,,,,,,,,,,,,,,,,,,,
R1+Q2/R2+Q3/R3+Q4/R4+W5,,,,,,,,,,,,,,,,,,,,,,,,,,,,,,,,,,,,,
