,,,R1/Ohm,"Std err. R1/Ohm","Rank R1","Q2/F.s^(a - 1)","Std err. Q2/F.s^(a - 1)","Rank Q2",a2/,"Std err. a2","Rank a2",R2,"Std err. R2/Ohm","Rank R2","Q3/F.s^(a - 1)","Std err. Q3/F.s^(a - 1)","Rank Q3",a3/,"Std err. a3","Rank a3",R3,"Std err. R3/Ohm","Rank R3","Q4/F.s^(a - 1)","Std err. Q4/F.s^(a - 1)","Rank Q4",a4/,"Std err. a4","Rank a4",R4,"Std err. R4/Ohm","Rank R4",s5/Ohm.s^-1/2,"Std err. s5/Ohm.s^-1/2","Rank s5",Chi^2/|Z|^2,Chi/sqrt(N)/Ohm
C:\Users\HOME\Desktop\JupyterWorkspace\ALBATROSS_Paper\250925_EIS\2\250926090144_12(2-5).mpr,"Cycle 0",,3.35500001907349,xxxx,0.775510204081633,5.89000001127715E-6,xxxx,0.352769679300292,0.904699981212616,xxxx,0.591836734693878,3.40700006484985,xxxx,0.760932944606414,4.98400004289579E-5,xxxx,0.778425655976676,0.780600011348724,xxxx,1,51.2999992370605,xxxx,0.959183673469388,0.00360735746088686,8.3190773304651E-5,0.606413994169096,0.820581814438115,0.00869257867114742,0.833819241982507,39.3258480180398,0.754024945726533,0.43731778425656,3.95355331481931,0.463858783529387,0.408163265306122,0.00828848257472888,0.391061754081667
,,,,,,,,,,,,,,,,,,,,,,,,,,,,,,,,,,,,,
"Batch mean",,,3.35500001907349,,,5.89000001127715E-6,,,0.904699981212616,,,3.40700006484985,,,4.98400004289579E-5,,,0.780600011348724,,,51.2999992370605,,,0.00360735738649964,,,0.820581793785095,,,39.3258476257324,,,3.95355319976807,,,,
"Batch standard deviation",,,0,,,0,,,0,,,0,,,0,,,0,,,0,,,0,,,0,,,0,,,0,,,,
,,,,,,,,,,,,,,,,,,,,,,,,,,,,,,,,,,,,,
"Equivalent circuit",,,,,,,,,,,,,,,,,,,,,,,,,,,,,,,,,,,,,
R1+Q2/R2+Q3/R3+Q4/R4+W5,,,,,,,,,,,,,,,,,,,,,,,,,,,,,,,,,,,,,
