,,,R1/Ohm,"Std err. R1/Ohm","Rank R1","Q2/F.s^(a - 1)","Std err. Q2/F.s^(a - 1)","Rank Q2",a2/,"Std err. a2","Rank a2",R2,"Std err. R2/Ohm","Rank R2","Q3/F.s^(a - 1)","Std err. Q3/F.s^(a - 1)","Rank Q3",a3/,"Std err. a3","Rank a3",R3,"Std err. R3/Ohm","Rank R3","Q4/F.s^(a - 1)","Std err. Q4/F.s^(a - 1)","Rank Q4",a4/,"Std err. a4","Rank a4",R4,"Std err. R4/Ohm","Rank R4",s5/Ohm.s^-1/2,"Std err. s5/Ohm.s^-1/2","Rank s5",Chi^2/|Z|^2,Chi/sqrt(N)/Ohm
C:\Users\HOME\Desktop\JupyterWorkspace\ALBATROSS_Paper\250925_EIS\2\250926112444_30(4-7).mpr,"Cycle 0",,3.07399988174438,xxxx,0.744868035190616,7.60300008550985E-6,xxxx,0.372434017595308,0.866500020027161,xxxx,0.621700879765396,4.96600008010864,xxxx,0.81524926686217,5.26199983141851E-5,xxxx,0.777126099706745,0.772700011730194,xxxx,1,53.1399993896484,xxxx,0.964809384164223,0.00334961981627766,7.25296590856599E-5,0.580645161290323,0.843390023848064,0.00741520271234906,0.818181818181818,38.1975586830969,0.730416276266349,0.436950146627566,4.28744960052081,0.50433412534043,0.416422287390029,0.00387746851552592,0.395212221603345
,,,,,,,,,,,,,,,,,,,,,,,,,,,,,,,,,,,,,
"Batch mean",,,3.07399988174438,,,7.60300008550985E-6,,,0.866500020027161,,,4.96600008010864,,,5.26199983141851E-5,,,0.772700011730194,,,53.1399993896484,,,0.00334961991757154,,,0.843390047550201,,,38.1975593566895,,,4.28744983673096,,,,
"Batch standard deviation",,,0,,,0,,,0,,,0,,,0,,,0,,,0,,,0,,,0,,,0,,,0,,,,
,,,,,,,,,,,,,,,,,,,,,,,,,,,,,,,,,,,,,
"Equivalent circuit",,,,,,,,,,,,,,,,,,,,,,,,,,,,,,,,,,,,,
R1+Q2/R2+Q3/R3+Q4/R4+W5,,,,,,,,,,,,,,,,,,,,,,,,,,,,,,,,,,,,,
