,,,R1/Ohm,"Std err. R1/Ohm","Rank R1","Q2/F.s^(a - 1)","Std err. Q2/F.s^(a - 1)","Rank Q2",a2/,"Std err. a2","Rank a2",R2,"Std err. R2/Ohm","Rank R2","Q3/F.s^(a - 1)","Std err. Q3/F.s^(a - 1)","Rank Q3",a3/,"Std err. a3","Rank a3",R3,"Std err. R3/Ohm","Rank R3","Q4/F.s^(a - 1)","Std err. Q4/F.s^(a - 1)","Rank Q4",a4/,"Std err. a4","Rank a4",R4,"Std err. R4/Ohm","Rank R4",s5/Ohm.s^-1/2,"Std err. s5/Ohm.s^-1/2","Rank s5",Chi^2/|Z|^2,Chi/sqrt(N)/Ohm
C:\Users\HOME\Desktop\JupyterWorkspace\ALBATROSS_Paper\250925_EIS\2\250926103611_24(4-1).mpr,"Cycle 0",,2.93600010871887,xxxx,0.741935483870968,3.04400009554229E-6,xxxx,0.357771260997067,0.957199990749359,xxxx,0.604105571847507,4.0939998626709,xxxx,0.794721407624633,5.39300017408095E-5,xxxx,0.780058651026393,0.768499970436096,xxxx,1,52.1599998474121,xxxx,0.958944281524927,0.00371321954078815,0.000101772224524721,0.621700879765396,0.787741339595201,0.00940245018404431,0.844574780058651,41.4883253718953,0.739613734558157,0.448680351906158,3.7765471201407,0.433616985706444,0.395894428152493,0.00944413240386296,0.431565594837166
,,,,,,,,,,,,,,,,,,,,,,,,,,,,,,,,,,,,,
"Batch mean",,,2.93600010871887,,,3.04400009554229E-6,,,0.957199990749359,,,4.0939998626709,,,5.39300017408095E-5,,,0.768499970436096,,,52.1599998474121,,,0.00371321942657232,,,0.787741363048553,,,41.4883270263672,,,3.77654719352722,,,,
"Batch standard deviation",,,0,,,0,,,0,,,0,,,0,,,0,,,0,,,0,,,0,,,0,,,0,,,,
,,,,,,,,,,,,,,,,,,,,,,,,,,,,,,,,,,,,,
"Equivalent circuit",,,,,,,,,,,,,,,,,,,,,,,,,,,,,,,,,,,,,
R1+Q2/R2+Q3/R3+Q4/R4+W5,,,,,,,,,,,,,,,,,,,,,,,,,,,,,,,,,,,,,
