,,,R1/Ohm,"Std err. R1/Ohm","Rank R1","Q2/F.s^(a - 1)","Std err. Q2/F.s^(a - 1)","Rank Q2",a2/,"Std err. a2","Rank a2",R2,"Std err. R2/Ohm","Rank R2","Q3/F.s^(a - 1)","Std err. Q3/F.s^(a - 1)","Rank Q3",a3/,"Std err. a3","Rank a3",R3,"Std err. R3/Ohm","Rank R3","Q4/F.s^(a - 1)","Std err. Q4/F.s^(a - 1)","Rank Q4",a4/,"Std err. a4","Rank a4",R4,"Std err. R4/Ohm","Rank R4",s5/Ohm.s^-1/2,"Std err. s5/Ohm.s^-1/2","Rank s5",Chi^2/|Z|^2,Chi/sqrt(N)/Ohm
C:\Users\HOME\Desktop\JupyterWorkspace\ALBATROSS_Paper\250925_EIS\2\250926083314_8(2-1).mpr,"Cycle 0",,2.804127539166,0.0621705243605577,0.737160120845921,6.15851484070004E-6,1.09001093047246E-6,0.359516616314199,0.896898967102126,0.0162441707727908,0.604229607250755,4.53521239823284,0.0887958462628348,0.812688821752266,5.44700014870614E-5,xxxx,0.77643504531722,0.772899985313416,xxxx,1,49.8300018310547,xxxx,0.981873111782477,0.00336099998094141,xxxx,0.601208459214502,0.832400023937225,xxxx,0.833836858006042,39.0499992370605,xxxx,0.450151057401813,4.17500019073486,xxxx,0.419939577039275,0.00395504628937881,0.357617650440258
,,,,,,,,,,,,,,,,,,,,,,,,,,,,,,,,,,,,,
"Batch mean",,,2.80412745475769,,,6.15851467955508E-6,,,0.896898984909058,,,4.53521251678467,,,5.44700014870614E-5,,,0.772899985313416,,,49.8300018310547,,,0.00336099998094141,,,0.832400023937225,,,39.0499992370605,,,4.17500019073486,,,,
"Batch standard deviation",,,0,,,0,,,0,,,0,,,0,,,0,,,0,,,0,,,0,,,0,,,0,,,,
,,,,,,,,,,,,,,,,,,,,,,,,,,,,,,,,,,,,,
"Equivalent circuit",,,,,,,,,,,,,,,,,,,,,,,,,,,,,,,,,,,,,
R1+Q2/R2+Q3/R3+Q4/R4+W5,,,,,,,,,,,,,,,,,,,,,,,,,,,,,,,,,,,,,
