,,,R1/Ohm,"Std err. R1/Ohm","Rank R1","Q2/F.s^(a - 1)","Std err. Q2/F.s^(a - 1)","Rank Q2",a2/,"Std err. a2","Rank a2",R2,"Std err. R2/Ohm","Rank R2","Q3/F.s^(a - 1)","Std err. Q3/F.s^(a - 1)","Rank Q3",a3/,"Std err. a3","Rank a3",R3,"Std err. R3/Ohm","Rank R3","Q4/F.s^(a - 1)","Std err. Q4/F.s^(a - 1)","Rank Q4",a4/,"Std err. a4","Rank a4",R4,"Std err. R4/Ohm","Rank R4",s5/Ohm.s^-1/2,"Std err. s5/Ohm.s^-1/2","Rank s5",Chi^2/|Z|^2,Chi/sqrt(N)/Ohm
C:\Users\HOME\Desktop\JupyterWorkspace\ALBATROSS_Paper\250925_EIS\2\250926084700_10(2-3).mpr,"Cycle 0",,2.66155581036197,0.0764825993338255,0.727272727272727,1.63623937792636E-5,2.34234881641238E-6,0.366666666666667,0.780265146120171,0.0136785029042259,0.618181818181818,5.67501153096189,0.103628290655076,0.854545454545454,5.26600015291478E-5,xxxx,0.763636363636364,0.775799989700317,xxxx,1,50.2700004577637,xxxx,0.978787878787879,0.00362799991853535,xxxx,0.615151515151515,0.804799973964691,xxxx,0.839393939393939,39.8499984741211,xxxx,0.448484848484849,3.7039999961853,xxxx,0.387878787878788,0.00239272652858265,0.38459296298166
,,,,,,,,,,,,,,,,,,,,,,,,,,,,,,,,,,,,,
"Batch mean",,,2.66155576705933,,,1.63623935804935E-5,,,0.780265152454376,,,5.67501163482666,,,5.26600015291478E-5,,,0.775799989700317,,,50.2700004577637,,,0.00362799991853535,,,0.804799973964691,,,39.8499984741211,,,3.7039999961853,,,,
"Batch standard deviation",,,0,,,0,,,0,,,0,,,0,,,0,,,0,,,0,,,0,,,0,,,0,,,,
,,,,,,,,,,,,,,,,,,,,,,,,,,,,,,,,,,,,,
"Equivalent circuit",,,,,,,,,,,,,,,,,,,,,,,,,,,,,,,,,,,,,
R1+Q2/R2+Q3/R3+Q4/R4+W5,,,,,,,,,,,,,,,,,,,,,,,,,,,,,,,,,,,,,
