,,,R1/Ohm,"Std err. R1/Ohm","Rank R1","Q2/F.s^(a - 1)","Std err. Q2/F.s^(a - 1)","Rank Q2",a2/,"Std err. a2","Rank a2",R2,"Std err. R2/Ohm","Rank R2","Q3/F.s^(a - 1)","Std err. Q3/F.s^(a - 1)","Rank Q3",a3/,"Std err. a3","Rank a3",R3,"Std err. R3/Ohm","Rank R3","Q4/F.s^(a - 1)","Std err. Q4/F.s^(a - 1)","Rank Q4",a4/,"Std err. a4","Rank a4",R4,"Std err. R4/Ohm","Rank R4",s5/Ohm.s^-1/2,"Std err. s5/Ohm.s^-1/2","Rank s5",Chi^2/|Z|^2,Chi/sqrt(N)/Ohm
C:\Users\HOME\Desktop\JupyterWorkspace\ALBATROSS_Paper\250925_EIS\2\250926121517_37(5-6).mpr,"Cycle 0",,3.29900002479553,xxxx,0.75366568914956,5.73899978917325E-6,xxxx,0.378299120234604,0.891300022602081,xxxx,0.624633431085044,5.15399980545044,xxxx,0.818181818181818,4.30899999628309E-5,xxxx,0.768328445747801,0.79229998588562,xxxx,1,55.8800010681152,xxxx,0.958944281524927,0.00329190836853591,9.3250508558939E-5,0.577712609970675,0.849720442054791,0.0102459517375554,0.81524926686217,39.2966125822637,0.902711237928311,0.434017595307918,4.26608955262762,0.643171719083869,0.419354838709677,0.00775098252482396,0.461930335935499
,,,,,,,,,,,,,,,,,,,,,,,,,,,,,,,,,,,,,
"Batch mean",,,3.29900002479553,,,5.73899978917325E-6,,,0.891300022602081,,,5.15399980545044,,,4.30899999628309E-5,,,0.79229998588562,,,55.8800010681152,,,0.0032919084187597,,,0.849720418453217,,,39.2966117858887,,,4.26608943939209,,,,
"Batch standard deviation",,,0,,,0,,,0,,,0,,,0,,,0,,,0,,,0,,,0,,,0,,,0,,,,
,,,,,,,,,,,,,,,,,,,,,,,,,,,,,,,,,,,,,
"Equivalent circuit",,,,,,,,,,,,,,,,,,,,,,,,,,,,,,,,,,,,,
R1+Q2/R2+Q3/R3+Q4/R4+W5,,,,,,,,,,,,,,,,,,,,,,,,,,,,,,,,,,,,,
