,,,R1/Ohm,"Std err. R1/Ohm","Rank R1","Q2/F.s^(a - 1)","Std err. Q2/F.s^(a - 1)","Rank Q2",a2/,"Std err. a2","Rank a2",R2,"Std err. R2/Ohm","Rank R2","Q3/F.s^(a - 1)","Std err. Q3/F.s^(a - 1)","Rank Q3",a3/,"Std err. a3","Rank a3",R3,"Std err. R3/Ohm","Rank R3","Q4/F.s^(a - 1)","Std err. Q4/F.s^(a - 1)","Rank Q4",a4/,"Std err. a4","Rank a4",R4,"Std err. R4/Ohm","Rank R4",s5/Ohm.s^-1/2,"Std err. s5/Ohm.s^-1/2","Rank s5",Chi^2/|Z|^2,Chi/sqrt(N)/Ohm
C:\Users\HOME\Desktop\JupyterWorkspace\ALBATROSS_Paper\250925_EIS\2\250926101116_21(3-6).mpr,"Cycle 0",,3,xxxx,0.733532934131736,1.6699999832781E-5,xxxx,0.362275449101796,0.788299977779388,xxxx,0.607784431137725,5.2020001411438,xxxx,0.826347305389222,4.78100009786431E-5,xxxx,0.763473053892216,0.785799980163574,xxxx,1,54.1500015258789,xxxx,0.967065868263473,0.00341674594079986,7.58387309344385E-5,0.580838323353293,0.843260845902619,0.00819141261547467,0.820359281437126,38.2636227792888,0.743054748428654,0.437125748502994,4.25779698898084,0.490988733679933,0.410179640718563,0.00184128983856811,0.39633503167091
,,,,,,,,,,,,,,,,,,,,,,,,,,,,,,,,,,,,,
"Batch mean",,,3,,,1.6699999832781E-5,,,0.788299977779388,,,5.2020001411438,,,4.78100009786431E-5,,,0.785799980163574,,,54.1500015258789,,,0.00341674592345953,,,0.843260824680328,,,38.2636222839355,,,4.25779676437378,,,,
"Batch standard deviation",,,0,,,0,,,0,,,0,,,0,,,0,,,0,,,0,,,0,,,0,,,0,,,,
,,,,,,,,,,,,,,,,,,,,,,,,,,,,,,,,,,,,,
"Equivalent circuit",,,,,,,,,,,,,,,,,,,,,,,,,,,,,,,,,,,,,
R1+Q2/R2+Q3/R3+Q4/R4+W5,,,,,,,,,,,,,,,,,,,,,,,,,,,,,,,,,,,,,
