,,,R1/Ohm,"Std err. R1/Ohm","Rank R1","Q2/F.s^(a - 1)","Std err. Q2/F.s^(a - 1)","Rank Q2",a2/,"Std err. a2","Rank a2",R2,"Std err. R2/Ohm","Rank R2","Q3/F.s^(a - 1)","Std err. Q3/F.s^(a - 1)","Rank Q3",a3/,"Std err. a3","Rank a3",R3,"Std err. R3/Ohm","Rank R3","Q4/F.s^(a - 1)","Std err. Q4/F.s^(a - 1)","Rank Q4",a4/,"Std err. a4","Rank a4",R4,"Std err. R4/Ohm","Rank R4",s5/Ohm.s^-1/2,"Std err. s5/Ohm.s^-1/2","Rank s5",Chi^2/|Z|^2,Chi/sqrt(N)/Ohm
C:\Users\HOME\Desktop\JupyterWorkspace\ALBATROSS_Paper\250925_EIS\2\250926093314_16(3-1).mpr,"Cycle 0",,2.80100011825562,xxxx,0.740963855421687,7.26300004316727E-6,xxxx,0.349397590361446,0.88289999961853,xxxx,0.596385542168675,4.01800012588501,xxxx,0.801204819277108,5.35500003024936E-5,xxxx,0.780120481927711,0.771899998188019,xxxx,1,51.0400009155273,xxxx,0.984939759036145,0.00352059346014572,6.91334377343479E-5,0.605421686746988,0.821683987182998,0.00672837313624367,0.840361445783133,40.052106970835,0.693703068603212,0.448795180722892,3.854426039467,0.45569927563061,0.406626506024096,0.00180835228450928,0.350961380332018
,,,,,,,,,,,,,,,,,,,,,,,,,,,,,,,,,,,,,
"Batch mean",,,2.80100011825562,,,7.26300004316727E-6,,,0.88289999961853,,,4.01800012588501,,,5.35500003024936E-5,,,0.771899998188019,,,51.0400009155273,,,0.00352059351280332,,,0.821684002876282,,,40.0521087646484,,,3.85442614555359,,,,
"Batch standard deviation",,,0,,,0,,,0,,,0,,,0,,,0,,,0,,,0,,,0,,,0,,,0,,,,
,,,,,,,,,,,,,,,,,,,,,,,,,,,,,,,,,,,,,
"Equivalent circuit",,,,,,,,,,,,,,,,,,,,,,,,,,,,,,,,,,,,,
R1+Q2/R2+Q3/R3+Q4/R4+W5,,,,,,,,,,,,,,,,,,,,,,,,,,,,,,,,,,,,,
