,,,R1/Ohm,"Std err. R1/Ohm","Rank R1","Q2/F.s^(a - 1)","Std err. Q2/F.s^(a - 1)","Rank Q2",a2/,"Std err. a2","Rank a2",R2,"Std err. R2/Ohm","Rank R2","Q3/F.s^(a - 1)","Std err. Q3/F.s^(a - 1)","Rank Q3",a3/,"Std err. a3","Rank a3",R3,"Std err. R3/Ohm","Rank R3","Q4/F.s^(a - 1)","Std err. Q4/F.s^(a - 1)","Rank Q4",a4/,"Std err. a4","Rank a4",R4,"Std err. R4/Ohm","Rank R4",s5/Ohm.s^-1/2,"Std err. s5/Ohm.s^-1/2","Rank s5",Chi^2/|Z|^2,Chi/sqrt(N)/Ohm
C:\Users\HOME\Desktop\JupyterWorkspace\ALBATROSS_Paper\250925_EIS\2\250926110735_28(4-5).mpr,"Cycle 0",,3.02999997138977,xxxx,0.752186588921283,1.2800000149582E-5,xxxx,0.349854227405248,0.817200005054474,xxxx,0.588921282798834,3.53099989891052,xxxx,0.78134110787172,5.39899992872961E-5,xxxx,0.78134110787172,0.76690000295639,xxxx,1,50.9000015258789,xxxx,0.962099125364431,0.00370100924984408,8.94646417378902E-5,0.612244897959184,0.805158394324717,0.00802777492288623,0.836734693877551,39.8493997818551,0.847407888315671,0.43731778425656,3.69925274240425,0.549334660547913,0.402332361516035,0.00285669661693246,0.390637209042776
,,,,,,,,,,,,,,,,,,,,,,,,,,,,,,,,,,,,,
"Batch mean",,,3.02999997138977,,,1.2800000149582E-5,,,0.817200005054474,,,3.53099989891052,,,5.39899992872961E-5,,,0.76690000295639,,,50.9000015258789,,,0.00370100932195783,,,0.805158376693726,,,39.8493995666504,,,3.69925284385681,,,,
"Batch standard deviation",,,0,,,0,,,0,,,0,,,0,,,0,,,0,,,0,,,0,,,0,,,0,,,,
,,,,,,,,,,,,,,,,,,,,,,,,,,,,,,,,,,,,,
"Equivalent circuit",,,,,,,,,,,,,,,,,,,,,,,,,,,,,,,,,,,,,
R1+Q2/R2+Q3/R3+Q4/R4+W5,,,,,,,,,,,,,,,,,,,,,,,,,,,,,,,,,,,,,
