,,,R1/Ohm,"Std err. R1/Ohm","Rank R1","Q2/F.s^(a - 1)","Std err. Q2/F.s^(a - 1)","Rank Q2",a2/,"Std err. a2","Rank a2",R2,"Std err. R2/Ohm","Rank R2","Q3/F.s^(a - 1)","Std err. Q3/F.s^(a - 1)","Rank Q3",a3/,"Std err. a3","Rank a3",R3,"Std err. R3/Ohm","Rank R3","Q4/F.s^(a - 1)","Std err. Q4/F.s^(a - 1)","Rank Q4",a4/,"Std err. a4","Rank a4",R4,"Std err. R4/Ohm","Rank R4",s5/Ohm.s^-1/2,"Std err. s5/Ohm.s^-1/2","Rank s5",Chi^2/|Z|^2,Chi/sqrt(N)/Ohm
C:\Users\HOME\Desktop\JupyterWorkspace\ALBATROSS_Paper\250925_EIS\2\250926081807_6(1-7).mpr,"Cycle 0",,2.61700010299683,xxxx,0.738235294117647,2.70500004262431E-5,xxxx,0.388235294117647,0.742799997329712,xxxx,0.644117647058824,5.77799987792969,xxxx,0.852941176470588,4.85099990328308E-5,xxxx,0.755882352941176,0.787500023841858,xxxx,1,51.1500015258789,xxxx,0.958823529411765,0.00328311579327984,8.60778695937027E-5,0.573529411764706,0.849780141482984,0.0086231594014942,0.811764705882353,38.5874613419605,0.749328179369138,0.432352941176471,4.52133457736428,0.457034650463391,0.414705882352941,0.00690167957837175,0.395023151892175
,,,,,,,,,,,,,,,,,,,,,,,,,,,,,,,,,,,,,
"Batch mean",,,2.61700010299683,,,2.70500004262431E-5,,,0.742799997329712,,,5.77799987792969,,,4.85099990328308E-5,,,0.787500023841858,,,51.1500015258789,,,0.00328311580233276,,,0.849780142307281,,,38.587459564209,,,4.52133464813232,,,,
"Batch standard deviation",,,0,,,0,,,0,,,0,,,0,,,0,,,0,,,0,,,0,,,0,,,0,,,,
,,,,,,,,,,,,,,,,,,,,,,,,,,,,,,,,,,,,,
"Equivalent circuit",,,,,,,,,,,,,,,,,,,,,,,,,,,,,,,,,,,,,
R1+Q2/R2+Q3/R3+Q4/R4+W5,,,,,,,,,,,,,,,,,,,,,,,,,,,,,,,,,,,,,
