,,,R1/Ohm,"Std err. R1/Ohm","Rank R1","Q2/F.s^(a - 1)","Std err. Q2/F.s^(a - 1)","Rank Q2",a2/,"Std err. a2","Rank a2",R2,"Std err. R2/Ohm","Rank R2","Q3/F.s^(a - 1)","Std err. Q3/F.s^(a - 1)","Rank Q3",a3/,"Std err. a3","Rank a3",R3,"Std err. R3/Ohm","Rank R3","Q4/F.s^(a - 1)","Std err. Q4/F.s^(a - 1)","Rank Q4",a4/,"Std err. a4","Rank a4",R4,"Std err. R4/Ohm","Rank R4",s5/Ohm.s^-1/2,"Std err. s5/Ohm.s^-1/2","Rank s5",Chi^2/|Z|^2,Chi/sqrt(N)/Ohm
C:\Users\HOME\Desktop\JupyterWorkspace\ALBATROSS_Paper\250925_EIS\2\250926125907_42(6-3).mpr,"Cycle 0",,3.00200009346008,xxxx,0.741935483870968,1.27499997688574E-5,xxxx,0.375366568914956,0.779999971389771,xxxx,0.6158357771261,5.90000009536743,xxxx,0.86217008797654,4.5259999751579E-5,xxxx,0.750733137829912,0.785399973392487,xxxx,1,54.2900009155273,xxxx,0.958944281524927,0.00347765567939931,7.21776821162722E-5,0.589442815249267,0.830797702468804,0.00773652532907027,0.821114369501466,38.9911821060825,0.666601296639766,0.434017595307918,3.95970196851592,0.437784118101659,0.398826979472141,0.00242836718107995,0.370417015088441
,,,,,,,,,,,,,,,,,,,,,,,,,,,,,,,,,,,,,
"Batch mean",,,3.00200009346008,,,1.27499997688574E-5,,,0.779999971389771,,,5.90000009536743,,,4.5259999751579E-5,,,0.785399973392487,,,54.2900009155273,,,0.0034776555839926,,,0.830797731876373,,,38.9911804199219,,,3.9597020149231,,,,
"Batch standard deviation",,,0,,,0,,,0,,,0,,,0,,,0,,,0,,,0,,,0,,,0,,,0,,,,
,,,,,,,,,,,,,,,,,,,,,,,,,,,,,,,,,,,,,
"Equivalent circuit",,,,,,,,,,,,,,,,,,,,,,,,,,,,,,,,,,,,,
R1+Q2/R2+Q3/R3+Q4/R4+W5,,,,,,,,,,,,,,,,,,,,,,,,,,,,,,,,,,,,,
