,,,R1/Ohm,"Std err. R1/Ohm","Rank R1","Q2/F.s^(a - 1)","Std err. Q2/F.s^(a - 1)","Rank Q2",a2/,"Std err. a2","Rank a2",R2,"Std err. R2/Ohm","Rank R2","Q3/F.s^(a - 1)","Std err. Q3/F.s^(a - 1)","Rank Q3",a3/,"Std err. a3","Rank a3",R3,"Std err. R3/Ohm","Rank R3","Q4/F.s^(a - 1)","Std err. Q4/F.s^(a - 1)","Rank Q4",a4/,"Std err. a4","Rank a4",R4,"Std err. R4/Ohm","Rank R4",s5/Ohm.s^-1/2,"Std err. s5/Ohm.s^-1/2","Rank s5",Chi^2/|Z|^2,Chi/sqrt(N)/Ohm
C:\Users\HOME\Desktop\JupyterWorkspace\ALBATROSS_Paper\250925_EIS\2\250926130740_44(6-5).mpr,"Cycle 0",,3.33999991416931,xxxx,0.746268656716418,3.40299993695226E-6,xxxx,0.340298507462687,0.94760000705719,xxxx,0.582089552238806,3.77600002288818,xxxx,0.785074626865672,5.50699987797998E-5,xxxx,0.773134328358209,0.766200006008148,xxxx,1,53.4799995422363,xxxx,0.976119402985075,0.00349398235984654,9.33529113080585E-5,0.6,0.832304427969617,0.0090472789608233,0.826865671641791,37.8385116356675,0.648701140982675,0.441791044776119,4.068017945068,0.403832978202968,0.414925373134328,0.00369920807697622,0.433604538614115
,,,,,,,,,,,,,,,,,,,,,,,,,,,,,,,,,,,,,
"Batch mean",,,3.33999991416931,,,3.40299993695226E-6,,,0.94760000705719,,,3.77600002288818,,,5.50699987797998E-5,,,0.766200006008148,,,53.4799995422363,,,0.00349398236721754,,,0.832304418087006,,,37.8385124206543,,,4.06801795959473,,,,
"Batch standard deviation",,,0,,,0,,,0,,,0,,,0,,,0,,,0,,,0,,,0,,,0,,,0,,,,
,,,,,,,,,,,,,,,,,,,,,,,,,,,,,,,,,,,,,
"Equivalent circuit",,,,,,,,,,,,,,,,,,,,,,,,,,,,,,,,,,,,,
R1+Q2/R2+Q3/R3+Q4/R4+W5,,,,,,,,,,,,,,,,,,,,,,,,,,,,,,,,,,,,,
