,,,R1/Ohm,"Std err. R1/Ohm","Rank R1","Q2/F.s^(a - 1)","Std err. Q2/F.s^(a - 1)","Rank Q2",a2/,"Std err. a2","Rank a2",R2,"Std err. R2/Ohm","Rank R2","Q3/F.s^(a - 1)","Std err. Q3/F.s^(a - 1)","Rank Q3",a3/,"Std err. a3","Rank a3",R3,"Std err. R3/Ohm","Rank R3","Q4/F.s^(a - 1)","Std err. Q4/F.s^(a - 1)","Rank Q4",a4/,"Std err. a4","Rank a4",R4,"Std err. R4/Ohm","Rank R4",s5/Ohm.s^-1/2,"Std err. s5/Ohm.s^-1/2","Rank s5",Chi^2/|Z|^2,Chi/sqrt(N)/Ohm
C:\Users\HOME\Desktop\JupyterWorkspace\ALBATROSS_Paper\250925_EIS\2\250926100310_20(3-5).mpr,"Cycle 0",,3.40499997138977,xxxx,0.757309941520468,5.00499982081237E-6,xxxx,0.359649122807018,0.886099994182587,xxxx,0.60233918128655,4.33400011062622,xxxx,0.812865497076023,5.48899988643825E-5,xxxx,0.763157894736842,0.768899977207184,xxxx,1,51.8400001525879,xxxx,0.95906432748538,0.00353169692765068,0.000113570968576779,0.60233918128655,0.822091341106174,0.00998481734776879,0.830409356725146,39.5718864763913,0.911999330490989,0.435672514619883,3.89604668191321,0.587200613763267,0.403508771929825,0.0049656591224366,0.42954078531785
,,,,,,,,,,,,,,,,,,,,,,,,,,,,,,,,,,,,,
"Batch mean",,,3.40499997138977,,,5.00499982081237E-6,,,0.886099994182587,,,4.33400011062622,,,5.48899988643825E-5,,,0.768899977207184,,,51.8400001525879,,,0.00353169697336853,,,0.822091341018677,,,39.5718879699707,,,3.89604663848877,,,,
"Batch standard deviation",,,0,,,0,,,0,,,0,,,0,,,0,,,0,,,0,,,0,,,0,,,0,,,,
,,,,,,,,,,,,,,,,,,,,,,,,,,,,,,,,,,,,,
"Equivalent circuit",,,,,,,,,,,,,,,,,,,,,,,,,,,,,,,,,,,,,
R1+Q2/R2+Q3/R3+Q4/R4+W5,,,,,,,,,,,,,,,,,,,,,,,,,,,,,,,,,,,,,
