,,,R1/Ohm,"Std err. R1/Ohm","Rank R1","Q2/F.s^(a - 1)","Std err. Q2/F.s^(a - 1)","Rank Q2",a2/,"Std err. a2","Rank a2",R2,"Std err. R2/Ohm","Rank R2","Q3/F.s^(a - 1)","Std err. Q3/F.s^(a - 1)","Rank Q3",a3/,"Std err. a3","Rank a3",R3,"Std err. R3/Ohm","Rank R3","Q4/F.s^(a - 1)","Std err. Q4/F.s^(a - 1)","Rank Q4",a4/,"Std err. a4","Rank a4",R4,"Std err. R4/Ohm","Rank R4",s5/Ohm.s^-1/2,"Std err. s5/Ohm.s^-1/2","Rank s5",Chi^2/|Z|^2,Chi/sqrt(N)/Ohm
C:\Users\HOME\Desktop\JupyterWorkspace\ALBATROSS_Paper\250925_EIS\2\250926124225_40(6-1).mpr,"Cycle 0",,3.45000004768372,xxxx,0.768328445747801,6.68299981043674E-6,xxxx,0.36950146627566,0.883700013160706,xxxx,0.618768328445748,4.52899980545044,xxxx,0.809384164222874,4.72578643034849E-5,7.05269265739276E-7,0.774193548387097,0.780868424301828,0.00155832835199988,1,53.3651912442602,0.084920094233215,0.967741935483871,0.00354299996979535,xxxx,0.577712609970675,0.837000012397766,xxxx,0.81524926686217,36.560001373291,xxxx,0.436950146627566,3.89100003242493,xxxx,0.410557184750733,0.00298797013524286,0.391828303615153
,,,,,,,,,,,,,,,,,,,,,,,,,,,,,,,,,,,,,
"Batch mean",,,3.45000004768372,,,6.68299981043674E-6,,,0.883700013160706,,,4.52899980545044,,,4.72578649350908E-5,,,0.780868411064148,,,53.3651924133301,,,0.00354299996979535,,,0.837000012397766,,,36.560001373291,,,3.89100003242493,,,,
"Batch standard deviation",,,0,,,0,,,0,,,0,,,0,,,0,,,0,,,0,,,0,,,0,,,0,,,,
,,,,,,,,,,,,,,,,,,,,,,,,,,,,,,,,,,,,,
"Equivalent circuit",,,,,,,,,,,,,,,,,,,,,,,,,,,,,,,,,,,,,
R1+Q2/R2+Q3/R3+Q4/R4+W5,,,,,,,,,,,,,,,,,,,,,,,,,,,,,,,,,,,,,
