,,,R1/Ohm,"Std err. R1/Ohm","Rank R1","Q2/F.s^(a - 1)","Std err. Q2/F.s^(a - 1)","Rank Q2",a2/,"Std err. a2","Rank a2",R2,"Std err. R2/Ohm","Rank R2","Q3/F.s^(a - 1)","Std err. Q3/F.s^(a - 1)","Rank Q3",a3/,"Std err. a3","Rank a3",R3,"Std err. R3/Ohm","Rank R3","Q4/F.s^(a - 1)","Std err. Q4/F.s^(a - 1)","Rank Q4",a4/,"Std err. a4","Rank a4",R4,"Std err. R4/Ohm","Rank R4",s5/Ohm.s^-1/2,"Std err. s5/Ohm.s^-1/2","Rank s5",Chi^2/|Z|^2,Chi/sqrt(N)/Ohm
C:\Users\HOME\Desktop\JupyterWorkspace\ALBATROSS_Paper\250925_EIS\2\250926104341_25(4-2).mpr,"Cycle 0",,3.04099988937378,xxxx,0.737160120845921,5.07200002175523E-6,xxxx,0.356495468277946,0.910000026226044,xxxx,0.607250755287009,4.67500019073486,xxxx,0.806646525679758,5.72800017835107E-5,xxxx,0.779456193353474,0.762700021266937,xxxx,1,52.6100006103516,xxxx,0.978851963746223,0.00360954473396287,8.31558214057345E-5,0.61631419939577,0.797716226920441,0.00760283318467227,0.845921450151057,40.8481066258894,0.699176109210375,0.450151057401813,3.88751262757086,0.438555001084839,0.398791540785498,0.00452826909141775,0.397586561163708
,,,,,,,,,,,,,,,,,,,,,,,,,,,,,,,,,,,,,
"Batch mean",,,3.04099988937378,,,5.07200002175523E-6,,,0.910000026226044,,,4.67500019073486,,,5.72800017835107E-5,,,0.762700021266937,,,52.6100006103516,,,0.00360954483039677,,,0.797716200351715,,,40.8481063842773,,,3.88751268386841,,,,
"Batch standard deviation",,,0,,,0,,,0,,,0,,,0,,,0,,,0,,,0,,,0,,,0,,,0,,,,
,,,,,,,,,,,,,,,,,,,,,,,,,,,,,,,,,,,,,
"Equivalent circuit",,,,,,,,,,,,,,,,,,,,,,,,,,,,,,,,,,,,,
R1+Q2/R2+Q3/R3+Q4/R4+W5,,,,,,,,,,,,,,,,,,,,,,,,,,,,,,,,,,,,,
