,,,R1/Ohm,"Std err. R1/Ohm","Rank R1","Q2/F.s^(a - 1)","Std err. Q2/F.s^(a - 1)","Rank Q2",a2/,"Std err. a2","Rank a2",R2,"Std err. R2/Ohm","Rank R2","Q3/F.s^(a - 1)","Std err. Q3/F.s^(a - 1)","Rank Q3",a3/,"Std err. a3","Rank a3",R3,"Std err. R3/Ohm","Rank R3","Q4/F.s^(a - 1)","Std err. Q4/F.s^(a - 1)","Rank Q4",a4/,"Std err. a4","Rank a4",R4,"Std err. R4/Ohm","Rank R4",s5/Ohm.s^-1/2,"Std err. s5/Ohm.s^-1/2","Rank s5",Chi^2/|Z|^2,Chi/sqrt(N)/Ohm
C:\Users\HOME\Desktop\JupyterWorkspace\ALBATROSS_Paper\250925_EIS\2\250926092535_15(2-8).mpr,"Cycle 0",,3.17000007629395,xxxx,0.749244712990937,5.87600015933276E-6,xxxx,0.356495468277946,0.897899985313416,xxxx,0.601208459214502,4.40299987792969,xxxx,0.806646525679758,4.89099984406494E-5,xxxx,0.77643504531722,0.781000018119812,xxxx,1,51.4700012207031,xxxx,0.981873111782477,0.00351004226247204,0.000101993752559407,0.604229607250755,0.825751278175962,0.00965035448594408,0.83987915407855,39.2490789596209,0.837596316351408,0.450151057401813,3.90604657686927,0.506960283972266,0.410876132930514,0.00265188897981898,0.420779948806711
,,,,,,,,,,,,,,,,,,,,,,,,,,,,,,,,,,,,,
"Batch mean",,,3.17000007629395,,,5.87600015933276E-6,,,0.897899985313416,,,4.40299987792969,,,4.89099984406494E-5,,,0.781000018119812,,,51.4700012207031,,,0.00351004232652485,,,0.825751304626465,,,39.249080657959,,,3.90604662895203,,,,
"Batch standard deviation",,,0,,,0,,,0,,,0,,,0,,,0,,,0,,,0,,,0,,,0,,,0,,,,
,,,,,,,,,,,,,,,,,,,,,,,,,,,,,,,,,,,,,
"Equivalent circuit",,,,,,,,,,,,,,,,,,,,,,,,,,,,,,,,,,,,,
R1+Q2/R2+Q3/R3+Q4/R4+W5,,,,,,,,,,,,,,,,,,,,,,,,,,,,,,,,,,,,,
