,,,R1/Ohm,"Std err. R1/Ohm","Rank R1","Q2/F.s^(a - 1)","Std err. Q2/F.s^(a - 1)","Rank Q2",a2/,"Std err. a2","Rank a2",R2,"Std err. R2/Ohm","Rank R2","Q3/F.s^(a - 1)","Std err. Q3/F.s^(a - 1)","Rank Q3",a3/,"Std err. a3","Rank a3",R3,"Std err. R3/Ohm","Rank R3","Q4/F.s^(a - 1)","Std err. Q4/F.s^(a - 1)","Rank Q4",a4/,"Std err. a4","Rank a4",R4,"Std err. R4/Ohm","Rank R4",s5/Ohm.s^-1/2,"Std err. s5/Ohm.s^-1/2","Rank s5",Chi^2/|Z|^2,Chi/sqrt(N)/Ohm
C:\Users\HOME\Desktop\JupyterWorkspace\ALBATROSS_Paper\250925_EIS\2\250926114204_32(5-1).mpr,"Cycle 0",,3.19099998474121,xxxx,0.750733137829912,4.69899987365352E-6,xxxx,0.366568914956012,0.914799988269806,xxxx,0.612903225806452,4.20599985122681,xxxx,0.797653958944281,5.1859999075532E-5,xxxx,0.780058651026393,0.773899972438812,xxxx,1,52.939998626709,xxxx,0.964809384164223,0.0035524258140083,0.000102812275469689,0.592375366568915,0.828882485047733,0.00933838147824813,0.832844574780059,38.9235432557705,0.820213125930612,0.439882697947214,3.96995711388369,0.516344819032452,0.410557184750733,0.00765749692217528,0.448904759254052
,,,,,,,,,,,,,,,,,,,,,,,,,,,,,,,,,,,,,
"Batch mean",,,3.19099998474121,,,4.69899987365352E-6,,,0.914799988269806,,,4.20599985122681,,,5.1859999075532E-5,,,0.773899972438812,,,52.939998626709,,,0.00355242588557303,,,0.828882455825806,,,38.9235420227051,,,3.96995711326599,,,,
"Batch standard deviation",,,0,,,0,,,0,,,0,,,0,,,0,,,0,,,0,,,0,,,0,,,0,,,,
,,,,,,,,,,,,,,,,,,,,,,,,,,,,,,,,,,,,,
"Equivalent circuit",,,,,,,,,,,,,,,,,,,,,,,,,,,,,,,,,,,,,
R1+Q2/R2+Q3/R3+Q4/R4+W5,,,,,,,,,,,,,,,,,,,,,,,,,,,,,,,,,,,,,
