,,,R1/Ohm,"Std err. R1/Ohm","Rank R1","Q2/F.s^(a - 1)","Std err. Q2/F.s^(a - 1)","Rank Q2",a2/,"Std err. a2","Rank a2",R2,"Std err. R2/Ohm","Rank R2","Q3/F.s^(a - 1)","Std err. Q3/F.s^(a - 1)","Rank Q3",a3/,"Std err. a3","Rank a3",R3,"Std err. R3/Ohm","Rank R3","Q4/F.s^(a - 1)","Std err. Q4/F.s^(a - 1)","Rank Q4",a4/,"Std err. a4","Rank a4",R4,"Std err. R4/Ohm","Rank R4",s5/Ohm.s^-1/2,"Std err. s5/Ohm.s^-1/2","Rank s5",Chi^2/|Z|^2,Chi/sqrt(N)/Ohm
C:\Users\HOME\Desktop\JupyterWorkspace\ALBATROSS_Paper\250925_EIS\2\250926115800_34(5-3).mpr,"Cycle 0",,3.40000009536743,xxxx,0.752906976744186,1.24400003187475E-5,xxxx,0.375,0.817900002002716,xxxx,0.622093023255814,5.01900005340576,xxxx,0.808139534883721,5.00899986946024E-5,xxxx,0.767441860465116,0.777899980545044,xxxx,1,54.5800018310547,xxxx,0.950581395348837,0.00335703875981094,0.000113657271803109,0.561046511627907,0.856428708990333,0.00969626682681105,0.805232558139535,37.656541302495,0.841950707004368,0.421511627906977,4.54502775537533,0.57539823244351,0.418604651162791,0.00353718941385178,0.502809859985545
,,,,,,,,,,,,,,,,,,,,,,,,,,,,,,,,,,,,,
"Batch mean",,,3.40000009536743,,,1.24400003187475E-5,,,0.817900002002716,,,5.01900005340576,,,5.00899986946024E-5,,,0.777899980545044,,,54.5800018310547,,,0.00335703883320093,,,0.856428682804108,,,37.6565399169922,,,4.54502773284912,,,,
"Batch standard deviation",,,0,,,0,,,0,,,0,,,0,,,0,,,0,,,0,,,0,,,0,,,0,,,,
,,,,,,,,,,,,,,,,,,,,,,,,,,,,,,,,,,,,,
"Equivalent circuit",,,,,,,,,,,,,,,,,,,,,,,,,,,,,,,,,,,,,
R1+Q2/R2+Q3/R3+Q4/R4+W5,,,,,,,,,,,,,,,,,,,,,,,,,,,,,,,,,,,,,
