,,,R1/Ohm,"Std err. R1/Ohm","Rank R1","Q2/F.s^(a - 1)","Std err. Q2/F.s^(a - 1)","Rank Q2",a2/,"Std err. a2","Rank a2",R2,"Std err. R2/Ohm","Rank R2","Q3/F.s^(a - 1)","Std err. Q3/F.s^(a - 1)","Rank Q3",a3/,"Std err. a3","Rank a3",R3,"Std err. R3/Ohm","Rank R3","Q4/F.s^(a - 1)","Std err. Q4/F.s^(a - 1)","Rank Q4",a4/,"Std err. a4","Rank a4",R4,"Std err. R4/Ohm","Rank R4",s5/Ohm.s^-1/2,"Std err. s5/Ohm.s^-1/2","Rank s5",Chi^2/|Z|^2,Chi/sqrt(N)/Ohm
C:\Users\HOME\Desktop\JupyterWorkspace\ALBATROSS_Paper\250925_EIS\2\250926080311_4(1-5).mpr,"Cycle 0",,3.05599999427795,xxxx,0.764350453172205,9.30900023377035E-6,xxxx,0.338368580060423,0.866699993610382,xxxx,0.577039274924471,3.32599997520447,xxxx,0.782477341389728,5.1930001063738E-5,xxxx,0.779456193353474,0.775099992752075,xxxx,1,46.7299995422363,xxxx,0.987915407854985,0.00399139944436826,8.67968041422173E-5,0.640483383685801,0.784956584671816,0.00821435662855632,0.861027190332326,38.9981021659808,0.62360972731193,0.462235649546828,3.25053379824671,0.375511648925553,0.38368580060423,0.00364034097101015,0.413622872857282
,,,,,,,,,,,,,,,,,,,,,,,,,,,,,,,,,,,,,
"Batch mean",,,3.05599999427795,,,9.30900023377035E-6,,,0.866699993610382,,,3.32599997520447,,,5.1930001063738E-5,,,0.775099992752075,,,46.7299995422363,,,0.00399139942601323,,,0.784956574440002,,,38.9981002807617,,,3.25053381919861,,,,
"Batch standard deviation",,,0,,,0,,,0,,,0,,,0,,,0,,,0,,,0,,,0,,,0,,,0,,,,
,,,,,,,,,,,,,,,,,,,,,,,,,,,,,,,,,,,,,
"Equivalent circuit",,,,,,,,,,,,,,,,,,,,,,,,,,,,,,,,,,,,,
R1+Q2/R2+Q3/R3+Q4/R4+W5,,,,,,,,,,,,,,,,,,,,,,,,,,,,,,,,,,,,,
