,,,R1/Ohm,"Std err. R1/Ohm","Rank R1","Q2/F.s^(a - 1)","Std err. Q2/F.s^(a - 1)","Rank Q2",a2/,"Std err. a2","Rank a2",R2,"Std err. R2/Ohm","Rank R2","Q3/F.s^(a - 1)","Std err. Q3/F.s^(a - 1)","Rank Q3",a3/,"Std err. a3","Rank a3",R3,"Std err. R3/Ohm","Rank R3","Q4/F.s^(a - 1)","Std err. Q4/F.s^(a - 1)","Rank Q4",a4/,"Std err. a4","Rank a4",R4,"Std err. R4/Ohm","Rank R4",s5/Ohm.s^-1/2,"Std err. s5/Ohm.s^-1/2","Rank s5",Chi^2/|Z|^2,Chi/sqrt(N)/Ohm
C:\Users\HOME\Desktop\JupyterWorkspace\ALBATROSS_Paper\250925_EIS\2\250926120628_36(5-5).mpr,"Cycle 0",,2.7409999370575,xxxx,0.730205278592375,7.56300005377852E-6,xxxx,0.381231671554252,0.832799971103668,xxxx,0.633431085043988,6.25,xxxx,0.868035190615836,4.91799983137753E-5,xxxx,0.750733137829912,0.779299974441528,xxxx,1,54.3800010681152,xxxx,0.958944281524927,0.00347289457100822,0.000117115262873153,0.563049853372434,0.849232395581222,0.0119514522218663,0.809384164222874,36.631682915111,0.913292511192596,0.425219941348974,4.63103538933191,0.60383819743918,0.428152492668622,0.0060787413699777,0.515930720001539
,,,,,,,,,,,,,,,,,,,,,,,,,,,,,,,,,,,,,
"Batch mean",,,2.7409999370575,,,7.56300005377852E-6,,,0.832799971103668,,,6.25,,,4.91799983137753E-5,,,0.779299974441528,,,54.3800010681152,,,0.00347289466299117,,,0.849232375621796,,,36.6316833496094,,,4.63103532791138,,,,
"Batch standard deviation",,,0,,,0,,,0,,,0,,,0,,,0,,,0,,,0,,,0,,,0,,,0,,,,
,,,,,,,,,,,,,,,,,,,,,,,,,,,,,,,,,,,,,
"Equivalent circuit",,,,,,,,,,,,,,,,,,,,,,,,,,,,,,,,,,,,,
R1+Q2/R2+Q3/R3+Q4/R4+W5,,,,,,,,,,,,,,,,,,,,,,,,,,,,,,,,,,,,,
