,,,R1/Ohm,"Std err. R1/Ohm","Rank R1","Q2/F.s^(a - 1)","Std err. Q2/F.s^(a - 1)","Rank Q2",a2/,"Std err. a2","Rank a2",R2,"Std err. R2/Ohm","Rank R2","Q3/F.s^(a - 1)","Std err. Q3/F.s^(a - 1)","Rank Q3",a3/,"Std err. a3","Rank a3",Chi^2/|Z|^2,Chi/sqrt(N)/Ohm
C:\Users\HOME\Desktop\JupyterWorkspace\ALBATROSS_Paper\Revision_EIS\NCM811_EIS_40cells\0.1\260117113603_47(6-8).mpr,"Cycle 0",,2.084,xxxx,0.716763005780347,1.88386412589996E-5,1.68024122814661E-6,0.653179190751445,0.841008415980428,0.0097724465946201,1,33.4402336294846,0.299328172714799,0.988439306358382,0.00477622224207955,4.12058356115881E-5,0.53757225433526,0.822112715177524,0.00598688426041053,0.838150289017341,0.159291527876957,2.44894195456189
,,,,,,,,,,,,,,,,,,,,,,
"Batch mean",,,2.08400011062622,,,1.88386420632014E-5,,,0.841008424758911,,,33.4402351379395,,,0.00477622216567397,,,0.822112739086151,,,,
"Batch standard deviation",,,0,,,0,,,0,,,0,,,0,,,0,,,,
,,,,,,,,,,,,,,,,,,,,,,
"Equivalent circuit",,,,,,,,,,,,,,,,,,,,,,
R1+Q2/(R2+Q3),,,,,,,,,,,,,,,,,,,,,,
