,,,R1/Ohm,"Std err. R1/Ohm","Rank R1","Q2/F.s^(a - 1)","Std err. Q2/F.s^(a - 1)","Rank Q2",a2/,"Std err. a2","Rank a2",R2,"Std err. R2/Ohm","Rank R2","Q3/F.s^(a - 1)","Std err. Q3/F.s^(a - 1)","Rank Q3",a3/,"Std err. a3","Rank a3",Chi^2/|Z|^2,Chi/sqrt(N)/Ohm
C:\Users\HOME\Desktop\JupyterWorkspace\ALBATROSS_Paper\Revision_EIS\NCM811_EIS_40cells\0.1\260119030131_43(6-4).mpr,"Cycle 0",,2.304,xxxx,0.689265536723164,2.80705102315533E-5,3.38293743469843E-6,0.661016949152542,0.795104361906253,0.0129035860041121,1,38.5646576655365,0.418738113701034,0.96045197740113,0.00486100497394762,3.27327002965478E-5,0.508474576271186,0.8246387951633,0.00550055617816009,0.807909604519774,0.185299090526835,1.74316923213165
,,,,,,,,,,,,,,,,,,,,,,
"Batch mean",,,2.30399990081787,,,2.80705098703038E-5,,,0.795104384422302,,,38.5646591186523,,,0.00486100511625409,,,0.824638783931732,,,,
"Batch standard deviation",,,0,,,0,,,0,,,0,,,0,,,0,,,,
,,,,,,,,,,,,,,,,,,,,,,
"Equivalent circuit",,,,,,,,,,,,,,,,,,,,,,
R1+Q2/(R2+Q3),,,,,,,,,,,,,,,,,,,,,,
