,,,R1/Ohm,"Std err. R1/Ohm","Rank R1","Q2/F.s^(a - 1)","Std err. Q2/F.s^(a - 1)","Rank Q2",a2/,"Std err. a2","Rank a2",R2,"Std err. R2/Ohm","Rank R2","Q3/F.s^(a - 1)","Std err. Q3/F.s^(a - 1)","Rank Q3",a3/,"Std err. a3","Rank a3",Chi^2/|Z|^2,Chi/sqrt(N)/Ohm
C:\Users\HOME\Desktop\JupyterWorkspace\ALBATROSS_Paper\Revision_EIS\NCM811_EIS_40cells\0.1\260117062704_13(2-6).mpr,"Cycle 0",,2.049,xxxx,0.701149425287356,1.47658922904682E-5,7.99712853592588E-7,0.666666666666667,0.859818613598315,0.00557900191587869,1,40.2450634646798,0.249701120522349,0.982758620689655,0.00469309155592285,3.30284392595821E-5,0.528735632183908,0.825889697476511,0.00416103853230547,0.827586206896552,0.0714978750312596,1.95299479585249
,,,,,,,,,,,,,,,,,,,,,,
"Batch mean",,,2.04900002479553,,,1.4765892046853E-5,,,0.859818637371063,,,40.2450637817383,,,0.00469309138134122,,,0.825889706611633,,,,
"Batch standard deviation",,,0,,,0,,,0,,,0,,,0,,,0,,,,
,,,,,,,,,,,,,,,,,,,,,,
"Equivalent circuit",,,,,,,,,,,,,,,,,,,,,,
R1+Q2/(R2+Q3),,,,,,,,,,,,,,,,,,,,,,
