,,,R1/Ohm,"Std err. R1/Ohm","Rank R1","Q2/F.s^(a - 1)","Std err. Q2/F.s^(a - 1)","Rank Q2",a2/,"Std err. a2","Rank a2",R2,"Std err. R2/Ohm","Rank R2","Q3/F.s^(a - 1)","Std err. Q3/F.s^(a - 1)","Rank Q3",a3/,"Std err. a3","Rank a3",Chi^2/|Z|^2,Chi/sqrt(N)/Ohm
C:\Users\HOME\Desktop\JupyterWorkspace\ALBATROSS_Paper\Revision_EIS\NCM811_EIS_40cells\0.1\260117073713_22(3-7).mpr,"Cycle 0",,2.022,xxxx,0.689655172413793,1.66120291237961E-5,9.55778749913287E-7,0.660919540229885,0.849919376584851,0.0061253896663849,1,39.3472121878731,0.254053293446805,0.982758620689655,0.00443294237466346,3.72434469591043E-5,0.53448275862069,0.82580654035782,0.00481189265420747,0.839080459770115,0.0686740849845189,2.2477823120748
,,,,,,,,,,,,,,,,,,,,,,
"Batch mean",,,2.0220000743866,,,1.66120298672467E-5,,,0.849919378757477,,,39.3472137451172,,,0.00443294225260615,,,0.825806558132172,,,,
"Batch standard deviation",,,0,,,0,,,0,,,0,,,0,,,0,,,,
,,,,,,,,,,,,,,,,,,,,,,
"Equivalent circuit",,,,,,,,,,,,,,,,,,,,,,
R1+Q2/(R2+Q3),,,,,,,,,,,,,,,,,,,,,,
