,,,R1/Ohm,"Std err. R1/Ohm","Rank R1","Q2/F.s^(a - 1)","Std err. Q2/F.s^(a - 1)","Rank Q2",a2/,"Std err. a2","Rank a2",R2,"Std err. R2/Ohm","Rank R2","Q3/F.s^(a - 1)","Std err. Q3/F.s^(a - 1)","Rank Q3",a3/,"Std err. a3","Rank a3",Chi^2/|Z|^2,Chi/sqrt(N)/Ohm
C:\Users\HOME\Desktop\JupyterWorkspace\ALBATROSS_Paper\Revision_EIS\NCM811_EIS_40cells\0.1\260117053550_5(1-6).mpr,"Cycle 0",,2.095,xxxx,0.701149425287356,1.542423038268E-5,1.10165840445493E-6,0.649425287356322,0.856651926925975,0.00760013548429743,1,36.8209917594393,0.33053672745398,0.988505747126437,0.00458810071564653,4.02047780775286E-5,0.528735632183908,0.821832487327765,0.00504820810244239,0.839080459770115,0.095126163272837,2.5033875226038
,,,,,,,,,,,,,,,,,,,,,,
"Batch mean",,,2.09500002861023,,,1.54242297867313E-5,,,0.856651902198792,,,36.8209915161133,,,0.00458810059353709,,,0.821832478046417,,,,
"Batch standard deviation",,,0,,,0,,,0,,,0,,,0,,,0,,,,
,,,,,,,,,,,,,,,,,,,,,,
"Equivalent circuit",,,,,,,,,,,,,,,,,,,,,,
R1+Q2/(R2+Q3),,,,,,,,,,,,,,,,,,,,,,
