,,,R1/Ohm,"Std err. R1/Ohm","Rank R1","Q2/F.s^(a - 1)","Std err. Q2/F.s^(a - 1)","Rank Q2",a2/,"Std err. a2","Rank a2",R2,"Std err. R2/Ohm","Rank R2","Q3/F.s^(a - 1)","Std err. Q3/F.s^(a - 1)","Rank Q3",a3/,"Std err. a3","Rank a3",Chi^2/|Z|^2,Chi/sqrt(N)/Ohm
C:\Users\HOME\Desktop\JupyterWorkspace\ALBATROSS_Paper\Revision_EIS\NCM811_EIS_40cells\0.1\260117050753_1(1-2).mpr,"Cycle 0",,2.086,xxxx,0.695402298850575,1.7896421517661E-5,1.39806361979949E-6,0.666666666666667,0.835333383073011,0.00838877027668055,1,39.1118308747758,0.25359633547992,0.982758620689655,0.00430393837343615,2.89470395826117E-5,0.528735632183908,0.836260341301246,0.00411529554257306,0.833333333333333,0.0926318908328423,2.04060171096511
,,,,,,,,,,,,,,,,,,,,,,
"Batch mean",,,2.08599996566772,,,1.78964219230693E-5,,,0.835333406925201,,,39.1118316650391,,,0.00430393824353814,,,0.836260318756104,,,,
"Batch standard deviation",,,0,,,0,,,0,,,0,,,0,,,0,,,,
,,,,,,,,,,,,,,,,,,,,,,
"Equivalent circuit",,,,,,,,,,,,,,,,,,,,,,
R1+Q2/(R2+Q3),,,,,,,,,,,,,,,,,,,,,,
