,,,R1/Ohm,"Std err. R1/Ohm","Rank R1","Q2/F.s^(a - 1)","Std err. Q2/F.s^(a - 1)","Rank Q2",a2/,"Std err. a2","Rank a2",R2,"Std err. R2/Ohm","Rank R2","Q3/F.s^(a - 1)","Std err. Q3/F.s^(a - 1)","Rank Q3",a3/,"Std err. a3","Rank a3",Chi^2/|Z|^2,Chi/sqrt(N)/Ohm
C:\Users\HOME\Desktop\JupyterWorkspace\ALBATROSS_Paper\Revision_EIS\NCM811_EIS_40cells\0.1\260117075349_24(4-1).mpr,"Cycle 0",,2.03395335953575,0.0590009960832646,0.701149425287356,1.641245474026E-5,9.79128463114418E-7,0.649425287356322,0.859859999773281,0.0060293164276134,1,34.0158338533719,0.324410660246382,0.982758620689655,0.00454231376479,3.87977806888676E-5,0.53448275862069,0.822049657214733,0.00564722259562299,0.839080459770115,0.0724324790724258,2.36273336131985
,,,,,,,,,,,,,,,,,,,,,,
"Batch mean",,,2.03395342826843,,,1.64124539878685E-5,,,0.859860002994537,,,34.0158348083496,,,0.00454231398180127,,,0.822049677371979,,,,
"Batch standard deviation",,,0,,,0,,,0,,,0,,,0,,,0,,,,
,,,,,,,,,,,,,,,,,,,,,,
"Equivalent circuit",,,,,,,,,,,,,,,,,,,,,,
R1+Q2/(R2+Q3),,,,,,,,,,,,,,,,,,,,,,
