,,,R1/Ohm,"Std err. R1/Ohm","Rank R1","Q2/F.s^(a - 1)","Std err. Q2/F.s^(a - 1)","Rank Q2",a2/,"Std err. a2","Rank a2",R2,"Std err. R2/Ohm","Rank R2","Q3/F.s^(a - 1)","Std err. Q3/F.s^(a - 1)","Rank Q3",a3/,"Std err. a3","Rank a3",Chi^2/|Z|^2,Chi/sqrt(N)/Ohm
C:\Users\HOME\Desktop\JupyterWorkspace\ALBATROSS_Paper\Revision_EIS\NCM811_EIS_40cells\0.1\260117080902_26(4-3).mpr,"Cycle 0",,2.03038353712266,0.0662300191264669,0.710982658959538,1.42026386765772E-5,8.54395059752806E-7,0.641618497109827,0.868053172442372,0.00616174675961848,1,32.0986238937725,0.290327930403159,0.982658959537572,0.00445350015163766,4.72200768701292E-5,0.549132947976879,0.824347220567152,0.00614206105569478,0.849710982658959,0.0717151341424225,2.700989028649
,,,,,,,,,,,,,,,,,,,,,,
"Batch mean",,,2.03038358688354,,,1.42026383400662E-5,,,0.868053197860718,,,32.0986251831055,,,0.00445350026711822,,,0.824347198009491,,,,
"Batch standard deviation",,,0,,,0,,,0,,,0,,,0,,,0,,,,
,,,,,,,,,,,,,,,,,,,,,,
"Equivalent circuit",,,,,,,,,,,,,,,,,,,,,,
R1+Q2/(R2+Q3),,,,,,,,,,,,,,,,,,,,,,
