,,,R1/Ohm,"Std err. R1/Ohm","Rank R1","Q2/F.s^(a - 1)","Std err. Q2/F.s^(a - 1)","Rank Q2",a2/,"Std err. a2","Rank a2",R2,"Std err. R2/Ohm","Rank R2","Q3/F.s^(a - 1)","Std err. Q3/F.s^(a - 1)","Rank Q3",a3/,"Std err. a3","Rank a3",Chi^2/|Z|^2,Chi/sqrt(N)/Ohm
C:\Users\HOME\Desktop\JupyterWorkspace\ALBATROSS_Paper\Revision_EIS\NCM811_EIS_40cells\0.1\260117072853_21(3-6).mpr,"Cycle 0",,2.048,xxxx,0.695402298850575,1.78694955217648E-5,8.91217671443864E-7,0.660919540229885,0.838964585900865,0.00506637403707629,1,37.4308911722978,0.237854564116657,0.988505747126437,0.00455492362973873,3.27269319654384E-5,0.528735632183908,0.834112200428162,0.00424296489390529,0.833333333333333,0.0656551134343843,2.0741961938341
,,,,,,,,,,,,,,,,,,,,,,
"Batch mean",,,2.04800009727478,,,1.78694954229286E-5,,,0.838964581489563,,,37.4308929443359,,,0.00455492362380028,,,0.834112226963043,,,,
"Batch standard deviation",,,0,,,0,,,0,,,0,,,0,,,0,,,,
,,,,,,,,,,,,,,,,,,,,,,
"Equivalent circuit",,,,,,,,,,,,,,,,,,,,,,
R1+Q2/(R2+Q3),,,,,,,,,,,,,,,,,,,,,,
