,,,R1/Ohm,"Std err. R1/Ohm","Rank R1","Q2/F.s^(a - 1)","Std err. Q2/F.s^(a - 1)","Rank Q2",a2/,"Std err. a2","Rank a2",R2,"Std err. R2/Ohm","Rank R2","Q3/F.s^(a - 1)","Std err. Q3/F.s^(a - 1)","Rank Q3",a3/,"Std err. a3","Rank a3",Chi^2/|Z|^2,Chi/sqrt(N)/Ohm
C:\Users\HOME\Desktop\JupyterWorkspace\ALBATROSS_Paper\Revision_EIS\NCM811_EIS_40cells\0.1\260117074547_23(3-8).mpr,"Cycle 0",,2.085,xxxx,0.691428571428571,2.00824967159248E-5,1.40506294540975E-6,0.657142857142857,0.832116088254334,0.00742648908408548,1,37.8861865294827,0.224547804835165,0.977142857142857,0.00435388840833032,2.5922983080068E-5,0.525714285714286,0.832910388476179,0.0032638671930919,0.828571428571429,0.112371742856631,1.7321841762268
,,,,,,,,,,,,,,,,,,,,,,
"Batch mean",,,2.08500003814697,,,2.00824961211765E-5,,,0.832116067409515,,,37.8861846923828,,,0.00435388833284378,,,0.832910358905792,,,,
"Batch standard deviation",,,0,,,0,,,0,,,0,,,0,,,0,,,,
,,,,,,,,,,,,,,,,,,,,,,
"Equivalent circuit",,,,,,,,,,,,,,,,,,,,,,
R1+Q2/(R2+Q3),,,,,,,,,,,,,,,,,,,,,,
