,,,R1/Ohm,"Std err. R1/Ohm","Rank R1","Q2/F.s^(a - 1)","Std err. Q2/F.s^(a - 1)","Rank Q2",a2/,"Std err. a2","Rank a2",R2,"Std err. R2/Ohm","Rank R2","Q3/F.s^(a - 1)","Std err. Q3/F.s^(a - 1)","Rank Q3",a3/,"Std err. a3","Rank a3",Chi^2/|Z|^2,Chi/sqrt(N)/Ohm
C:\Users\HOME\Desktop\JupyterWorkspace\ALBATROSS_Paper\Revision_EIS\NCM811_EIS_40cells\0.1\260117055051_8(2-1).mpr,"Cycle 0",,2.09726372655884,0.0781533171935057,0.701149425287356,1.34696134370954E-5,8.63021806705268E-7,0.655172413793103,0.873189210936073,0.00659411592057843,1,37.5744595198852,0.279198094104083,0.982758620689655,0.00438325491171596,3.89164737686364E-5,0.528735632183908,0.826780363076481,0.00574223435818696,0.839080459770115,0.105709186388198,2.53943896992986
,,,,,,,,,,,,,,,,,,,,,,
"Batch mean",,,2.0972638130188,,,1.3469613804773E-5,,,0.873189210891724,,,37.5744590759277,,,0.00438325479626656,,,0.826780378818512,,,,
"Batch standard deviation",,,0,,,0,,,0,,,0,,,0,,,0,,,,
,,,,,,,,,,,,,,,,,,,,,,
"Equivalent circuit",,,,,,,,,,,,,,,,,,,,,,
R1+Q2/(R2+Q3),,,,,,,,,,,,,,,,,,,,,,
