,,,R1/Ohm,"Std err. R1/Ohm","Rank R1","Q2/F.s^(a - 1)","Std err. Q2/F.s^(a - 1)","Rank Q2",a2/,"Std err. a2","Rank a2",R2,"Std err. R2/Ohm","Rank R2","Q3/F.s^(a - 1)","Std err. Q3/F.s^(a - 1)","Rank Q3",a3/,"Std err. a3","Rank a3",Chi^2/|Z|^2,Chi/sqrt(N)/Ohm
C:\Users\HOME\Desktop\JupyterWorkspace\ALBATROSS_Paper\Revision_EIS\NCM811_EIS_40cells\0.1\260117091537_34(5-3).mpr,"Cycle 0",,2.026,xxxx,0.697142857142857,1.98992576262219E-5,1.59683322395276E-6,0.645714285714286,0.833743645028285,0.00808215354510691,1,33.0736949917216,0.293894151785256,0.971428571428571,0.00447509474343658,3.53794145902754E-5,0.531428571428571,0.834352720208708,0.00463062954486208,0.834285714285714,0.0845758635003757,2.11491787353956
,,,,,,,,,,,,,,,,,,,,,,
"Batch mean",,,2.02600002288818,,,1.98992584046209E-5,,,0.833743631839752,,,33.0736961364746,,,0.00447509484365582,,,0.834352731704712,,,,
"Batch standard deviation",,,0,,,0,,,0,,,0,,,0,,,0,,,,
,,,,,,,,,,,,,,,,,,,,,,
"Equivalent circuit",,,,,,,,,,,,,,,,,,,,,,
R1+Q2/(R2+Q3),,,,,,,,,,,,,,,,,,,,,,
