,,,R1/Ohm,"Std err. R1/Ohm","Rank R1","Q2/F.s^(a - 1)","Std err. Q2/F.s^(a - 1)","Rank Q2",a2/,"Std err. a2","Rank a2",R2,"Std err. R2/Ohm","Rank R2","Q3/F.s^(a - 1)","Std err. Q3/F.s^(a - 1)","Rank Q3",a3/,"Std err. a3","Rank a3",Chi^2/|Z|^2,Chi/sqrt(N)/Ohm
C:\Users\HOME\Desktop\JupyterWorkspace\ALBATROSS_Paper\Revision_EIS\NCM811_EIS_40cells\0.1\260117065759_17(3-2).mpr,"Cycle 0",,2.063,xxxx,0.701149425287356,1.7984701317984E-5,1.38742028511357E-6,0.660919540229885,0.838214119754324,0.00801153380601026,1,37.8249818556496,0.318639855340499,0.982758620689655,0.00449250807645671,3.65293265817927E-5,0.528735632183908,0.82645808819247,0.00458544420389372,0.833333333333333,0.0980021432368473,2.43890227960105
,,,,,,,,,,,,,,,,,,,,,,
"Batch mean",,,2.06299996376038,,,1.79847011168022E-5,,,0.838214099407196,,,37.8249816894531,,,0.0044925082474947,,,0.826458096504211,,,,
"Batch standard deviation",,,0,,,0,,,0,,,0,,,0,,,0,,,,
,,,,,,,,,,,,,,,,,,,,,,
"Equivalent circuit",,,,,,,,,,,,,,,,,,,,,,
R1+Q2/(R2+Q3),,,,,,,,,,,,,,,,,,,,,,
