,,,R1/Ohm,"Std err. R1/Ohm","Rank R1","Q2/F.s^(a - 1)","Std err. Q2/F.s^(a - 1)","Rank Q2",a2/,"Std err. a2","Rank a2",R2,"Std err. R2/Ohm","Rank R2","Q3/F.s^(a - 1)","Std err. Q3/F.s^(a - 1)","Rank Q3",a3/,"Std err. a3","Rank a3",Chi^2/|Z|^2,Chi/sqrt(N)/Ohm
C:\Users\HOME\Desktop\JupyterWorkspace\ALBATROSS_Paper\Revision_EIS\NCM811_EIS_40cells\0.1\260123033922_16(3-1).mpr,"Cycle 0",,2.076,xxxx,0.710982658959538,1.42634879036101E-5,9.91686410702601E-7,0.653179190751445,0.864138664385185,0.00726658960784417,1,33.8231776339128,0.281202624052979,0.994219653179191,0.00565975067644743,5.51965477021707E-5,0.531791907514451,0.798213606619902,0.00540654589728636,0.84393063583815,0.1001222742427,2.12371455684234
,,,,,,,,,,,,,,,,,,,,,,
"Batch mean",,,2.07599997520447,,,1.42634880830883E-5,,,0.864138662815094,,,33.8231773376465,,,0.00565975066274405,,,0.798213601112366,,,,
"Batch standard deviation",,,0,,,0,,,0,,,0,,,0,,,0,,,,
,,,,,,,,,,,,,,,,,,,,,,
"Equivalent circuit",,,,,,,,,,,,,,,,,,,,,,
R1+Q2/(R2+Q3),,,,,,,,,,,,,,,,,,,,,,
