,,,R1/Ohm,"Std err. R1/Ohm","Rank R1","Q2/F.s^(a - 1)","Std err. Q2/F.s^(a - 1)","Rank Q2",a2/,"Std err. a2","Rank a2",R2,"Std err. R2/Ohm","Rank R2","Q3/F.s^(a - 1)","Std err. Q3/F.s^(a - 1)","Rank Q3",a3/,"Std err. a3","Rank a3",Chi^2/|Z|^2,Chi/sqrt(N)/Ohm
C:\Users\HOME\Desktop\JupyterWorkspace\ALBATROSS_Paper\Revision_EIS\NCM811_EIS_40cells\0.1\260123024654_8(2-1).mpr,"Cycle 0",,2.07496451321,0.0749093022745313,0.722543352601156,1.69546026905533E-5,1.13751631855004E-6,0.647398843930636,0.853847229102269,0.00678365415888476,1,30.3213570838911,0.296737750577409,0.988439306358382,0.00519865328850115,4.17811169493604E-5,0.53757225433526,0.814270697724694,0.00539037303933809,0.838150289017341,0.091697667745619,1.84963442744834
,,,,,,,,,,,,,,,,,,,,,,
"Batch mean",,,2.07496452331543,,,1.69546019606059E-5,,,0.853847205638885,,,30.3213577270508,,,0.00519865332171321,,,0.814270675182343,,,,
"Batch standard deviation",,,0,,,0,,,0,,,0,,,0,,,0,,,,
,,,,,,,,,,,,,,,,,,,,,,
"Equivalent circuit",,,,,,,,,,,,,,,,,,,,,,
R1+Q2/(R2+Q3),,,,,,,,,,,,,,,,,,,,,,
