,,,R1/Ohm,"Std err. R1/Ohm","Rank R1","Q2/F.s^(a - 1)","Std err. Q2/F.s^(a - 1)","Rank Q2",a2/,"Std err. a2","Rank a2",R2,"Std err. R2/Ohm","Rank R2","Q3/F.s^(a - 1)","Std err. Q3/F.s^(a - 1)","Rank Q3",a3/,"Std err. a3","Rank a3",Chi^2/|Z|^2,Chi/sqrt(N)/Ohm
C:\Users\HOME\Desktop\JupyterWorkspace\ALBATROSS_Paper\Revision_EIS\NCM811_EIS_40cells\0.1\260117063501_14(2-7).mpr,"Cycle 0",,2.079,xxxx,0.695402298850575,1.88418688437611E-5,1.26276917551932E-6,0.666666666666667,0.831448059321177,0.00694740575682363,1,38.4264876061636,0.308004474996572,0.982758620689655,0.00443554474192348,3.34810830354013E-5,0.528735632183908,0.835912480185615,0.00462391723831973,0.833333333333333,0.0723342683284541,1.91645771604544
,,,,,,,,,,,,,,,,,,,,,,
"Batch mean",,,2.0789999961853,,,1.88418689504033E-5,,,0.831448078155518,,,38.4264869689941,,,0.00443554483354092,,,0.835912466049194,,,,
"Batch standard deviation",,,0,,,0,,,0,,,0,,,0,,,0,,,,
,,,,,,,,,,,,,,,,,,,,,,
"Equivalent circuit",,,,,,,,,,,,,,,,,,,,,,
R1+Q2/(R2+Q3),,,,,,,,,,,,,,,,,,,,,,
