,,,R1/Ohm,"Std err. R1/Ohm","Rank R1","Q2/F.s^(a - 1)","Std err. Q2/F.s^(a - 1)","Rank Q2",a2/,"Std err. a2","Rank a2",R2,"Std err. R2/Ohm","Rank R2","Q3/F.s^(a - 1)","Std err. Q3/F.s^(a - 1)","Rank Q3",a3/,"Std err. a3","Rank a3",Chi^2/|Z|^2,Chi/sqrt(N)/Ohm
C:\Users\HOME\Desktop\JupyterWorkspace\ALBATROSS_Paper\Revision_EIS\NCM811_EIS_40cells\0.1\260117064312_15(2-8).mpr,"Cycle 0",,2.00342269297259,0.0768991627891459,0.695402298850575,1.29833020957766E-5,8.09911810981177E-7,0.655172413793103,0.874562533023542,0.00659295990694829,1,38.1408275603222,0.326455316553077,0.982758620689655,0.00446696198438336,4.99061254114813E-5,0.53448275862069,0.822629062880135,0.00735643716950951,0.839080459770115,0.101433136351063,2.59280731593408
,,,,,,,,,,,,,,,,,,,,,,
"Batch mean",,,2.00342273712158,,,1.29833024402615E-5,,,0.874562561511993,,,38.1408271789551,,,0.004466962069273,,,0.822629034519196,,,,
"Batch standard deviation",,,0,,,0,,,0,,,0,,,0,,,0,,,,
,,,,,,,,,,,,,,,,,,,,,,
"Equivalent circuit",,,,,,,,,,,,,,,,,,,,,,
R1+Q2/(R2+Q3),,,,,,,,,,,,,,,,,,,,,,
