,,,R1/Ohm,"Std err. R1/Ohm","Rank R1","Q2/F.s^(a - 1)","Std err. Q2/F.s^(a - 1)","Rank Q2",a2/,"Std err. a2","Rank a2",R2,"Std err. R2/Ohm","Rank R2","Q3/F.s^(a - 1)","Std err. Q3/F.s^(a - 1)","Rank Q3",a3/,"Std err. a3","Rank a3",Chi^2/|Z|^2,Chi/sqrt(N)/Ohm
C:\Users\HOME\Desktop\JupyterWorkspace\ALBATROSS_Paper\Revision_EIS\NCM811_EIS_40cells\0.1\260117061920_12(2-5).mpr,"Cycle 0",,2.068,xxxx,0.691428571428571,2.06333586022393E-5,1.91814026326851E-6,0.657142857142857,0.828158324228472,0.0100380444698698,1,36.3696030691854,0.292374822670793,0.977142857142857,0.00443149259564233,3.14320721896996E-5,0.525714285714286,0.831093589743334,0.00508837010571109,0.828571428571429,0.1289134765453,2.06010886263227
,,,,,,,,,,,,,,,,,,,,,,
"Batch mean",,,2.06800007820129,,,2.06333588721463E-5,,,0.828158318996429,,,36.3696022033691,,,0.00443149264901876,,,0.831093609333038,,,,
"Batch standard deviation",,,0,,,0,,,0,,,0,,,0,,,0,,,,
,,,,,,,,,,,,,,,,,,,,,,
"Equivalent circuit",,,,,,,,,,,,,,,,,,,,,,
R1+Q2/(R2+Q3),,,,,,,,,,,,,,,,,,,,,,
