,,,R1/Ohm,"Std err. R1/Ohm","Rank R1","Q2/F.s^(a - 1)","Std err. Q2/F.s^(a - 1)","Rank Q2",a2/,"Std err. a2","Rank a2",R2,"Std err. R2/Ohm","Rank R2","Q3/F.s^(a - 1)","Std err. Q3/F.s^(a - 1)","Rank Q3",a3/,"Std err. a3","Rank a3",Chi^2/|Z|^2,Chi/sqrt(N)/Ohm
C:\Users\HOME\Desktop\JupyterWorkspace\ALBATROSS_Paper\Revision_EIS\NCM811_EIS_40cells\0.1\260117052830_4(1-5).mpr,"Cycle 0",,2.00607066906828,0.0805596194714651,0.695402298850575,1.6358608777983E-5,1.10403050873351E-6,0.655172413793103,0.862489579728139,0.00704215876875894,1,34.0793843421999,0.355839236734104,0.971264367816092,0.00432867559786905,3.6170177872563E-5,0.540229885057471,0.824569995514014,0.00616769922152723,0.844827586206897,0.0971993214293773,2.8326048539642
,,,,,,,,,,,,,,,,,,,,,,
"Batch mean",,,2.00607061386108,,,1.63586082635447E-5,,,0.862489581108093,,,34.0793838500977,,,0.00432867556810379,,,0.824570000171661,,,,
"Batch standard deviation",,,0,,,0,,,0,,,0,,,0,,,0,,,,
,,,,,,,,,,,,,,,,,,,,,,
"Equivalent circuit",,,,,,,,,,,,,,,,,,,,,,
R1+Q2/(R2+Q3),,,,,,,,,,,,,,,,,,,,,,
