,,,R1/Ohm,"Std err. R1/Ohm","Rank R1","Q2/F.s^(a - 1)","Std err. Q2/F.s^(a - 1)","Rank Q2",a2/,"Std err. a2","Rank a2",R2,"Std err. R2/Ohm","Rank R2","Q3/F.s^(a - 1)","Std err. Q3/F.s^(a - 1)","Rank Q3",a3/,"Std err. a3","Rank a3",Chi^2/|Z|^2,Chi/sqrt(N)/Ohm
C:\Users\HOME\Desktop\JupyterWorkspace\ALBATROSS_Paper\Revision_EIS\NCM811_EIS_40cells\0.1\260117080118_25(4-2).mpr,"Cycle 0",,2.085,xxxx,0.697142857142857,2.36639307387624E-5,2.1906122576124E-6,0.645714285714286,0.823849836242099,0.0100168312418387,1,32.4621981605595,0.285485828122688,0.971428571428571,0.00450894913443044,3.20548879357586E-5,0.531428571428571,0.835033003144632,0.00466530084411399,0.834285714285714,0.136534930293787,1.82468256913193
,,,,,,,,,,,,,,,,,,,,,,
"Batch mean",,,2.08500003814697,,,2.3663931642659E-5,,,0.823849856853485,,,32.4621963500977,,,0.00450894935056567,,,0.835032999515533,,,,
"Batch standard deviation",,,0,,,0,,,0,,,0,,,0,,,0,,,,
,,,,,,,,,,,,,,,,,,,,,,
"Equivalent circuit",,,,,,,,,,,,,,,,,,,,,,
R1+Q2/(R2+Q3),,,,,,,,,,,,,,,,,,,,,,
