,,,R1/Ohm,"Std err. R1/Ohm","Rank R1","Q2/F.s^(a - 1)","Std err. Q2/F.s^(a - 1)","Rank Q2",a2/,"Std err. a2","Rank a2",R2,"Std err. R2/Ohm","Rank R2","Q3/F.s^(a - 1)","Std err. Q3/F.s^(a - 1)","Rank Q3",a3/,"Std err. a3","Rank a3",Chi^2/|Z|^2,Chi/sqrt(N)/Ohm
C:\Users\HOME\Desktop\JupyterWorkspace\ALBATROSS_Paper\Revision_EIS\NCM811_EIS_40cells\0.1\260117093231_36(5-5).mpr,"Cycle 0",,2.067,xxxx,0.710982658959538,1.70728238900018E-5,1.45573133347956E-6,0.653179190751445,0.84936835411108,0.00926425416124613,1,34.075699366642,0.336454232929794,0.988439306358382,0.00451685929497417,4.15856650406897E-5,0.53757225433526,0.825852887849713,0.00531369192486353,0.84393063583815,0.118552494155849,2.42436477169574
,,,,,,,,,,,,,,,,,,,,,,
"Batch mean",,,2.06699991226196,,,1.70728235389106E-5,,,0.849368333816528,,,34.0756988525391,,,0.00451685907319188,,,0.825852870941162,,,,
"Batch standard deviation",,,0,,,0,,,0,,,0,,,0,,,0,,,,
,,,,,,,,,,,,,,,,,,,,,,
"Equivalent circuit",,,,,,,,,,,,,,,,,,,,,,
R1+Q2/(R2+Q3),,,,,,,,,,,,,,,,,,,,,,
