,,,R1/Ohm,"Std err. R1/Ohm","Rank R1","Q2/F.s^(a - 1)","Std err. Q2/F.s^(a - 1)","Rank Q2",a2/,"Std err. a2","Rank a2",R2,"Std err. R2/Ohm","Rank R2","Q3/F.s^(a - 1)","Std err. Q3/F.s^(a - 1)","Rank Q3",a3/,"Std err. a3","Rank a3",Chi^2/|Z|^2,Chi/sqrt(N)/Ohm
C:\Users\HOME\Desktop\JupyterWorkspace\ALBATROSS_Paper\Revision_EIS\NCM811_EIS_40cells\0.1\260117100827_40(6-1).mpr,"Cycle 0",,2.07,xxxx,0.706896551724138,1.81828326921484E-5,1.18096494668747E-6,0.649425287356322,0.841865662377281,0.0067173525451519,1,35.494765635512,0.279515178039177,0.988505747126437,0.00466828226738061,3.83277281370714E-5,0.528735632183908,0.822800162638529,0.00481007395432452,0.833333333333333,0.09690219826204,2.19844143460796
,,,,,,,,,,,,,,,,,,,,,,
"Batch mean",,,2.0699999332428,,,1.8182832718594E-5,,,0.841865658760071,,,35.4947662353516,,,0.00466828234493732,,,0.822800159454346,,,,
"Batch standard deviation",,,0,,,0,,,0,,,0,,,0,,,0,,,,
,,,,,,,,,,,,,,,,,,,,,,
"Equivalent circuit",,,,,,,,,,,,,,,,,,,,,,
R1+Q2/(R2+Q3),,,,,,,,,,,,,,,,,,,,,,
