,,,R1/Ohm,"Std err. R1/Ohm","Rank R1","Q2/F.s^(a - 1)","Std err. Q2/F.s^(a - 1)","Rank Q2",a2/,"Std err. a2","Rank a2",R2,"Std err. R2/Ohm","Rank R2","Q3/F.s^(a - 1)","Std err. Q3/F.s^(a - 1)","Rank Q3",a3/,"Std err. a3","Rank a3",Chi^2/|Z|^2,Chi/sqrt(N)/Ohm
C:\Users\HOME\Desktop\JupyterWorkspace\ALBATROSS_Paper\Revision_EIS\NCM811_EIS_40cells\0.1\260117095941_39(5-8).mpr,"Cycle 0",,2.041,xxxx,0.695402298850575,1.69886809268449E-5,1.10963591867095E-6,0.655172413793103,0.842955138190488,0.006843434998501,1,37.1001941203577,0.300635866418324,0.988505747126437,0.00493059297963065,4.22661553366019E-5,0.528735632183908,0.813790994102359,0.00523171995131965,0.839080459770115,0.0830459599775212,2.28302047664189
,,,,,,,,,,,,,,,,,,,,,,
"Batch mean",,,2.04099988937378,,,1.69886807270814E-5,,,0.842955112457275,,,37.1001930236816,,,0.00493059307336807,,,0.81379097700119,,,,
"Batch standard deviation",,,0,,,0,,,0,,,0,,,0,,,0,,,,
,,,,,,,,,,,,,,,,,,,,,,
"Equivalent circuit",,,,,,,,,,,,,,,,,,,,,,
R1+Q2/(R2+Q3),,,,,,,,,,,,,,,,,,,,,,
