,,,R1/Ohm,"Std err. R1/Ohm","Rank R1","Q2/F.s^(a - 1)","Std err. Q2/F.s^(a - 1)","Rank Q2",a2/,"Std err. a2","Rank a2",R2,"Std err. R2/Ohm","Rank R2","Q3/F.s^(a - 1)","Std err. Q3/F.s^(a - 1)","Rank Q3",a3/,"Std err. a3","Rank a3",Chi^2/|Z|^2,Chi/sqrt(N)/Ohm
C:\Users\HOME\Desktop\JupyterWorkspace\ALBATROSS_Paper\Revision_EIS\NCM811_EIS_40cells\0.1\260117070520_18(3-3).mpr,"Cycle 0",,2.05939509615991,0.0741768123598246,0.695402298850575,1.41489260948391E-5,8.68992706669131E-7,0.649425287356322,0.864429483654779,0.00629550795902864,1,37.9921980648689,0.295906204592682,0.988505747126437,0.00428707413085214,4.36372217895738E-5,0.53448275862069,0.828032194025671,0.00590604801668454,0.839080459770115,0.0779474708312967,2.7579858719807
,,,,,,,,,,,,,,,,,,,,,,
"Batch mean",,,2.05939507484436,,,1.41489263114636E-5,,,0.864429473876953,,,37.9921989440918,,,0.00428707432001829,,,0.828032195568085,,,,
"Batch standard deviation",,,0,,,0,,,0,,,0,,,0,,,0,,,,
,,,,,,,,,,,,,,,,,,,,,,
"Equivalent circuit",,,,,,,,,,,,,,,,,,,,,,
R1+Q2/(R2+Q3),,,,,,,,,,,,,,,,,,,,,,
