,,,R1/Ohm,"Std err. R1/Ohm","Rank R1","Q2/F.s^(a - 1)","Std err. Q2/F.s^(a - 1)","Rank Q2",a2/,"Std err. a2","Rank a2",R2,"Std err. R2/Ohm","Rank R2","Q3/F.s^(a - 1)","Std err. Q3/F.s^(a - 1)","Rank Q3",a3/,"Std err. a3","Rank a3",Chi^2/|Z|^2,Chi/sqrt(N)/Ohm
C:\Users\HOME\Desktop\JupyterWorkspace\ALBATROSS_Paper\Revision_EIS\NCM811_EIS_40cells\0.1\260117060437_10(2-3).mpr,"Cycle 0",,1.925,xxxx,0.689655172413793,1.39108399616893E-5,9.85450362838527E-7,0.655172413793103,0.86513397859429,0.00705207799230379,1,36.752710650736,0.291346521181301,0.982758620689655,0.00416597612589887,3.50360051246699E-5,0.540229885057471,0.833018320823267,0.00452053399476572,0.839080459770115,0.11084150869606,2.78819127510818
,,,,,,,,,,,,,,,,,,,,,,
"Batch mean",,,1.92499995231628,,,1.39108396979282E-5,,,0.865134000778198,,,36.7527122497559,,,0.00416597630828619,,,0.83301830291748,,,,
"Batch standard deviation",,,0,,,0,,,0,,,0,,,0,,,0,,,,
,,,,,,,,,,,,,,,,,,,,,,
"Equivalent circuit",,,,,,,,,,,,,,,,,,,,,,
R1+Q2/(R2+Q3),,,,,,,,,,,,,,,,,,,,,,
