,,,R1/Ohm,"Std err. R1/Ohm","Rank R1","Q2/F.s^(a - 1)","Std err. Q2/F.s^(a - 1)","Rank Q2",a2/,"Std err. a2","Rank a2",R2,"Std err. R2/Ohm","Rank R2","Q3/F.s^(a - 1)","Std err. Q3/F.s^(a - 1)","Rank Q3",a3/,"Std err. a3","Rank a3",Chi^2/|Z|^2,Chi/sqrt(N)/Ohm
C:\Users\HOME\Desktop\JupyterWorkspace\ALBATROSS_Paper\Revision_EIS\NCM811_EIS_40cells\0.1\260117072048_20(3-5).mpr,"Cycle 0",,1.92876927253935,0.100121508822867,0.689655172413793,1.61077903413134E-5,1.27640029247477E-6,0.660919540229885,0.857185169522745,0.00825016362764591,1,36.038709205555,0.392375468960805,0.977011494252874,0.00433052517879217,4.63526821730143E-5,0.540229885057471,0.827592418750676,0.00767358842660424,0.839080459770115,0.139954151505254,2.71296642470968
,,,,,,,,,,,,,,,,,,,,,,
"Batch mean",,,1.92876923084259,,,1.61077896336792E-5,,,0.857185184955597,,,36.0387077331543,,,0.00433052517473698,,,0.827592432498932,,,,
"Batch standard deviation",,,0,,,0,,,0,,,0,,,0,,,0,,,,
,,,,,,,,,,,,,,,,,,,,,,
"Equivalent circuit",,,,,,,,,,,,,,,,,,,,,,
R1+Q2/(R2+Q3),,,,,,,,,,,,,,,,,,,,,,
