,,,R1/Ohm,"Std err. R1/Ohm","Rank R1","Q2/F.s^(a - 1)","Std err. Q2/F.s^(a - 1)","Rank Q2",a2/,"Std err. a2","Rank a2",R2,"Std err. R2/Ohm","Rank R2","Q3/F.s^(a - 1)","Std err. Q3/F.s^(a - 1)","Rank Q3",a3/,"Std err. a3","Rank a3",Chi^2/|Z|^2,Chi/sqrt(N)/Ohm
C:\Users\HOME\Desktop\JupyterWorkspace\ALBATROSS_Paper\Revision_EIS\NCM811_EIS_40cells\0.1\260117051432_2(1-3).mpr,"Cycle 0",,2.02953387332768,0.0922568600042595,0.689655172413793,1.44690655498596E-5,1.15610776738355E-6,0.660919540229885,0.862523976548186,0.00830683685394885,1,38.5260949940778,0.36679649306547,0.982758620689655,0.00431761784707599,3.88726044150367E-5,0.53448275862069,0.822568418740602,0.00641903429649783,0.839080459770115,0.105205291282486,2.72720027035747
,,,,,,,,,,,,,,,,,,,,,,
"Batch mean",,,2.02953386306763,,,1.44690657180035E-5,,,0.862523972988129,,,38.5260963439941,,,0.00431761797517538,,,0.822568416595459,,,,
"Batch standard deviation",,,0,,,0,,,0,,,0,,,0,,,0,,,,
,,,,,,,,,,,,,,,,,,,,,,
"Equivalent circuit",,,,,,,,,,,,,,,,,,,,,,
R1+Q2/(R2+Q3),,,,,,,,,,,,,,,,,,,,,,
