,,,R1/Ohm,"Std err. R1/Ohm","Rank R1","Q2/F.s^(a - 1)","Std err. Q2/F.s^(a - 1)","Rank Q2",a2/,"Std err. a2","Rank a2",R2,"Std err. R2/Ohm","Rank R2","Q3/F.s^(a - 1)","Std err. Q3/F.s^(a - 1)","Rank Q3",a3/,"Std err. a3","Rank a3",Chi^2/|Z|^2,Chi/sqrt(N)/Ohm
C:\Users\HOME\Desktop\JupyterWorkspace\ALBATROSS_Paper\Revision_EIS\NCM811_EIS_40cells\0.1\260119031900_45(6-6).mpr,"Cycle 0",,2.095,xxxx,0.706896551724138,1.85788782812538E-5,1.62032726033344E-6,0.655172413793103,0.840195898631457,0.00932435117002246,1,36.6349056820306,0.272497055214834,0.982758620689655,0.00455679553374452,2.79047686541641E-5,0.528735632183908,0.828629702735994,0.00417612499066229,0.833333333333333,0.107780993959853,1.76037580706083
,,,,,,,,,,,,,,,,,,,,,,
"Batch mean",,,2.09500002861023,,,1.85788776434492E-5,,,0.840195894241333,,,36.6349067687988,,,0.00455679558217525,,,0.828629732131958,,,,
"Batch standard deviation",,,0,,,0,,,0,,,0,,,0,,,0,,,,
,,,,,,,,,,,,,,,,,,,,,,
"Equivalent circuit",,,,,,,,,,,,,,,,,,,,,,
R1+Q2/(R2+Q3),,,,,,,,,,,,,,,,,,,,,,
