,,,R1/Ohm,"Std err. R1/Ohm","Rank R1","Q2/F.s^(a - 1)","Std err. Q2/F.s^(a - 1)","Rank Q2",a2/,"Std err. a2","Rank a2",R2,"Std err. R2/Ohm","Rank R2","Q3/F.s^(a - 1)","Std err. Q3/F.s^(a - 1)","Rank Q3",a3/,"Std err. a3","Rank a3",Chi^2/|Z|^2,Chi/sqrt(N)/Ohm
C:\Users\HOME\Desktop\JupyterWorkspace\ALBATROSS_Paper\Revision_EIS\NCM811_EIS_40cells\0.1\260117082512_28(4-5).mpr,"Cycle 0",,2.00992451032697,0.0980446267932731,0.705202312138728,1.66282483477109E-5,1.40684448098653E-6,0.653179190751445,0.853249198789852,0.00851400961291946,1,33.1695451234744,0.308918316799941,0.982658959537572,0.00432401226063647,4.62415454151254E-5,0.543352601156069,0.828169796907295,0.00595317341996023,0.849710982658959,0.114519851431219,2.41402826079918
,,,,,,,,,,,,,,,,,,,,,,
"Batch mean",,,2.00992441177368,,,1.66282479767688E-5,,,0.853249192237854,,,33.1695442199707,,,0.00432401243597269,,,0.828169822692871,,,,
"Batch standard deviation",,,0,,,0,,,0,,,0,,,0,,,0,,,,
,,,,,,,,,,,,,,,,,,,,,,
"Equivalent circuit",,,,,,,,,,,,,,,,,,,,,,
R1+Q2/(R2+Q3),,,,,,,,,,,,,,,,,,,,,,
