,,,R1/Ohm,"Std err. R1/Ohm","Rank R1","Q2/F.s^(a - 1)","Std err. Q2/F.s^(a - 1)","Rank Q2",a2/,"Std err. a2","Rank a2",R2,"Std err. R2/Ohm","Rank R2","Q3/F.s^(a - 1)","Std err. Q3/F.s^(a - 1)","Rank Q3",a3/,"Std err. a3","Rank a3",Chi^2/|Z|^2,Chi/sqrt(N)/Ohm
C:\Users\HOME\Desktop\JupyterWorkspace\ALBATROSS_Paper\Revision_EIS\NCM811_EIS_40cells\0.1\260117112702_46(6-7).mpr,"Cycle 0",,2.05323254723229,0.0889727551556017,0.710982658959538,1.29399198670601E-5,1.183192661541E-6,0.653179190751445,0.880246023785933,0.00934995399158739,1,34.1639698761564,0.362023388716664,0.988439306358382,0.00467800208660642,5.71648508662399E-5,0.53757225433526,0.816863247879798,0.00677712803849467,0.84393063583815,0.134454022656497,2.70624876885257
,,,,,,,,,,,,,,,,,,,,,,
"Batch mean",,,2.05323243141174,,,1.29399195429869E-5,,,0.880246043205261,,,34.1639709472656,,,0.0046780020929873,,,0.816863238811493,,,,
"Batch standard deviation",,,0,,,0,,,0,,,0,,,0,,,0,,,,
,,,,,,,,,,,,,,,,,,,,,,
"Equivalent circuit",,,,,,,,,,,,,,,,,,,,,,
R1+Q2/(R2+Q3),,,,,,,,,,,,,,,,,,,,,,
