,,,R1/Ohm,"Std err. R1/Ohm","Rank R1","Q2/F.s^(a - 1)","Std err. Q2/F.s^(a - 1)","Rank Q2",a2/,"Std err. a2","Rank a2",R2,"Std err. R2/Ohm","Rank R2","Q3/F.s^(a - 1)","Std err. Q3/F.s^(a - 1)","Rank Q3",a3/,"Std err. a3","Rank a3",Chi^2/|Z|^2,Chi/sqrt(N)/Ohm
C:\Users\HOME\Desktop\JupyterWorkspace\ALBATROSS_Paper\Revision_EIS\NCM811_EIS_40cells\0.1\260117065051_16(3-1).mpr,"Cycle 0",,2.07287836376567,0.0817791251851678,0.710982658959538,1.5289710278245E-5,1.08768264212166E-6,0.653179190751445,0.865935889471132,0.00725556229442151,1,34.1100770811173,0.311923527869151,0.982658959537572,0.00427036820367348,3.54522646335464E-5,0.53757225433526,0.829864953711357,0.00610290040477177,0.849710982658959,0.104170382670855,2.44449941907708
,,,,,,,,,,,,,,,,,,,,,,
"Batch mean",,,2.07287836074829,,,1.52897100633709E-5,,,0.865935862064362,,,34.1100769042969,,,0.00427036825567484,,,0.829864978790283,,,,
"Batch standard deviation",,,0,,,0,,,0,,,0,,,0,,,0,,,,
,,,,,,,,,,,,,,,,,,,,,,
"Equivalent circuit",,,,,,,,,,,,,,,,,,,,,,
R1+Q2/(R2+Q3),,,,,,,,,,,,,,,,,,,,,,
