,,,R1/Ohm,"Std err. R1/Ohm","Rank R1","Q2/F.s^(a - 1)","Std err. Q2/F.s^(a - 1)","Rank Q2",a2/,"Std err. a2","Rank a2",R2,"Std err. R2/Ohm","Rank R2","Q3/F.s^(a - 1)","Std err. Q3/F.s^(a - 1)","Rank Q3",a3/,"Std err. a3","Rank a3",Chi^2/|Z|^2,Chi/sqrt(N)/Ohm
C:\Users\HOME\Desktop\JupyterWorkspace\ALBATROSS_Paper\Revision_EIS\NCM811_EIS_40cells\0.1\260117095023_38(5-7).mpr,"Cycle 0",,2.01859630229548,0.0893728178090852,0.715116279069768,1.38839644922969E-5,1.00185318478772E-6,0.645348837209302,0.872193445745233,0.00732179100255215,1,32.2405387043275,0.308326356401048,0.988372093023256,0.00429776197116068,4.50095241452936E-5,0.552325581395349,0.826852008600921,0.00597721340221391,0.86046511627907,0.100899677765186,2.79406682422699
,,,,,,,,,,,,,,,,,,,,,,
"Batch mean",,,2.01859641075134,,,1.38839641294908E-5,,,0.872193455696106,,,32.2405395507813,,,0.00429776217788458,,,0.826852023601532,,,,
"Batch standard deviation",,,0,,,0,,,0,,,0,,,0,,,0,,,,
,,,,,,,,,,,,,,,,,,,,,,
"Equivalent circuit",,,,,,,,,,,,,,,,,,,,,,
R1+Q2/(R2+Q3),,,,,,,,,,,,,,,,,,,,,,
