,,,R1/Ohm,"Std err. R1/Ohm","Rank R1","Q2/F.s^(a - 1)","Std err. Q2/F.s^(a - 1)","Rank Q2",a2/,"Std err. a2","Rank a2",R2,"Std err. R2/Ohm","Rank R2","Q3/F.s^(a - 1)","Std err. Q3/F.s^(a - 1)","Rank Q3",a3/,"Std err. a3","Rank a3",Chi^2/|Z|^2,Chi/sqrt(N)/Ohm
C:\Users\HOME\Desktop\JupyterWorkspace\ALBATROSS_Paper\Revision_EIS\NCM811_EIS_40cells\0.1\260117083339_29(4-6).mpr,"Cycle 0",,2.044,xxxx,0.701149425287356,1.82459942440547E-5,1.1868785617202E-6,0.649425287356322,0.841543354604607,0.00682474026142979,1,35.2865679231997,0.280101587718542,0.982758620689655,0.00452513187086194,3.46422997505113E-5,0.53448275862069,0.822751883176474,0.00454788658770879,0.839080459770115,0.0832245800199027,2.31341693645515
,,,,,,,,,,,,,,,,,,,,,,
"Batch mean",,,2.04399991035461,,,1.82459934876533E-5,,,0.84154337644577,,,35.2865676879883,,,0.00452513201162219,,,0.822751879692078,,,,
"Batch standard deviation",,,0,,,0,,,0,,,0,,,0,,,0,,,,
,,,,,,,,,,,,,,,,,,,,,,
"Equivalent circuit",,,,,,,,,,,,,,,,,,,,,,
R1+Q2/(R2+Q3),,,,,,,,,,,,,,,,,,,,,,
