,,,R1/Ohm,"Std err. R1/Ohm","Rank R1","Q2/F.s^(a - 1)","Std err. Q2/F.s^(a - 1)","Rank Q2",a2/,"Std err. a2","Rank a2",R2,"Std err. R2/Ohm","Rank R2","Q3/F.s^(a - 1)","Std err. Q3/F.s^(a - 1)","Rank Q3",a3/,"Std err. a3","Rank a3",Chi^2/|Z|^2,Chi/sqrt(N)/Ohm
C:\Users\HOME\Desktop\JupyterWorkspace\ALBATROSS_Paper\Revision_EIS\NCM811_EIS_40cells\0.1\260117094120_37(5-6).mpr,"Cycle 0",,1.97770346165843,0.0943103276017204,0.705202312138728,1.4843819129879E-5,1.17332370985723E-6,0.653179190751445,0.865169498802696,0.00829862403362958,1,33.8651148016692,0.350069073218327,0.982658959537572,0.00445655777557664,4.90143315549946E-5,0.543352601156069,0.817578251582183,0.00667262550829082,0.849710982658959,0.124181806869085,3.07284808996484
,,,,,,,,,,,,,,,,,,,,,,
"Batch mean",,,1.97770345211029,,,1.48438193718903E-5,,,0.865169525146484,,,33.8651161193848,,,0.00445655779913068,,,0.817578256130219,,,,
"Batch standard deviation",,,0,,,0,,,0,,,0,,,0,,,0,,,,
,,,,,,,,,,,,,,,,,,,,,,
"Equivalent circuit",,,,,,,,,,,,,,,,,,,,,,
R1+Q2/(R2+Q3),,,,,,,,,,,,,,,,,,,,,,
