,,,R1/Ohm,"Std err. R1/Ohm","Rank R1","Q2/F.s^(a - 1)","Std err. Q2/F.s^(a - 1)","Rank Q2",a2/,"Std err. a2","Rank a2",R2,"Std err. R2/Ohm","Rank R2","Q3/F.s^(a - 1)","Std err. Q3/F.s^(a - 1)","Rank Q3",a3/,"Std err. a3","Rank a3",Chi^2/|Z|^2,Chi/sqrt(N)/Ohm
C:\Users\HOME\Desktop\JupyterWorkspace\ALBATROSS_Paper\Revision_EIS\NCM811_EIS_40cells\0.1\260119031018_44(6-5).mpr,"Cycle 0",,2.063,xxxx,0.701149425287356,1.50336042892684E-5,1.02130567107806E-6,0.649425287356322,0.858670967506747,0.00691568957421165,1,37.3954866263052,0.280152659913051,0.988505747126437,0.00440986107603668,3.98670845237856E-5,0.528735632183908,0.82792620353117,0.00505070123327436,0.839080459770115,0.101006155558274,2.51168462459006
,,,,,,,,,,,,,,,,,,,,,,
"Batch mean",,,2.06299996376038,,,1.50336045408039E-5,,,0.858670949935913,,,37.3954849243164,,,0.00440986128523946,,,0.827926218509674,,,,
"Batch standard deviation",,,0,,,0,,,0,,,0,,,0,,,0,,,,
,,,,,,,,,,,,,,,,,,,,,,
"Equivalent circuit",,,,,,,,,,,,,,,,,,,,,,
R1+Q2/(R2+Q3),,,,,,,,,,,,,,,,,,,,,,
