,,,R1/Ohm,"Std err. R1/Ohm","Rank R1","Q2/F.s^(a - 1)","Std err. Q2/F.s^(a - 1)","Rank Q2",a2/,"Std err. a2","Rank a2",R2,"Std err. R2/Ohm","Rank R2","Q3/F.s^(a - 1)","Std err. Q3/F.s^(a - 1)","Rank Q3",a3/,"Std err. a3","Rank a3",Chi^2/|Z|^2,Chi/sqrt(N)/Ohm
C:\Users\HOME\Desktop\JupyterWorkspace\ALBATROSS_Paper\Revision_EIS\NCM811_EIS_40cells\0.1\260117071257_19(3-4).mpr,"Cycle 0",,2.423,xxxx,0.689265536723164,3.08888598772023E-5,4.29617267449204E-6,0.661016949152542,0.785539068401843,0.0152926564111412,1,37.9653743189234,0.45634226891201,0.96045197740113,0.00468435417374988,3.82388972123761E-5,0.508474576271186,0.830039558794589,0.00715840833488566,0.807909604519774,0.196324689575403,1.6615864619203
,,,,,,,,,,,,,,,,,,,,,,
"Batch mean",,,2.42300009727478,,,3.08888593281154E-5,,,0.785539090633392,,,37.9653739929199,,,0.00468435417860746,,,0.83003956079483,,,,
"Batch standard deviation",,,0,,,0,,,0,,,0,,,0,,,0,,,,
,,,,,,,,,,,,,,,,,,,,,,
"Equivalent circuit",,,,,,,,,,,,,,,,,,,,,,
R1+Q2/(R2+Q3),,,,,,,,,,,,,,,,,,,,,,
