,,,R1/Ohm,"Std err. R1/Ohm","Rank R1","Q2/F.s^(a - 1)","Std err. Q2/F.s^(a - 1)","Rank Q2",a2/,"Std err. a2","Rank a2",R2,"Std err. R2/Ohm","Rank R2","Q3/F.s^(a - 1)","Std err. Q3/F.s^(a - 1)","Rank Q3",a3/,"Std err. a3","Rank a3",Chi^2/|Z|^2,Chi/sqrt(N)/Ohm
C:\Users\HOME\Desktop\JupyterWorkspace\ALBATROSS_Paper\Revision_EIS\NCM811_EIS_40cells\0.1\260117085940_32(5-1).mpr,"Cycle 0",,2.088,xxxx,0.691428571428571,2.34911771644407E-5,2.412967614657E-6,0.651428571428572,0.814123636848694,0.0108435425888519,1,34.6717523691113,0.363950359608442,0.982857142857143,0.00484653255143959,3.30474111280686E-5,0.525714285714286,0.824670559511382,0.00485500642508446,0.828571428571429,0.128360240869475,1.78885616049201
,,,,,,,,,,,,,,,,,,,,,,
"Batch mean",,,2.08800005912781,,,2.3491176762036E-5,,,0.814123630523682,,,34.6717529296875,,,0.00484653236344457,,,0.824670553207397,,,,
"Batch standard deviation",,,0,,,0,,,0,,,0,,,0,,,0,,,,
,,,,,,,,,,,,,,,,,,,,,,
"Equivalent circuit",,,,,,,,,,,,,,,,,,,,,,
R1+Q2/(R2+Q3),,,,,,,,,,,,,,,,,,,,,,
