,,,R1/Ohm,"Std err. R1/Ohm","Rank R1","Q2/F.s^(a - 1)","Std err. Q2/F.s^(a - 1)","Rank Q2",a2/,"Std err. a2","Rank a2",R2,"Std err. R2/Ohm","Rank R2","Q3/F.s^(a - 1)","Std err. Q3/F.s^(a - 1)","Rank Q3",a3/,"Std err. a3","Rank a3",Chi^2/|Z|^2,Chi/sqrt(N)/Ohm
C:\Users\HOME\Desktop\JupyterWorkspace\ALBATROSS_Paper\Revision_EIS\NCM811_EIS_40cells\0.1\260123025346_9(2-2).mpr,"Cycle 0",,2.084,xxxx,0.706896551724138,1.99554686958449E-5,1.69439325972129E-6,0.649425287356322,0.833237833257207,0.0090427678793172,1,35.4674987771884,0.315852524572103,0.988505747126437,0.0048844688491384,3.43740566622079E-5,0.528735632183908,0.820262455361458,0.00456746017129607,0.833333333333333,0.129530984264869,2.17897923200729
,,,,,,,,,,,,,,,,,,,,,,
"Batch mean",,,2.08400011062622,,,1.99554688151693E-5,,,0.833237826824188,,,35.4674987792969,,,0.00488446885719895,,,0.820262432098389,,,,
"Batch standard deviation",,,0,,,0,,,0,,,0,,,0,,,0,,,,
,,,,,,,,,,,,,,,,,,,,,,
"Equivalent circuit",,,,,,,,,,,,,,,,,,,,,,
R1+Q2/(R2+Q3),,,,,,,,,,,,,,,,,,,,,,
