,,,R1/Ohm,"Std err. R1/Ohm","Rank R1","Q2/F.s^(a - 1)","Std err. Q2/F.s^(a - 1)","Rank Q2",a2/,"Std err. a2","Rank a2",R2,"Std err. R2/Ohm","Rank R2","Q3/F.s^(a - 1)","Std err. Q3/F.s^(a - 1)","Rank Q3",a3/,"Std err. a3","Rank a3",Chi^2/|Z|^2,Chi/sqrt(N)/Ohm
C:\Users\HOME\Desktop\JupyterWorkspace\ALBATROSS_Paper\Revision_EIS\NCM811_EIS_40cells\0.1\260117055736_9(2-2).mpr,"Cycle 0",,2.074,xxxx,0.685714285714286,2.04210828352907E-5,1.72421530199726E-6,0.657142857142857,0.825829253139412,0.00871631858564205,1,36.7063829842208,0.295401555415833,0.982857142857143,0.00443325799190452,3.4726500548776E-5,0.525714285714286,0.832745276286297,0.00510454620975079,0.828571428571429,0.114262803380535,2.12519987787297
,,,,,,,,,,,,,,,,,,,,,,
"Batch mean",,,2.07399988174438,,,2.04210828087525E-5,,,0.825829267501831,,,36.7063827514648,,,0.00443325797095895,,,0.832745254039764,,,,
"Batch standard deviation",,,0,,,0,,,0,,,0,,,0,,,0,,,,
,,,,,,,,,,,,,,,,,,,,,,
"Equivalent circuit",,,,,,,,,,,,,,,,,,,,,,
R1+Q2/(R2+Q3),,,,,,,,,,,,,,,,,,,,,,
