,,,R1/Ohm,"Std err. R1/Ohm","Rank R1","Q2/F.s^(a - 1)","Std err. Q2/F.s^(a - 1)","Rank Q2",a2/,"Std err. a2","Rank a2",R2,"Std err. R2/Ohm","Rank R2","Q3/F.s^(a - 1)","Std err. Q3/F.s^(a - 1)","Rank Q3",a3/,"Std err. a3","Rank a3",Chi^2/|Z|^2,Chi/sqrt(N)/Ohm
C:\Users\HOME\Desktop\JupyterWorkspace\ALBATROSS_Paper\Revision_EIS\NCM811_EIS_40cells\0.1\260117081700_27(4-4).mpr,"Cycle 0",,2.048,xxxx,0.710982658959538,1.85626475933067E-5,1.20363656632524E-6,0.653179190751445,0.845028300317798,0.00660938874977795,1,31.8275011449792,0.255726326962607,0.982658959537572,0.0044763913338257,3.40030098712484E-5,0.53757225433526,0.825853303429967,0.00496865146855514,0.849710982658959,0.0890380533575385,2.42936453872216
,,,,,,,,,,,,,,,,,,,,,,
"Batch mean",,,2.04800009727478,,,1.85626468010014E-5,,,0.845028281211853,,,31.8275012969971,,,0.00447639124467969,,,0.825853288173676,,,,
"Batch standard deviation",,,0,,,0,,,0,,,0,,,0,,,0,,,,
,,,,,,,,,,,,,,,,,,,,,,
"Equivalent circuit",,,,,,,,,,,,,,,,,,,,,,
R1+Q2/(R2+Q3),,,,,,,,,,,,,,,,,,,,,,
