,,,R1/Ohm,"Std err. R1/Ohm","Rank R1","Q2/F.s^(a - 1)","Std err. Q2/F.s^(a - 1)","Rank Q2",a2/,"Std err. a2","Rank a2",R2,"Std err. R2/Ohm","Rank R2","Q3/F.s^(a - 1)","Std err. Q3/F.s^(a - 1)","Rank Q3",a3/,"Std err. a3","Rank a3",R3,"Std err. R3/Ohm","Rank R3","Q4/F.s^(a - 1)","Std err. Q4/F.s^(a - 1)","Rank Q4",a4/,"Std err. a4","Rank a4",Chi^2/|Z|^2,Chi/sqrt(N)/Ohm
C:\Users\HOME\Desktop\JupyterWorkspace\ALBATROSS_Paper\Revision_EIS\NCM811_EIS_40cells\restcheck\260121231403_43(6-4).mpr,"Cycle 0",,4.4520001411438,xxxx,0.851351351351351,8.63099994603544E-5,xxxx,0.746621621621622,0.726599991321564,xxxx,0.956081081081081,58.2200012207031,xxxx,1,0.00599720614380347,0.000157986475177646,0.560810810810811,0.999999999999997,0.0010322334613911,0.75,10.8424017715067,0.533302850302115,0.537162162162162,0.235034102665921,0.0252188995958307,0.22972972972973,0.351049149931887,0.03695410525567,0.297297297297297,0.0145436714107625,0.467629596511403
,,,,,,,,,,,,,,,,,,,,,,,,,,,,,,,
"Batch mean",,,4.4520001411438,,,8.63099994603544E-5,,,0.726599991321564,,,58.2200012207031,,,0.00599720608443022,,,1,,,10.8424015045166,,,0.235034108161926,,,0.351049154996872,,,,
"Batch standard deviation",,,0,,,0,,,0,,,0,,,0,,,0,,,0,,,0,,,0,,,,
,,,,,,,,,,,,,,,,,,,,,,,,,,,,,,,
"Equivalent circuit",,,,,,,,,,,,,,,,,,,,,,,,,,,,,,,
R1+Q2/R2+Q3/(R3+Q4),,,,,,,,,,,,,,,,,,,,,,,,,,,,,,,
