,,,R1/Ohm,"Std err. R1/Ohm","Rank R1","Q2/F.s^(a - 1)","Std err. Q2/F.s^(a - 1)","Rank Q2",a2/,"Std err. a2","Rank a2",R2,"Std err. R2/Ohm","Rank R2","Q3/F.s^(a - 1)","Std err. Q3/F.s^(a - 1)","Rank Q3",a3/,"Std err. a3","Rank a3",R3,"Std err. R3/Ohm","Rank R3","Q4/F.s^(a - 1)","Std err. Q4/F.s^(a - 1)","Rank Q4",a4/,"Std err. a4","Rank a4",Chi^2/|Z|^2,Chi/sqrt(N)/Ohm
C:\Users\HOME\Desktop\JupyterWorkspace\ALBATROSS_Paper\Revision_EIS\NCM811_EIS_40cells\restcheck\260122005254_43(6-4).mpr,"Cycle 0",,4.29199981689453,xxxx,0.827702702702703,8.12200014479458E-5,xxxx,0.75,0.728299975395203,xxxx,0.962837837837838,66.2399978637695,xxxx,1,0.00529448113800169,0.000173743985590396,0.564189189189189,0.999999999999991,0.00035797530198449,0.753378378378378,12.572054240982,0.779003208130608,0.537162162162162,0.179936585185271,0.0232942146583553,0.239864864864865,0.323373373014521,0.0527939947288022,0.293918918918919,0.0186124093033147,0.52909063972112
,,,,,,,,,,,,,,,,,,,,,,,,,,,,,,,
"Batch mean",,,4.29199981689453,,,8.12200014479458E-5,,,0.728299975395203,,,66.2399978637695,,,0.00529448129236698,,,1,,,12.5720539093018,,,0.179936587810516,,,0.323373377323151,,,,
"Batch standard deviation",,,0,,,0,,,0,,,0,,,0,,,0,,,0,,,0,,,0,,,,
,,,,,,,,,,,,,,,,,,,,,,,,,,,,,,,
"Equivalent circuit",,,,,,,,,,,,,,,,,,,,,,,,,,,,,,,
R1+Q2/R2+Q3/(R3+Q4),,,,,,,,,,,,,,,,,,,,,,,,,,,,,,,
