,,,R1/Ohm,"Std err. R1/Ohm","Rank R1","Q2/F.s^(a - 1)","Std err. Q2/F.s^(a - 1)","Rank Q2",a2/,"Std err. a2","Rank a2",R2,"Std err. R2/Ohm","Rank R2","Q3/F.s^(a - 1)","Std err. Q3/F.s^(a - 1)","Rank Q3",a3/,"Std err. a3","Rank a3",R3,"Std err. R3/Ohm","Rank R3","Q4/F.s^(a - 1)","Std err. Q4/F.s^(a - 1)","Rank Q4",a4/,"Std err. a4","Rank a4",Chi^2/|Z|^2,Chi/sqrt(N)/Ohm
C:\Users\HOME\Desktop\JupyterWorkspace\ALBATROSS_Paper\Revision_EIS\NCM811_EIS_40cells\restcheck\260122000328_43(6-4).mpr,"Cycle 0",,4.34700012207031,xxxx,0.834459459459459,8.3270002505742E-5,xxxx,0.75,0.727100014686584,xxxx,0.962837837837838,63.3800010681152,xxxx,1,0.00580937698101077,0.000162534521659028,0.564189189189189,1,0,0.753378378378378,13.0827804064058,0.319577844145552,0.537162162162162,0.251550496446815,0.0213031815462935,0.222972972972973,0.427389286848557,0.0354050341561734,0.304054054054054,0.0173098183497062,0.534038503481479
,,,,,,,,,,,,,,,,,,,,,,,,,,,,,,,
"Batch mean",,,4.34700012207031,,,8.3270002505742E-5,,,0.727100014686584,,,63.3800010681152,,,0.00580937694758177,,,1,,,13.0827808380127,,,0.251550495624542,,,0.427389293909073,,,,
"Batch standard deviation",,,0,,,0,,,0,,,0,,,0,,,0,,,0,,,0,,,0,,,,
,,,,,,,,,,,,,,,,,,,,,,,,,,,,,,,
"Equivalent circuit",,,,,,,,,,,,,,,,,,,,,,,,,,,,,,,
R1+Q2/R2+Q3/(R3+Q4),,,,,,,,,,,,,,,,,,,,,,,,,,,,,,,
