,,,R1/Ohm,"Std err. R1/Ohm","Rank R1","Q2/F.s^(a - 1)","Std err. Q2/F.s^(a - 1)","Rank Q2",a2/,"Std err. a2","Rank a2",R2,"Std err. R2/Ohm","Rank R2","Q3/F.s^(a - 1)","Std err. Q3/F.s^(a - 1)","Rank Q3",a3/,"Std err. a3","Rank a3",R3,"Std err. R3/Ohm","Rank R3","Q4/F.s^(a - 1)","Std err. Q4/F.s^(a - 1)","Rank Q4",a4/,"Std err. a4","Rank a4",Chi^2/|Z|^2,Chi/sqrt(N)/Ohm
C:\Users\HOME\Desktop\JupyterWorkspace\ALBATROSS_Paper\Revision_EIS\NCM811_EIS_40cells\restcheck\260121232810_43(6-4).mpr,"Cycle 0",,4.43900012969971,xxxx,0.851351351351351,8.37400002637878E-5,xxxx,0.746621621621622,0.728299975395203,xxxx,0.956081081081081,61.0499992370605,xxxx,1,0.00593899982050061,xxxx,0.560810810810811,1,xxxx,0.75,11.4700002670288,xxxx,0.537162162162162,0.232617519833186,0.00351917789594862,0.22972972972973,0.349933196743171,0.0097836293916108,0.297297297297297,0.0124475242602527,0.481777032723238
,,,,,,,,,,,,,,,,,,,,,,,,,,,,,,,
"Batch mean",,,4.43900012969971,,,8.37400002637878E-5,,,0.728299975395203,,,61.0499992370605,,,0.00593899982050061,,,1,,,11.4700002670288,,,0.232617527246475,,,0.349933207035065,,,,
"Batch standard deviation",,,0,,,0,,,0,,,0,,,0,,,0,,,0,,,0,,,0,,,,
,,,,,,,,,,,,,,,,,,,,,,,,,,,,,,,
"Equivalent circuit",,,,,,,,,,,,,,,,,,,,,,,,,,,,,,,
R1+Q2/R2+Q3/(R3+Q4),,,,,,,,,,,,,,,,,,,,,,,,,,,,,,,
