,,,R1/Ohm,"Std err. R1/Ohm","Rank R1","Q2/F.s^(a - 1)","Std err. Q2/F.s^(a - 1)","Rank Q2",a2/,"Std err. a2","Rank a2",R2,"Std err. R2/Ohm","Rank R2","Q3/F.s^(a - 1)","Std err. Q3/F.s^(a - 1)","Rank Q3",a3/,"Std err. a3","Rank a3",R3,"Std err. R3/Ohm","Rank R3","Q4/F.s^(a - 1)","Std err. Q4/F.s^(a - 1)","Rank Q4",a4/,"Std err. a4","Rank a4",Chi^2/|Z|^2,Chi/sqrt(N)/Ohm
C:\Users\HOME\Desktop\JupyterWorkspace\ALBATROSS_Paper\Revision_EIS\NCM811_EIS_40cells\restcheck\260122011737_43(6-4).mpr,"Cycle 0",,4.30900001525879,xxxx,0.830508474576271,8.0229998275172E-5,xxxx,0.755932203389831,0.72979998588562,xxxx,0.966101694915254,66.4300003051758,xxxx,1,0.0053013497945846,0.00014681292219953,0.566101694915254,0.999999998907194,8.99545943309361E-6,0.755932203389831,12.9482872343135,0.68032244460315,0.538983050847458,0.184872970512716,0.02294150289353,0.240677966101695,0.322683152026492,0.0482434124889323,0.294915254237288,0.0137216377276297,0.511010686772695
,,,,,,,,,,,,,,,,,,,,,,,,,,,,,,,
"Batch mean",,,4.30900001525879,,,8.0229998275172E-5,,,0.72979998588562,,,66.4300003051758,,,0.00530134979635477,,,1,,,12.9482870101929,,,0.184872969985008,,,0.322683155536652,,,,
"Batch standard deviation",,,0,,,0,,,0,,,0,,,0,,,0,,,0,,,0,,,0,,,,
,,,,,,,,,,,,,,,,,,,,,,,,,,,,,,,
"Equivalent circuit",,,,,,,,,,,,,,,,,,,,,,,,,,,,,,,
R1+Q2/R2+Q3/(R3+Q4),,,,,,,,,,,,,,,,,,,,,,,,,,,,,,,
