,,,R1/Ohm,"Std err. R1/Ohm","Rank R1","Q2/F.s^(a - 1)","Std err. Q2/F.s^(a - 1)","Rank Q2",a2/,"Std err. a2","Rank a2",R2,"Std err. R2/Ohm","Rank R2","Q3/F.s^(a - 1)","Std err. Q3/F.s^(a - 1)","Rank Q3",a3/,"Std err. a3","Rank a3",R3,"Std err. R3/Ohm","Rank R3","Q4/F.s^(a - 1)","Std err. Q4/F.s^(a - 1)","Rank Q4",a4/,"Std err. a4","Rank a4",Chi^2/|Z|^2,Chi/sqrt(N)/Ohm
C:\Users\HOME\Desktop\JupyterWorkspace\ALBATROSS_Paper\Revision_EIS\NCM811_EIS_40cells\restcheck\260122010330_43(6-4).mpr,"Cycle 0",,4.26700019836426,xxxx,0.831081081081081,8.14000013633631E-5,xxxx,0.75,0.727800011634827,xxxx,0.962837837837838,66.2399978637695,xxxx,1,0.00529638363617807,0.000175283692114281,0.564189189189189,1,1.04168340620007E-10,0.753378378378378,13.4134815929444,0.693623533554952,0.537162162162162,0.202252827591866,0.0267508649855476,0.233108108108108,0.357402104453497,0.0516400772530495,0.297297297297297,0.0210000210229631,0.547366207530164
,,,,,,,,,,,,,,,,,,,,,,,,,,,,,,,
"Batch mean",,,4.26700019836426,,,8.14000013633631E-5,,,0.727800011634827,,,66.2399978637695,,,0.00529638351872563,,,1,,,13.4134817123413,,,0.202252835035324,,,0.357402116060257,,,,
"Batch standard deviation",,,0,,,0,,,0,,,0,,,0,,,0,,,0,,,0,,,0,,,,
,,,,,,,,,,,,,,,,,,,,,,,,,,,,,,,
"Equivalent circuit",,,,,,,,,,,,,,,,,,,,,,,,,,,,,,,
R1+Q2/R2+Q3/(R3+Q4),,,,,,,,,,,,,,,,,,,,,,,,,,,,,,,
