,,,R1/Ohm,"Std err. R1/Ohm","Rank R1","Q2/F.s^(a - 1)","Std err. Q2/F.s^(a - 1)","Rank Q2",a2/,"Std err. a2","Rank a2",R2,"Std err. R2/Ohm","Rank R2","Q3/F.s^(a - 1)","Std err. Q3/F.s^(a - 1)","Rank Q3",a3/,"Std err. a3","Rank a3",R3,"Std err. R3/Ohm","Rank R3","Q4/F.s^(a - 1)","Std err. Q4/F.s^(a - 1)","Rank Q4",a4/,"Std err. a4","Rank a4",Chi^2/|Z|^2,Chi/sqrt(N)/Ohm
C:\Users\HOME\Desktop\JupyterWorkspace\ALBATROSS_Paper\Revision_EIS\NCM811_EIS_40cells\restcheck\260122013848_43(6-4).mpr,"Cycle 0",,4.31094428170462,0.0509009083780488,0.833333333333333,7.94951512197417E-5,2.21874358575387E-6,0.758503401360544,0.729948053436404,0.00337614678381389,0.972789115646258,67.9884540371501,0.177410797146728,1,0.00529700005427003,xxxx,0.568027210884354,1,xxxx,0.758503401360544,13.9700002670288,xxxx,0.540816326530612,0.195800006389618,xxxx,0.238095238095238,0.343199998140335,xxxx,0.299319727891156,0.0138988554430488,0.554501922555412
,,,,,,,,,,,,,,,,,,,,,,,,,,,,,,,
"Batch mean",,,4.31094408035278,,,7.94951483840123E-5,,,0.729948043823242,,,67.9884567260742,,,0.00529700005427003,,,1,,,13.9700002670288,,,0.195800006389618,,,0.343199998140335,,,,
"Batch standard deviation",,,0,,,0,,,0,,,0,,,0,,,0,,,0,,,0,,,0,,,,
,,,,,,,,,,,,,,,,,,,,,,,,,,,,,,,
"Equivalent circuit",,,,,,,,,,,,,,,,,,,,,,,,,,,,,,,
R1+Q2/R2+Q3/(R3+Q4),,,,,,,,,,,,,,,,,,,,,,,,,,,,,,,
