,,,R1/Ohm,"Std err. R1/Ohm","Rank R1","Q2/F.s^(a - 1)","Std err. Q2/F.s^(a - 1)","Rank Q2",a2/,"Std err. a2","Rank a2",R2,"Std err. R2/Ohm","Rank R2","Q3/F.s^(a - 1)","Std err. Q3/F.s^(a - 1)","Rank Q3",a3/,"Std err. a3","Rank a3",R3,"Std err. R3/Ohm","Rank R3","Q4/F.s^(a - 1)","Std err. Q4/F.s^(a - 1)","Rank Q4",a4/,"Std err. a4","Rank a4",Chi^2/|Z|^2,Chi/sqrt(N)/Ohm
C:\Users\HOME\Desktop\JupyterWorkspace\ALBATROSS_Paper\Revision_EIS\NCM811_EIS_40cells\restcheck\260122003847_43(6-4).mpr,"Cycle 0",,4.28900003433228,xxxx,0.827702702702703,8.28999982331879E-5,xxxx,0.75,0.727100014686584,xxxx,0.962837837837838,64.2699966430664,xxxx,1,0.00554175383756909,0.00018019373181673,0.564189189189189,0.999999999999973,0.000406550700080608,0.753378378378378,12.5325159077848,0.675312018590225,0.537162162162162,0.199497311870038,0.0263926605066738,0.236486486486486,0.343172576728722,0.0587383575143624,0.297297297297297,0.0175606425775851,0.536356734110073
,,,,,,,,,,,,,,,,,,,,,,,,,,,,,,,
"Batch mean",,,4.28900003433228,,,8.28999982331879E-5,,,0.727100014686584,,,64.2699966430664,,,0.00554175395518541,,,1,,,12.5325155258179,,,0.199497312307358,,,0.343172580003738,,,,
"Batch standard deviation",,,0,,,0,,,0,,,0,,,0,,,0,,,0,,,0,,,0,,,,
,,,,,,,,,,,,,,,,,,,,,,,,,,,,,,,
"Equivalent circuit",,,,,,,,,,,,,,,,,,,,,,,,,,,,,,,
R1+Q2/R2+Q3/(R3+Q4),,,,,,,,,,,,,,,,,,,,,,,,,,,,,,,
