,,,R1/Ohm,"Std err. R1/Ohm","Rank R1","Q2/F.s^(a - 1)","Std err. Q2/F.s^(a - 1)","Rank Q2",a2/,"Std err. a2","Rank a2",R2,"Std err. R2/Ohm","Rank R2","Q3/F.s^(a - 1)","Std err. Q3/F.s^(a - 1)","Rank Q3",a3/,"Std err. a3","Rank a3",R3,"Std err. R3/Ohm","Rank R3","Q4/F.s^(a - 1)","Std err. Q4/F.s^(a - 1)","Rank Q4",a4/,"Std err. a4","Rank a4",Chi^2/|Z|^2,Chi/sqrt(N)/Ohm
C:\Users\HOME\Desktop\JupyterWorkspace\ALBATROSS_Paper\Revision_EIS\NCM811_EIS_40cells\restcheck\260121230328_43(6-4).mpr,"Cycle 0",,4.45100021362305,xxxx,0.858108108108108,9.11399984033778E-5,xxxx,0.743243243243243,0.722699999809265,xxxx,0.952702702702703,54.6599998474121,xxxx,1,0.00606234911244436,0.000176574618530578,0.550675675675676,0.999999999999997,0.000645838684676408,0.746621621621622,9.82332275890233,0.649946389163648,0.537162162162162,0.227362752135434,0.031337026385336,0.246621621621622,0.303476024957659,0.0499036470113906,0.293918918918919,0.0154685010647229,0.427161784047641
,,,,,,,,,,,,,,,,,,,,,,,,,,,,,,,
"Batch mean",,,4.45100021362305,,,9.11399984033778E-5,,,0.722699999809265,,,54.6599998474121,,,0.00606234930455685,,,1,,,9.82332229614258,,,0.227362751960754,,,0.30347603559494,,,,
"Batch standard deviation",,,0,,,0,,,0,,,0,,,0,,,0,,,0,,,0,,,0,,,,
,,,,,,,,,,,,,,,,,,,,,,,,,,,,,,,
"Equivalent circuit",,,,,,,,,,,,,,,,,,,,,,,,,,,,,,,
R1+Q2/R2+Q3/(R3+Q4),,,,,,,,,,,,,,,,,,,,,,,,,,,,,,,
