,,,R1/Ohm,"Std err. R1/Ohm","Rank R1","Q2/F.s^(a - 1)","Std err. Q2/F.s^(a - 1)","Rank Q2",a2/,"Std err. a2","Rank a2",R2,"Std err. R2/Ohm","Rank R2","Q3/F.s^(a - 1)","Std err. Q3/F.s^(a - 1)","Rank Q3",a3/,"Std err. a3","Rank a3",R3,"Std err. R3/Ohm","Rank R3","Q4/F.s^(a - 1)","Std err. Q4/F.s^(a - 1)","Rank Q4",a4/,"Std err. a4","Rank a4",Chi^2/|Z|^2,Chi/sqrt(N)/Ohm
C:\Users\HOME\Desktop\JupyterWorkspace\ALBATROSS_Paper\Revision_EIS\NCM811_EIS_40cells\restcheck\260122001404_43(6-4).mpr,"Cycle 0",,4.32499980926514,xxxx,0.837837837837838,8.34800011944026E-5,xxxx,0.75,0.727199971675873,xxxx,0.962837837837838,62.4900016784668,xxxx,1,0.00561732294803674,0.000158234275618892,0.560810810810811,0.999999999999996,0.000331969135149519,0.75,12.4869705487403,0.538034997928135,0.537162162162162,0.229721550021859,0.0258004429490336,0.22972972972973,0.383456655482043,0.0534283469695907,0.300675675675676,0.0174167593812574,0.511779527350919
,,,,,,,,,,,,,,,,,,,,,,,,,,,,,,,
"Batch mean",,,4.32499980926514,,,8.34800011944026E-5,,,0.727199971675873,,,62.4900016784668,,,0.00561732286587358,,,1,,,12.4869709014893,,,0.229721546173096,,,0.383456647396088,,,,
"Batch standard deviation",,,0,,,0,,,0,,,0,,,0,,,0,,,0,,,0,,,0,,,,
,,,,,,,,,,,,,,,,,,,,,,,,,,,,,,,
"Equivalent circuit",,,,,,,,,,,,,,,,,,,,,,,,,,,,,,,
R1+Q2/R2+Q3/(R3+Q4),,,,,,,,,,,,,,,,,,,,,,,,,,,,,,,
