,,,R1/Ohm,"Std err. R1/Ohm","Rank R1","Q2/F.s^(a - 1)","Std err. Q2/F.s^(a - 1)","Rank Q2",a2/,"Std err. a2","Rank a2",R2,"Std err. R2/Ohm","Rank R2","Q3/F.s^(a - 1)","Std err. Q3/F.s^(a - 1)","Rank Q3",a3/,"Std err. a3","Rank a3",R3,"Std err. R3/Ohm","Rank R3","Q4/F.s^(a - 1)","Std err. Q4/F.s^(a - 1)","Rank Q4",a4/,"Std err. a4","Rank a4",Chi^2/|Z|^2,Chi/sqrt(N)/Ohm
C:\Users\HOME\Desktop\JupyterWorkspace\ALBATROSS_Paper\Revision_EIS\NCM811_EIS_40cells\restcheck\260121230659_43(6-4).mpr,"Cycle 0",,4.44000005722046,xxxx,0.85472972972973,8.93100004759617E-5,xxxx,0.743243243243243,0.723900020122528,xxxx,0.952702702702703,56.3300018310547,xxxx,1,0.00594699988141656,xxxx,0.550675675675676,1,xxxx,0.746621621621622,9.98999977111816,xxxx,0.537162162162162,0.221114684243423,0.00219111784925303,0.25,0.325847055485266,0.00660933075722717,0.293918918918919,0.0160681430293667,0.429825469424444
,,,,,,,,,,,,,,,,,,,,,,,,,,,,,,,
"Batch mean",,,4.44000005722046,,,8.93100004759617E-5,,,0.723900020122528,,,56.3300018310547,,,0.00594699988141656,,,1,,,9.98999977111816,,,0.221114680171013,,,0.325847059488297,,,,
"Batch standard deviation",,,0,,,0,,,0,,,0,,,0,,,0,,,0,,,0,,,0,,,,
,,,,,,,,,,,,,,,,,,,,,,,,,,,,,,,
"Equivalent circuit",,,,,,,,,,,,,,,,,,,,,,,,,,,,,,,
R1+Q2/R2+Q3/(R3+Q4),,,,,,,,,,,,,,,,,,,,,,,,,,,,,,,
