,,,R1/Ohm,"Std err. R1/Ohm","Rank R1","Q2/F.s^(a - 1)","Std err. Q2/F.s^(a - 1)","Rank Q2",a2/,"Std err. a2","Rank a2",R2,"Std err. R2/Ohm","Rank R2","Q3/F.s^(a - 1)","Std err. Q3/F.s^(a - 1)","Rank Q3",a3/,"Std err. a3","Rank a3",R3,"Std err. R3/Ohm","Rank R3","Q4/F.s^(a - 1)","Std err. Q4/F.s^(a - 1)","Rank Q4",a4/,"Std err. a4","Rank a4",Chi^2/|Z|^2,Chi/sqrt(N)/Ohm
C:\Users\HOME\Desktop\JupyterWorkspace\ALBATROSS_Paper\Revision_EIS\NCM811_EIS_40cells\restcheck\260121231031_43(6-4).mpr,"Cycle 0",,4.44600009918213,xxxx,0.85472972972973,8.77299971762113E-5,xxxx,0.746621621621622,0.725199997425079,xxxx,0.956081081081081,57.3899993896484,xxxx,1,0.00585202450156265,0.000164544985310911,0.557432432432432,0.999999999999995,2.05679360756033E-6,0.75,10.632300518945,0.490120276755892,0.537162162162162,0.2393141042044,0.0240506345330753,0.226351351351351,0.369149570794423,0.0414336205246393,0.300675675675676,0.0160249504124558,0.451015905602758
,,,,,,,,,,,,,,,,,,,,,,,,,,,,,,,
"Batch mean",,,4.44600009918213,,,8.77299971762113E-5,,,0.725199997425079,,,57.3899993896484,,,0.00585202453657985,,,1,,,10.6323003768921,,,0.23931410908699,,,0.369149565696716,,,,
"Batch standard deviation",,,0,,,0,,,0,,,0,,,0,,,0,,,0,,,0,,,0,,,,
,,,,,,,,,,,,,,,,,,,,,,,,,,,,,,,
"Equivalent circuit",,,,,,,,,,,,,,,,,,,,,,,,,,,,,,,
R1+Q2/R2+Q3/(R3+Q4),,,,,,,,,,,,,,,,,,,,,,,,,,,,,,,
