,,,R1/Ohm,"Std err. R1/Ohm","Rank R1","Q2/F.s^(a - 1)","Std err. Q2/F.s^(a - 1)","Rank Q2",a2/,"Std err. a2","Rank a2",R2,"Std err. R2/Ohm","Rank R2","Q3/F.s^(a - 1)","Std err. Q3/F.s^(a - 1)","Rank Q3",a3/,"Std err. a3","Rank a3",R3,"Std err. R3/Ohm","Rank R3","Q4/F.s^(a - 1)","Std err. Q4/F.s^(a - 1)","Rank Q4",a4/,"Std err. a4","Rank a4",Chi^2/|Z|^2,Chi/sqrt(N)/Ohm
C:\Users\HOME\Desktop\JupyterWorkspace\ALBATROSS_Paper\Revision_EIS\NCM811_EIS_40cells\restcheck\260122022110_43(6-4).mpr,"Cycle 0",,4.2991665764733,0.0621744277921571,0.840136054421769,7.86247030818371E-5,2.39116129212991E-6,0.758503401360544,0.73065126705094,0.00373117047111488,0.972789115646258,69.2928497568532,0.226336579137617,1,0.00532699981704354,xxxx,0.571428571428571,1,xxxx,0.761904761904762,15.3100004196167,xxxx,0.540816326530612,0.233600005507469,xxxx,0.217687074829932,0.421900004148483,xxxx,0.306122448979592,0.0130871954429855,0.504579661185562
,,,,,,,,,,,,,,,,,,,,,,,,,,,,,,,
"Batch mean",,,4.29916667938232,,,7.86247037467547E-5,,,0.730651259422302,,,69.2928466796875,,,0.00532699981704354,,,1,,,15.3100004196167,,,0.233600005507469,,,0.421900004148483,,,,
"Batch standard deviation",,,0,,,0,,,0,,,0,,,0,,,0,,,0,,,0,,,0,,,,
,,,,,,,,,,,,,,,,,,,,,,,,,,,,,,,
"Equivalent circuit",,,,,,,,,,,,,,,,,,,,,,,,,,,,,,,
R1+Q2/R2+Q3/(R3+Q4),,,,,,,,,,,,,,,,,,,,,,,,,,,,,,,
