,,,R1/Ohm,"Std err. R1/Ohm","Rank R1","Q2/F.s^(a - 1)","Std err. Q2/F.s^(a - 1)","Rank Q2",a2/,"Std err. a2","Rank a2",R2,"Std err. R2/Ohm","Rank R2","Q3/F.s^(a - 1)","Std err. Q3/F.s^(a - 1)","Rank Q3",a3/,"Std err. a3","Rank a3",R3,"Std err. R3/Ohm","Rank R3","Q4/F.s^(a - 1)","Std err. Q4/F.s^(a - 1)","Rank Q4",a4/,"Std err. a4","Rank a4",Chi^2/|Z|^2,Chi/sqrt(N)/Ohm
C:\Users\HOME\Desktop\JupyterWorkspace\ALBATROSS_Paper\Revision_EIS\NCM811_EIS_40cells\restcheck\260122002108_43(6-4).mpr,"Cycle 0",,4.28499984741211,xxxx,0.831081081081081,8.44300011522137E-5,xxxx,0.75,0.7257000207901,xxxx,0.962837837837838,62.5400009155273,xxxx,1,0.0057223112708481,0.000137725702146102,0.564189189189189,0.999999999999991,7.98906087349308E-5,0.753378378378378,12.4552837351432,0.586015978558876,0.537162162162162,0.224981032718116,0.02606184471387,0.233108108108108,0.368624380686081,0.0541229802703826,0.297297297297297,0.0206800161683774,0.523679380893531
,,,,,,,,,,,,,,,,,,,,,,,,,,,,,,,
"Batch mean",,,4.28499984741211,,,8.44300011522137E-5,,,0.7257000207901,,,62.5400009155273,,,0.00572231132537127,,,1,,,12.4552841186523,,,0.224981039762497,,,0.3686243891716,,,,
"Batch standard deviation",,,0,,,0,,,0,,,0,,,0,,,0,,,0,,,0,,,0,,,,
,,,,,,,,,,,,,,,,,,,,,,,,,,,,,,,
"Equivalent circuit",,,,,,,,,,,,,,,,,,,,,,,,,,,,,,,
R1+Q2/R2+Q3/(R3+Q4),,,,,,,,,,,,,,,,,,,,,,,,,,,,,,,
