,,,R1/Ohm,"Std err. R1/Ohm","Rank R1","Q2/F.s^(a - 1)","Std err. Q2/F.s^(a - 1)","Rank Q2",a2/,"Std err. a2","Rank a2",R2,"Std err. R2/Ohm","Rank R2","Q3/F.s^(a - 1)","Std err. Q3/F.s^(a - 1)","Rank Q3",a3/,"Std err. a3","Rank a3",R3,"Std err. R3/Ohm","Rank R3","Q4/F.s^(a - 1)","Std err. Q4/F.s^(a - 1)","Rank Q4",a4/,"Std err. a4","Rank a4",Chi^2/|Z|^2,Chi/sqrt(N)/Ohm
C:\Users\HOME\Desktop\JupyterWorkspace\ALBATROSS_Paper\Revision_EIS\NCM811_EIS_40cells\restcheck\260122011033_43(6-4).mpr,"Cycle 0",,4.31199979782104,xxxx,0.831081081081081,8.08999975561164E-5,xxxx,0.75,0.728900015354156,xxxx,0.962837837837838,66.2799987792969,xxxx,1,0.00535838510501663,0.000140004728667787,0.564189189189189,0.999999999999995,0.000187961393953258,0.753378378378378,14.0454499459761,0.521206739363765,0.537162162162162,0.223247517070827,0.024927290684476,0.22972972972973,0.394070389712773,0.0533736552909677,0.300675675675676,0.0135680938286854,0.523280125800924
,,,,,,,,,,,,,,,,,,,,,,,,,,,,,,,
"Batch mean",,,4.31199979782104,,,8.08999975561164E-5,,,0.728900015354156,,,66.2799987792969,,,0.0053583849221468,,,1,,,14.0454502105713,,,0.223247513175011,,,0.394070386886597,,,,
"Batch standard deviation",,,0,,,0,,,0,,,0,,,0,,,0,,,0,,,0,,,0,,,,
,,,,,,,,,,,,,,,,,,,,,,,,,,,,,,,
"Equivalent circuit",,,,,,,,,,,,,,,,,,,,,,,,,,,,,,,
R1+Q2/R2+Q3/(R3+Q4),,,,,,,,,,,,,,,,,,,,,,,,,,,,,,,
