,,,R1/Ohm,"Std err. R1/Ohm","Rank R1","Q2/F.s^(a - 1)","Std err. Q2/F.s^(a - 1)","Rank Q2",a2/,"Std err. a2","Rank a2",R2,"Std err. R2/Ohm","Rank R2","Q3/F.s^(a - 1)","Std err. Q3/F.s^(a - 1)","Rank Q3",a3/,"Std err. a3","Rank a3",R3,"Std err. R3/Ohm","Rank R3","Q4/F.s^(a - 1)","Std err. Q4/F.s^(a - 1)","Rank Q4",a4/,"Std err. a4","Rank a4",Chi^2/|Z|^2,Chi/sqrt(N)/Ohm
C:\Users\HOME\Desktop\JupyterWorkspace\ALBATROSS_Paper\Revision_EIS\NCM811_EIS_40cells\restcheck\260122021035_43(6-4).mpr,"Cycle 0",,4.30399990081787,xxxx,0.836734693877551,7.90199992479756E-5,xxxx,0.758503401360544,0.730400025844574,xxxx,0.972789115646258,68.6900024414063,xxxx,1,0.00520172554161406,0.000131061608001498,0.568027210884354,0.999999999999996,3.2881853043529E-5,0.758503401360544,14.3009276647003,0.640436967847574,0.540816326530612,0.200940844258033,0.0237550075144044,0.23469387755102,0.360661558022046,0.0491159412403171,0.299319727891156,0.0123320044605931,0.481121736910416
,,,,,,,,,,,,,,,,,,,,,,,,,,,,,,,
"Batch mean",,,4.30399990081787,,,7.90199992479756E-5,,,0.730400025844574,,,68.6900024414063,,,0.00520172575488687,,,1,,,14.3009281158447,,,0.200940847396851,,,0.360661566257477,,,,
"Batch standard deviation",,,0,,,0,,,0,,,0,,,0,,,0,,,0,,,0,,,0,,,,
,,,,,,,,,,,,,,,,,,,,,,,,,,,,,,,
"Equivalent circuit",,,,,,,,,,,,,,,,,,,,,,,,,,,,,,,
R1+Q2/R2+Q3/(R3+Q4),,,,,,,,,,,,,,,,,,,,,,,,,,,,,,,
