,,,R1/Ohm,"Std err. R1/Ohm","Rank R1","Q2/F.s^(a - 1)","Std err. Q2/F.s^(a - 1)","Rank Q2",a2/,"Std err. a2","Rank a2",R2,"Std err. R2/Ohm","Rank R2","Q3/F.s^(a - 1)","Std err. Q3/F.s^(a - 1)","Rank Q3",a3/,"Std err. a3","Rank a3",R3,"Std err. R3/Ohm","Rank R3","Q4/F.s^(a - 1)","Std err. Q4/F.s^(a - 1)","Rank Q4",a4/,"Std err. a4","Rank a4",Chi^2/|Z|^2,Chi/sqrt(N)/Ohm
C:\Users\HOME\Desktop\JupyterWorkspace\ALBATROSS_Paper\Revision_EIS\NCM811_EIS_40cells\restcheck\260122005626_43(6-4).mpr,"Cycle 0",,4.28999996185303,xxxx,0.833898305084746,8.19900014903396E-5,xxxx,0.755932203389831,0.727199971675873,xxxx,0.966101694915254,66.3899993896484,xxxx,1,0.00546915586869876,0.000139334792473108,0.566101694915254,0.999999999999997,9.63098828266381E-5,0.755932203389831,13.8633737858665,0.564554861736938,0.538983050847458,0.223428575116397,0.0274754059710432,0.230508474576271,0.39498165907683,0.057504854940834,0.301694915254237,0.0195652593242477,0.531265202440137
,,,,,,,,,,,,,,,,,,,,,,,,,,,,,,,
"Batch mean",,,4.28999996185303,,,8.19900014903396E-5,,,0.727199971675873,,,66.3899993896484,,,0.00546915596351027,,,1,,,13.8633737564087,,,0.223428577184677,,,0.394981652498245,,,,
"Batch standard deviation",,,0,,,0,,,0,,,0,,,0,,,0,,,0,,,0,,,0,,,,
,,,,,,,,,,,,,,,,,,,,,,,,,,,,,,,
"Equivalent circuit",,,,,,,,,,,,,,,,,,,,,,,,,,,,,,,
R1+Q2/R2+Q3/(R3+Q4),,,,,,,,,,,,,,,,,,,,,,,,,,,,,,,
