,,,R1/Ohm,"Std err. R1/Ohm","Rank R1","Q2/F.s^(a - 1)","Std err. Q2/F.s^(a - 1)","Rank Q2",a2/,"Std err. a2","Rank a2",R2,"Std err. R2/Ohm","Rank R2","Q3/F.s^(a - 1)","Std err. Q3/F.s^(a - 1)","Rank Q3",a3/,"Std err. a3","Rank a3",R3,"Std err. R3/Ohm","Rank R3","Q4/F.s^(a - 1)","Std err. Q4/F.s^(a - 1)","Rank Q4",a4/,"Std err. a4","Rank a4",Chi^2/|Z|^2,Chi/sqrt(N)/Ohm
C:\Users\HOME\Desktop\JupyterWorkspace\ALBATROSS_Paper\Revision_EIS\NCM811_EIS_40cells\2\260121202425_44(6-5).mpr,"Cycle 0",,3.8840000629425,xxxx,0.746153846153846,6.99500014889054E-5,xxxx,0.676923076923077,0.747900009155273,xxxx,0.876923076923077,52.439998626709,xxxx,1,0.00624800007790327,xxxx,0.580769230769231,0.8682000041008,xxxx,0.769230769230769,18.9799995422363,xxxx,0.55,0.262986987580267,0.00642913349811544,0.215384615384615,0.48860613109982,0.0130146820371619,0.296153846153846,0.00443013147504581,0.385931058609368
,,,,,,,,,,,,,,,,,,,,,,,,,,,,,,,
"Batch mean",,,3.8840000629425,,,6.99500014889054E-5,,,0.747900009155273,,,52.439998626709,,,0.00624800007790327,,,0.8682000041008,,,18.9799995422363,,,0.262986987829208,,,0.488606125116348,,,,
"Batch standard deviation",,,0,,,0,,,0,,,0,,,0,,,0,,,0,,,0,,,0,,,,
,,,,,,,,,,,,,,,,,,,,,,,,,,,,,,,
"Equivalent circuit",,,,,,,,,,,,,,,,,,,,,,,,,,,,,,,
R1+Q2/R2+Q3/(R3+Q4),,,,,,,,,,,,,,,,,,,,,,,,,,,,,,,
