,,,R1/Ohm,"Std err. R1/Ohm","Rank R1","Q2/F.s^(a - 1)","Std err. Q2/F.s^(a - 1)","Rank Q2",a2/,"Std err. a2","Rank a2",R2,"Std err. R2/Ohm","Rank R2","Q3/F.s^(a - 1)","Std err. Q3/F.s^(a - 1)","Rank Q3",a3/,"Std err. a3","Rank a3",R3,"Std err. R3/Ohm","Rank R3","Q4/F.s^(a - 1)","Std err. Q4/F.s^(a - 1)","Rank Q4",a4/,"Std err. a4","Rank a4",Chi^2/|Z|^2,Chi/sqrt(N)/Ohm
C:\Users\HOME\Desktop\JupyterWorkspace\ALBATROSS_Paper\Revision_EIS\NCM811_EIS_40cells\2\260120043723_22(3-7).mpr,"Cycle 0",,3.623,xxxx,0.720306513409962,6.50299989501946E-5,xxxx,0.670498084291188,0.752300024032593,xxxx,0.85823754789272,56.6199989318848,xxxx,1,0.00448699994012713,xxxx,0.578544061302682,0.927699983119965,xxxx,0.762452107279693,18.2199993133545,xxxx,0.551724137931034,0.173094471321466,0.00362848063682992,0.260536398467433,0.313014347865954,0.0136064990980386,0.28735632183908,0.00241006651803742,0.324786676358145
,,,,,,,,,,,,,,,,,,,,,,,,,,,,,,,
"Batch mean",,,3.62299990653992,,,6.50299989501946E-5,,,0.752300024032593,,,56.6199989318848,,,0.00448699994012713,,,0.927699983119965,,,18.2199993133545,,,0.173094466328621,,,0.313014358282089,,,,
"Batch standard deviation",,,0,,,0,,,0,,,0,,,0,,,0,,,0,,,0,,,0,,,,
,,,,,,,,,,,,,,,,,,,,,,,,,,,,,,,
"Equivalent circuit",,,,,,,,,,,,,,,,,,,,,,,,,,,,,,,
R1+Q2/R2+Q3/(R3+Q4),,,,,,,,,,,,,,,,,,,,,,,,,,,,,,,
