,,,R1/Ohm,"Std err. R1/Ohm","Rank R1","Q2/F.s^(a - 1)","Std err. Q2/F.s^(a - 1)","Rank Q2",a2/,"Std err. a2","Rank a2",R2,"Std err. R2/Ohm","Rank R2","Q3/F.s^(a - 1)","Std err. Q3/F.s^(a - 1)","Rank Q3",a3/,"Std err. a3","Rank a3",R3,"Std err. R3/Ohm","Rank R3","Q4/F.s^(a - 1)","Std err. Q4/F.s^(a - 1)","Rank Q4",a4/,"Std err. a4","Rank a4",Chi^2/|Z|^2,Chi/sqrt(N)/Ohm
C:\Users\HOME\Desktop\JupyterWorkspace\ALBATROSS_Paper\Revision_EIS\NCM811_EIS_40cells\2\260120042046_20(3-5).mpr,"Cycle 0",,3.731,xxxx,0.726923076923077,6.5779997385107E-5,xxxx,0.669230769230769,0.75330001115799,xxxx,0.869230769230769,56.3400001525879,xxxx,1,0.00527400011196733,xxxx,0.580769230769231,0.880699992179871,xxxx,0.773076923076923,18.7199993133545,xxxx,0.55,0.171037567466737,0.00299515629797984,0.253846153846154,0.326812866710473,0.00998267514338564,0.288461538461538,0.00711281109872272,0.262313456006348
,,,,,,,,,,,,,,,,,,,,,,,,,,,,,,,
"Batch mean",,,3.73099994659424,,,6.5779997385107E-5,,,0.75330001115799,,,56.3400001525879,,,0.00527400011196733,,,0.880699992179871,,,18.7199993133545,,,0.171037569642067,,,0.326812863349915,,,,
"Batch standard deviation",,,0,,,0,,,0,,,0,,,0,,,0,,,0,,,0,,,0,,,,
,,,,,,,,,,,,,,,,,,,,,,,,,,,,,,,
"Equivalent circuit",,,,,,,,,,,,,,,,,,,,,,,,,,,,,,,
R1+Q2/R2+Q3/(R3+Q4),,,,,,,,,,,,,,,,,,,,,,,,,,,,,,,
