,,,R1/Ohm,"Std err. R1/Ohm","Rank R1","Q2/F.s^(a - 1)","Std err. Q2/F.s^(a - 1)","Rank Q2",a2/,"Std err. a2","Rank a2",R2,"Std err. R2/Ohm","Rank R2","Q3/F.s^(a - 1)","Std err. Q3/F.s^(a - 1)","Rank Q3",a3/,"Std err. a3","Rank a3",R3,"Std err. R3/Ohm","Rank R3","Q4/F.s^(a - 1)","Std err. Q4/F.s^(a - 1)","Rank Q4",a4/,"Std err. a4","Rank a4",Chi^2/|Z|^2,Chi/sqrt(N)/Ohm
C:\Users\HOME\Desktop\JupyterWorkspace\ALBATROSS_Paper\Revision_EIS\NCM811_EIS_40cells\2\260120041249_19(3-4).mpr,"Cycle 0",,4.566,xxxx,0.769230769230769,0.000149900006363168,xxxx,0.719230769230769,0.652999997138977,xxxx,0.907692307692308,58.1599998474121,xxxx,1,0.00928500015288591,xxxx,0.565384615384615,0.905499994754791,xxxx,0.75,16.55,xxxx,0.523076923076923,0.358602686567115,0.0254224200446972,0.173076923076923,0.675367856377366,0.0439205807227022,0.303846153846154,0.0394802937840822,1.02298401846576
,,,,,,,,,,,,,,,,,,,,,,,,,,,,,,,
"Batch mean",,,4.56599998474121,,,0.000149900006363168,,,0.652999997138977,,,58.1599998474121,,,0.00928500015288591,,,0.905499994754791,,,16.5499992370605,,,0.358602672815323,,,0.675367832183838,,,,
"Batch standard deviation",,,0,,,0,,,0,,,0,,,0,,,0,,,0,,,0,,,0,,,,
,,,,,,,,,,,,,,,,,,,,,,,,,,,,,,,
"Equivalent circuit",,,,,,,,,,,,,,,,,,,,,,,,,,,,,,,
R1+Q2/R2+Q3/(R3+Q4),,,,,,,,,,,,,,,,,,,,,,,,,,,,,,,
