,,,R1/Ohm,"Std err. R1/Ohm","Rank R1","Q2/F.s^(a - 1)","Std err. Q2/F.s^(a - 1)","Rank Q2",a2/,"Std err. a2","Rank a2",R2,"Std err. R2/Ohm","Rank R2","Q3/F.s^(a - 1)","Std err. Q3/F.s^(a - 1)","Rank Q3",a3/,"Std err. a3","Rank a3",R3,"Std err. R3/Ohm","Rank R3","Q4/F.s^(a - 1)","Std err. Q4/F.s^(a - 1)","Rank Q4",a4/,"Std err. a4","Rank a4",Chi^2/|Z|^2,Chi/sqrt(N)/Ohm
C:\Users\HOME\Desktop\JupyterWorkspace\ALBATROSS_Paper\Revision_EIS\NCM811_EIS_40cells\2\260120101728_46(6-7).mpr,"Cycle 0",,3.491,xxxx,0.725190839694657,4.51599989901297E-5,xxxx,0.656488549618321,0.789900004863739,xxxx,0.854961832061069,52.060001373291,xxxx,1,0.00509499991312623,xxxx,0.595419847328244,0.85290002822876,xxxx,0.782442748091603,21,xxxx,0.557251908396947,0.366520347597279,0.00402020711801166,0.206106870229008,0.527119308368489,0.00757117057476594,0.290076335877863,0.0174263703977107,0.279197272912639
,,,,,,,,,,,,,,,,,,,,,,,,,,,,,,,
"Batch mean",,,3.4909999370575,,,4.51599989901297E-5,,,0.789900004863739,,,52.060001373291,,,0.00509499991312623,,,0.85290002822876,,,21,,,0.366520345211029,,,0.527119278907776,,,,
"Batch standard deviation",,,0,,,0,,,0,,,0,,,0,,,0,,,0,,,0,,,0,,,,
,,,,,,,,,,,,,,,,,,,,,,,,,,,,,,,
"Equivalent circuit",,,,,,,,,,,,,,,,,,,,,,,,,,,,,,,
R1+Q2/R2+Q3/(R3+Q4),,,,,,,,,,,,,,,,,,,,,,,,,,,,,,,
