,,,R1/Ohm,"Std err. R1/Ohm","Rank R1","Q2/F.s^(a - 1)","Std err. Q2/F.s^(a - 1)","Rank Q2",a2/,"Std err. a2","Rank a2",R2,"Std err. R2/Ohm","Rank R2","Q3/F.s^(a - 1)","Std err. Q3/F.s^(a - 1)","Rank Q3",a3/,"Std err. a3","Rank a3",R3,"Std err. R3/Ohm","Rank R3","Q4/F.s^(a - 1)","Std err. Q4/F.s^(a - 1)","Rank Q4",a4/,"Std err. a4","Rank a4",Chi^2/|Z|^2,Chi/sqrt(N)/Ohm
C:\Users\HOME\Desktop\JupyterWorkspace\ALBATROSS_Paper\Revision_EIS\NCM811_EIS_40cells\2\260125201306_9(2-2).mpr,"Cycle 0",,4.39200019836426,xxxx,0.757692307692308,7.81499984441325E-5,xxxx,0.676923076923077,0.739799976348877,xxxx,0.880769230769231,52.7900009155273,xxxx,1,0.00677599990740418,xxxx,0.580769230769231,0.881600022315979,xxxx,0.761538461538461,18.7700004577637,xxxx,0.542307692307692,0.226346812381879,0.00460309153623208,0.215384615384615,0.503996898519145,0.0107125235868666,0.296153846153846,0.00193716140166657,0.329329198002101
,,,,,,,,,,,,,,,,,,,,,,,,,,,,,,,
"Batch mean",,,4.39200019836426,,,7.81499984441325E-5,,,0.739799976348877,,,52.7900009155273,,,0.00677599990740418,,,0.881600022315979,,,18.7700004577637,,,0.226346805691719,,,0.503996908664703,,,,
"Batch standard deviation",,,0,,,0,,,0,,,0,,,0,,,0,,,0,,,0,,,0,,,,
,,,,,,,,,,,,,,,,,,,,,,,,,,,,,,,
"Equivalent circuit",,,,,,,,,,,,,,,,,,,,,,,,,,,,,,,
R1+Q2/R2+Q3/(R3+Q4),,,,,,,,,,,,,,,,,,,,,,,,,,,,,,,
