,,,R1/Ohm,"Std err. R1/Ohm","Rank R1","Q2/F.s^(a - 1)","Std err. Q2/F.s^(a - 1)","Rank Q2",a2/,"Std err. a2","Rank a2",R2,"Std err. R2/Ohm","Rank R2","Q3/F.s^(a - 1)","Std err. Q3/F.s^(a - 1)","Rank Q3",a3/,"Std err. a3","Rank a3",R3,"Std err. R3/Ohm","Rank R3","Q4/F.s^(a - 1)","Std err. Q4/F.s^(a - 1)","Rank Q4",a4/,"Std err. a4","Rank a4",Chi^2/|Z|^2,Chi/sqrt(N)/Ohm
C:\Users\HOME\Desktop\JupyterWorkspace\ALBATROSS_Paper\Revision_EIS\NCM811_EIS_40cells\2\260120102639_47(6-8).mpr,"Cycle 0",,3.8510000705719,xxxx,0.742307692307692,7.32999978936277E-5,xxxx,0.676923076923077,0.738099992275238,xxxx,0.876923076923077,55.7999992370605,xxxx,1,0.00603700010105968,xxxx,0.584615384615385,0.870100021362305,xxxx,0.773076923076923,19.75,xxxx,0.55,0.265273534579783,0.00522468504562068,0.211538461538462,0.496655535221776,0.0115168832114774,0.296153846153846,0.00125080542830637,0.281063133591573
,,,,,,,,,,,,,,,,,,,,,,,,,,,,,,,
"Batch mean",,,3.8510000705719,,,7.32999978936277E-5,,,0.738099992275238,,,55.7999992370605,,,0.00603700010105968,,,0.870100021362305,,,19.75,,,0.265273541212082,,,0.496655523777008,,,,
"Batch standard deviation",,,0,,,0,,,0,,,0,,,0,,,0,,,0,,,0,,,0,,,,
,,,,,,,,,,,,,,,,,,,,,,,,,,,,,,,
"Equivalent circuit",,,,,,,,,,,,,,,,,,,,,,,,,,,,,,,
R1+Q2/R2+Q3/(R3+Q4),,,,,,,,,,,,,,,,,,,,,,,,,,,,,,,
