,,,R1/Ohm,"Std err. R1/Ohm","Rank R1","Q2/F.s^(a - 1)","Std err. Q2/F.s^(a - 1)","Rank Q2",a2/,"Std err. a2","Rank a2",R2,"Std err. R2/Ohm","Rank R2","Q3/F.s^(a - 1)","Std err. Q3/F.s^(a - 1)","Rank Q3",a3/,"Std err. a3","Rank a3",R3,"Std err. R3/Ohm","Rank R3","Q4/F.s^(a - 1)","Std err. Q4/F.s^(a - 1)","Rank Q4",a4/,"Std err. a4","Rank a4",Chi^2/|Z|^2,Chi/sqrt(N)/Ohm
C:\Users\HOME\Desktop\JupyterWorkspace\ALBATROSS_Paper\Revision_EIS\NCM811_EIS_40cells\2\260120031827_12(2-5).mpr,"Cycle 0",,4.6,xxxx,0.769230769230769,8.42700028442778E-5,xxxx,0.692307692307692,0.714999973773956,xxxx,0.880769230769231,63.3400001525879,xxxx,1,0.00532899983227253,xxxx,0.565384615384615,1,xxxx,0.746153846153846,17.2900009155273,xxxx,0.542307692307692,0.256478284006101,0.00819307072343991,0.215384615384615,0.514175431011994,0.019893332755804,0.3,0.0193255115428598,0.795371550959449
,,,,,,,,,,,,,,,,,,,,,,,,,,,,,,,
"Batch mean",,,4.59999990463257,,,8.42700028442778E-5,,,0.714999973773956,,,63.3400001525879,,,0.00532899983227253,,,1,,,17.2900009155273,,,0.256478279829025,,,0.514175415039063,,,,
"Batch standard deviation",,,0,,,0,,,0,,,0,,,0,,,0,,,0,,,0,,,0,,,,
,,,,,,,,,,,,,,,,,,,,,,,,,,,,,,,
"Equivalent circuit",,,,,,,,,,,,,,,,,,,,,,,,,,,,,,,
R1+Q2/R2+Q3/(R3+Q4),,,,,,,,,,,,,,,,,,,,,,,,,,,,,,,
