,,,R1/Ohm,"Std err. R1/Ohm","Rank R1","Q2/F.s^(a - 1)","Std err. Q2/F.s^(a - 1)","Rank Q2",a2/,"Std err. a2","Rank a2",R2,"Std err. R2/Ohm","Rank R2","Q3/F.s^(a - 1)","Std err. Q3/F.s^(a - 1)","Rank Q3",a3/,"Std err. a3","Rank a3",R3,"Std err. R3/Ohm","Rank R3","Q4/F.s^(a - 1)","Std err. Q4/F.s^(a - 1)","Rank Q4",a4/,"Std err. a4","Rank a4",Chi^2/|Z|^2,Chi/sqrt(N)/Ohm
C:\Users\HOME\Desktop\JupyterWorkspace\ALBATROSS_Paper\Revision_EIS\NCM811_EIS_40cells\2\260120024948_5(1-6).mpr,"Cycle 0",,4.361,xxxx,0.736220472440945,7.82599963713437E-5,xxxx,0.692913385826772,0.716099977493286,xxxx,0.877952755905512,66.2900009155273,xxxx,1,0.00607899995520711,xxxx,0.574803149606299,0.90530002117157,xxxx,0.759842519685039,19.9699993133545,xxxx,0.543307086614173,0.379353470039658,0.0135286519501342,0.177165354330709,0.64672576867619,0.0264195491627249,0.307086614173228,0.0193575417226799,0.860120779176229
,,,,,,,,,,,,,,,,,,,,,,,,,,,,,,,
"Batch mean",,,4.36100006103516,,,7.82599963713437E-5,,,0.716099977493286,,,66.2900009155273,,,0.00607899995520711,,,0.90530002117157,,,19.9699993133545,,,0.37935346364975,,,0.64672577381134,,,,
"Batch standard deviation",,,0,,,0,,,0,,,0,,,0,,,0,,,0,,,0,,,0,,,,
,,,,,,,,,,,,,,,,,,,,,,,,,,,,,,,
"Equivalent circuit",,,,,,,,,,,,,,,,,,,,,,,,,,,,,,,
R1+Q2/R2+Q3/(R3+Q4),,,,,,,,,,,,,,,,,,,,,,,,,,,,,,,
