,,,R1/Ohm,"Std err. R1/Ohm","Rank R1","Q2/F.s^(a - 1)","Std err. Q2/F.s^(a - 1)","Rank Q2",a2/,"Std err. a2","Rank a2",R2,"Std err. R2/Ohm","Rank R2","Q3/F.s^(a - 1)","Std err. Q3/F.s^(a - 1)","Rank Q3",a3/,"Std err. a3","Rank a3",R3,"Std err. R3/Ohm","Rank R3","Q4/F.s^(a - 1)","Std err. Q4/F.s^(a - 1)","Rank Q4",a4/,"Std err. a4","Rank a4",Chi^2/|Z|^2,Chi/sqrt(N)/Ohm
C:\Users\HOME\Desktop\JupyterWorkspace\ALBATROSS_Paper\Revision_EIS\NCM811_EIS_40cells\2\260120032617_13(2-6).mpr,"Cycle 0",,4.28399991989136,xxxx,0.748062015503876,5.88900002185255E-5,xxxx,0.666666666666667,0.753499984741211,xxxx,0.87984496124031,58.9500007629395,xxxx,1,0.00711000012233853,xxxx,0.596899224806201,0.77319997549057,xxxx,0.794573643410853,18.1599998474121,xxxx,0.550387596899225,0.197606264774189,0.00618044984283348,0.271317829457364,0.191454152069702,0.0190979208913923,0.248062015503876,0.0127347210274259,0.653618863499119
,,,,,,,,,,,,,,,,,,,,,,,,,,,,,,,
"Batch mean",,,4.28399991989136,,,5.88900002185255E-5,,,0.753499984741211,,,58.9500007629395,,,0.00711000012233853,,,0.77319997549057,,,18.1599998474121,,,0.197606265544891,,,0.191454157233238,,,,
"Batch standard deviation",,,0,,,0,,,0,,,0,,,0,,,0,,,0,,,0,,,0,,,,
,,,,,,,,,,,,,,,,,,,,,,,,,,,,,,,
"Equivalent circuit",,,,,,,,,,,,,,,,,,,,,,,,,,,,,,,
R1+Q2/R2+Q3/(R3+Q4),,,,,,,,,,,,,,,,,,,,,,,,,,,,,,,
