,,,R1/Ohm,"Std err. R1/Ohm","Rank R1","Q2/F.s^(a - 1)","Std err. Q2/F.s^(a - 1)","Rank Q2",a2/,"Std err. a2","Rank a2",R2,"Std err. R2/Ohm","Rank R2","Q3/F.s^(a - 1)","Std err. Q3/F.s^(a - 1)","Rank Q3",a3/,"Std err. a3","Rank a3",R3,"Std err. R3/Ohm","Rank R3","Q4/F.s^(a - 1)","Std err. Q4/F.s^(a - 1)","Rank Q4",a4/,"Std err. a4","Rank a4",Chi^2/|Z|^2,Chi/sqrt(N)/Ohm
C:\Users\HOME\Desktop\JupyterWorkspace\ALBATROSS_Paper\Revision_EIS\NCM811_EIS_40cells\2\260120011756_28(4-5).mpr,"Cycle 0",,3.86199998855591,xxxx,0.733590733590734,6.47799970465712E-5,xxxx,0.66023166023166,0.754899978637695,xxxx,0.864864864864865,52.9099998474121,xxxx,1,0.00558000011369586,xxxx,0.594594594594595,0.821399986743927,xxxx,0.77992277992278,18.0900001525879,xxxx,0.555984555984556,0.168848373294021,0.00151875249439895,0.262548262548263,0.278401701708568,0.00558218219460454,0.281853281853282,0.00428299887371357,0.409270218062303
,,,,,,,,,,,,,,,,,,,,,,,,,,,,,,,
"Batch mean",,,3.86199998855591,,,6.47799970465712E-5,,,0.754899978637695,,,52.9099998474121,,,0.00558000011369586,,,0.821399986743927,,,18.0900001525879,,,0.168848380446434,,,0.278401702642441,,,,
"Batch standard deviation",,,0,,,0,,,0,,,0,,,0,,,0,,,0,,,0,,,0,,,,
,,,,,,,,,,,,,,,,,,,,,,,,,,,,,,,
"Equivalent circuit",,,,,,,,,,,,,,,,,,,,,,,,,,,,,,,
R1+Q2/R2+Q3/(R3+Q4),,,,,,,,,,,,,,,,,,,,,,,,,,,,,,,
