,,,R1/Ohm,"Std err. R1/Ohm","Rank R1","Q2/F.s^(a - 1)","Std err. Q2/F.s^(a - 1)","Rank Q2",a2/,"Std err. a2","Rank a2",R2,"Std err. R2/Ohm","Rank R2","Q3/F.s^(a - 1)","Std err. Q3/F.s^(a - 1)","Rank Q3",a3/,"Std err. a3","Rank a3",R3,"Std err. R3/Ohm","Rank R3","Q4/F.s^(a - 1)","Std err. Q4/F.s^(a - 1)","Rank Q4",a4/,"Std err. a4","Rank a4",Chi^2/|Z|^2,Chi/sqrt(N)/Ohm
C:\Users\HOME\Desktop\JupyterWorkspace\ALBATROSS_Paper\Revision_EIS\NCM811_EIS_40cells\2\260119233022_1(1-2).mpr,"Cycle 0",,3.923,xxxx,0.742307692307692,7.76849495902039E-5,2.5252099745175E-6,0.692307692307692,0.729322480097811,0.0036168737202623,0.884615384615385,57.9656087835705,0.168915630945163,1,0.00638000015169382,xxxx,0.580769230769231,0.888599991798401,xxxx,0.769230769230769,18.3700008392334,xxxx,0.546153846153846,0.302899986505508,xxxx,0.203846153846154,0.525799989700317,xxxx,0.292307692307692,0.00943915591652878,0.592461232766711
,,,,,,,,,,,,,,,,,,,,,,,,,,,,,,,
"Batch mean",,,3.92300009727478,,,7.76849483372644E-5,,,0.729322493076324,,,57.9656105041504,,,0.00638000015169382,,,0.888599991798401,,,18.3700008392334,,,0.302899986505508,,,0.525799989700317,,,,
"Batch standard deviation",,,0,,,0,,,0,,,0,,,0,,,0,,,0,,,0,,,0,,,,
,,,,,,,,,,,,,,,,,,,,,,,,,,,,,,,
"Equivalent circuit",,,,,,,,,,,,,,,,,,,,,,,,,,,,,,,
R1+Q2/R2+Q3/(R3+Q4),,,,,,,,,,,,,,,,,,,,,,,,,,,,,,,
