,,,R1/Ohm,"Std err. R1/Ohm","Rank R1","Q2/F.s^(a - 1)","Std err. Q2/F.s^(a - 1)","Rank Q2",a2/,"Std err. a2","Rank a2",R2,"Std err. R2/Ohm","Rank R2","Q3/F.s^(a - 1)","Std err. Q3/F.s^(a - 1)","Rank Q3",a3/,"Std err. a3","Rank a3",R3,"Std err. R3/Ohm","Rank R3","Q4/F.s^(a - 1)","Std err. Q4/F.s^(a - 1)","Rank Q4",a4/,"Std err. a4","Rank a4",Chi^2/|Z|^2,Chi/sqrt(N)/Ohm
C:\Users\HOME\Desktop\JupyterWorkspace\ALBATROSS_Paper\Revision_EIS\NCM811_EIS_40cells\2\260120042857_21(3-6).mpr,"Cycle 0",,3.572,xxxx,0.726923076923077,6.13200027146377E-5,xxxx,0.665384615384615,0.765399992465973,xxxx,0.869230769230769,50.0200004577637,xxxx,1,0.00656400015577674,xxxx,0.607692307692308,0.7814000248909,xxxx,0.803846153846154,22.9799995422363,xxxx,0.553846153846154,0.361380834498032,0.020094004916309,0.192307692307692,0.581924707382844,0.0343952939779387,0.292307692307692,0.0149044154676197,0.367087603132314
,,,,,,,,,,,,,,,,,,,,,,,,,,,,,,,
"Batch mean",,,3.57200002670288,,,6.13200027146377E-5,,,0.765399992465973,,,50.0200004577637,,,0.00656400015577674,,,0.7814000248909,,,22.9799995422363,,,0.361380845308304,,,0.581924736499786,,,,
"Batch standard deviation",,,0,,,0,,,0,,,0,,,0,,,0,,,0,,,0,,,0,,,,
,,,,,,,,,,,,,,,,,,,,,,,,,,,,,,,
"Equivalent circuit",,,,,,,,,,,,,,,,,,,,,,,,,,,,,,,
R1+Q2/R2+Q3/(R3+Q4),,,,,,,,,,,,,,,,,,,,,,,,,,,,,,,
