,,,R1/Ohm,"Std err. R1/Ohm","Rank R1","Q2/F.s^(a - 1)","Std err. Q2/F.s^(a - 1)","Rank Q2",a2/,"Std err. a2","Rank a2",R2,"Std err. R2/Ohm","Rank R2","Q3/F.s^(a - 1)","Std err. Q3/F.s^(a - 1)","Rank Q3",a3/,"Std err. a3","Rank a3",R3,"Std err. R3/Ohm","Rank R3","Q4/F.s^(a - 1)","Std err. Q4/F.s^(a - 1)","Rank Q4",a4/,"Std err. a4","Rank a4",Chi^2/|Z|^2,Chi/sqrt(N)/Ohm
C:\Users\HOME\Desktop\JupyterWorkspace\ALBATROSS_Paper\Revision_EIS\NCM811_EIS_40cells\2\260125220530_16(3-1).mpr,"Cycle 0",,3.91700005531311,xxxx,0.747126436781609,5.82300017413218E-5,xxxx,0.674329501915709,0.760800004005432,xxxx,0.873563218390805,56.9300003051758,xxxx,1,0.00602099997922778,xxxx,0.57088122605364,0.894900023937225,xxxx,0.762452107279693,16.6200008392334,xxxx,0.547892720306513,0.253256243018438,0.00314092672216463,0.222222222222222,0.428769324390081,0.00825491300154797,0.291187739463602,0.00166118476590571,0.263425731493472
,,,,,,,,,,,,,,,,,,,,,,,,,,,,,,,
"Batch mean",,,3.91700005531311,,,5.82300017413218E-5,,,0.760800004005432,,,56.9300003051758,,,0.00602099997922778,,,0.894900023937225,,,16.6200008392334,,,0.253256231546402,,,0.428769320249557,,,,
"Batch standard deviation",,,0,,,0,,,0,,,0,,,0,,,0,,,0,,,0,,,0,,,,
,,,,,,,,,,,,,,,,,,,,,,,,,,,,,,,
"Equivalent circuit",,,,,,,,,,,,,,,,,,,,,,,,,,,,,,,
R1+Q2/R2+Q3/(R3+Q4),,,,,,,,,,,,,,,,,,,,,,,,,,,,,,,
