,,,R1/Ohm,"Std err. R1/Ohm","Rank R1","Q2/F.s^(a - 1)","Std err. Q2/F.s^(a - 1)","Rank Q2",a2/,"Std err. a2","Rank a2",R2,"Std err. R2/Ohm","Rank R2","Q3/F.s^(a - 1)","Std err. Q3/F.s^(a - 1)","Rank Q3",a3/,"Std err. a3","Rank a3",R3,"Std err. R3/Ohm","Rank R3","Q4/F.s^(a - 1)","Std err. Q4/F.s^(a - 1)","Rank Q4",a4/,"Std err. a4","Rank a4",Chi^2/|Z|^2,Chi/sqrt(N)/Ohm
C:\Users\HOME\Desktop\JupyterWorkspace\ALBATROSS_Paper\Revision_EIS\NCM811_EIS_40cells\2\260120050936_26(4-3).mpr,"Cycle 0",,3.52800011634827,xxxx,0.713740458015267,6.97900031809695E-5,xxxx,0.66793893129771,0.746500015258789,xxxx,0.866412213740458,50.8199996948242,xxxx,1,0.00659100012853742,xxxx,0.595419847328244,0.835799992084503,xxxx,0.778625954198473,21.1599998474121,xxxx,0.549618320610687,0.352160474966563,0.0183557222792209,0.179389312977099,0.704953558169984,0.0328598466286177,0.316793893129771,0.00315178859662806,0.401469710913167
,,,,,,,,,,,,,,,,,,,,,,,,,,,,,,,
"Batch mean",,,3.52800011634827,,,6.97900031809695E-5,,,0.746500015258789,,,50.8199996948242,,,0.00659100012853742,,,0.835799992084503,,,21.1599998474121,,,0.352160483598709,,,0.704953551292419,,,,
"Batch standard deviation",,,0,,,0,,,0,,,0,,,0,,,0,,,0,,,0,,,0,,,,
,,,,,,,,,,,,,,,,,,,,,,,,,,,,,,,
"Equivalent circuit",,,,,,,,,,,,,,,,,,,,,,,,,,,,,,,
R1+Q2/R2+Q3/(R3+Q4),,,,,,,,,,,,,,,,,,,,,,,,,,,,,,,
