,,,R1/Ohm,"Std err. R1/Ohm","Rank R1","Q2/F.s^(a - 1)","Std err. Q2/F.s^(a - 1)","Rank Q2",a2/,"Std err. a2","Rank a2",R2,"Std err. R2/Ohm","Rank R2","Q3/F.s^(a - 1)","Std err. Q3/F.s^(a - 1)","Rank Q3",a3/,"Std err. a3","Rank a3",R3,"Std err. R3/Ohm","Rank R3","Q4/F.s^(a - 1)","Std err. Q4/F.s^(a - 1)","Rank Q4",a4/,"Std err. a4","Rank a4",Chi^2/|Z|^2,Chi/sqrt(N)/Ohm
C:\Users\HOME\Desktop\JupyterWorkspace\ALBATROSS_Paper\Revision_EIS\NCM811_EIS_40cells\2\260120055053_34(5-3).mpr,"Cycle 0",,3.668,xxxx,0.725868725868726,6.42500017420389E-5,xxxx,0.675675675675676,0.761099994182587,xxxx,0.872586872586873,53.0900001525879,xxxx,1,0.00550600001588464,xxxx,0.602316602316602,0.838800013065338,xxxx,0.791505791505791,23.3199996948242,xxxx,0.555984555984556,0.313371390844215,0.0123503018916621,0.193050193050193,0.628948006199498,0.0224808510308629,0.316602316602317,0.019041358058771,0.360975634548795
,,,,,,,,,,,,,,,,,,,,,,,,,,,,,,,
"Batch mean",,,3.66799998283386,,,6.42500017420389E-5,,,0.761099994182587,,,53.0900001525879,,,0.00550600001588464,,,0.838800013065338,,,23.3199996948242,,,0.313371390104294,,,0.628948032855988,,,,
"Batch standard deviation",,,0,,,0,,,0,,,0,,,0,,,0,,,0,,,0,,,0,,,,
,,,,,,,,,,,,,,,,,,,,,,,,,,,,,,,
"Equivalent circuit",,,,,,,,,,,,,,,,,,,,,,,,,,,,,,,
R1+Q2/R2+Q3/(R3+Q4),,,,,,,,,,,,,,,,,,,,,,,,,,,,,,,
