,,,R1/Ohm,"Std err. R1/Ohm","Rank R1","Q2/F.s^(a - 1)","Std err. Q2/F.s^(a - 1)","Rank Q2",a2/,"Std err. a2","Rank a2",R2,"Std err. R2/Ohm","Rank R2","Q3/F.s^(a - 1)","Std err. Q3/F.s^(a - 1)","Rank Q3",a3/,"Std err. a3","Rank a3",R3,"Std err. R3/Ohm","Rank R3","Q4/F.s^(a - 1)","Std err. Q4/F.s^(a - 1)","Rank Q4",a4/,"Std err. a4","Rank a4",Chi^2/|Z|^2,Chi/sqrt(N)/Ohm
C:\Users\HOME\Desktop\JupyterWorkspace\ALBATROSS_Paper\Revision_EIS\NCM811_EIS_40cells\2\260120002106_18(3-3).mpr,"Cycle 0",,3.711,xxxx,0.716475095785441,5.49054961784579E-5,1.49154008199156E-6,0.666666666666667,0.766097315872294,0.0032234840028971,0.85823754789272,60.7361744462678,0.227858430822719,1,0.00441521141027702,0.000134512941308564,0.582375478927203,0.894183222351423,0.00551680860158353,0.766283524904215,18.8400001525879,xxxx,0.551724137931034,0.165694531716224,0.00653120003768837,0.264367816091954,0.291636887703457,0.00683969737950732,0.283524904214559,0.00582312223172362,0.275028282117481
,,,,,,,,,,,,,,,,,,,,,,,,,,,,,,,
"Batch mean",,,3.71099996566772,,,5.49054966541007E-5,,,0.7660973072052,,,60.7361755371094,,,0.00441521126776934,,,0.894183218479156,,,18.8400001525879,,,0.165694534778595,,,0.291636884212494,,,,
"Batch standard deviation",,,0,,,0,,,0,,,0,,,0,,,0,,,0,,,0,,,0,,,,
,,,,,,,,,,,,,,,,,,,,,,,,,,,,,,,
"Equivalent circuit",,,,,,,,,,,,,,,,,,,,,,,,,,,,,,,
R1+Q2/R2+Q3/(R3+Q4),,,,,,,,,,,,,,,,,,,,,,,,,,,,,,,
