,,,R1/Ohm,"Std err. R1/Ohm","Rank R1","Q2/F.s^(a - 1)","Std err. Q2/F.s^(a - 1)","Rank Q2",a2/,"Std err. a2","Rank a2",R2,"Std err. R2/Ohm","Rank R2","Q3/F.s^(a - 1)","Std err. Q3/F.s^(a - 1)","Rank Q3",a3/,"Std err. a3","Rank a3",R3,"Std err. R3/Ohm","Rank R3","Q4/F.s^(a - 1)","Std err. Q4/F.s^(a - 1)","Rank Q4",a4/,"Std err. a4","Rank a4",Chi^2/|Z|^2,Chi/sqrt(N)/Ohm
C:\Users\HOME\Desktop\JupyterWorkspace\ALBATROSS_Paper\Revision_EIS\NCM811_EIS_40cells\2\260120035739_17(3-2).mpr,"Cycle 0",,4.00799989700317,xxxx,0.734615384615385,7.47700032661669E-5,xxxx,0.669230769230769,0.736199975013733,xxxx,0.873076923076923,55.4099998474121,xxxx,1,0.0055970000103116,xxxx,0.584615384615385,0.866500020027161,xxxx,0.769230769230769,18.5200004577637,xxxx,0.55,0.175514505740949,0.00244316187365238,0.25,0.307165631394599,0.00859965864582669,0.280769230769231,0.00192261521093426,0.341149458308161
,,,,,,,,,,,,,,,,,,,,,,,,,,,,,,,
"Batch mean",,,4.00799989700317,,,7.47700032661669E-5,,,0.736199975013733,,,55.4099998474121,,,0.0055970000103116,,,0.866500020027161,,,18.5200004577637,,,0.175514504313469,,,0.307165622711182,,,,
"Batch standard deviation",,,0,,,0,,,0,,,0,,,0,,,0,,,0,,,0,,,0,,,,
,,,,,,,,,,,,,,,,,,,,,,,,,,,,,,,
"Equivalent circuit",,,,,,,,,,,,,,,,,,,,,,,,,,,,,,,
R1+Q2/R2+Q3/(R3+Q4),,,,,,,,,,,,,,,,,,,,,,,,,,,,,,,
