,,,R1/Ohm,"Std err. R1/Ohm","Rank R1","Q2/F.s^(a - 1)","Std err. Q2/F.s^(a - 1)","Rank Q2",a2/,"Std err. a2","Rank a2",R2,"Std err. R2/Ohm","Rank R2","Q3/F.s^(a - 1)","Std err. Q3/F.s^(a - 1)","Rank Q3",a3/,"Std err. a3","Rank a3",R3,"Std err. R3/Ohm","Rank R3","Q4/F.s^(a - 1)","Std err. Q4/F.s^(a - 1)","Rank Q4",a4/,"Std err. a4","Rank a4",Chi^2/|Z|^2,Chi/sqrt(N)/Ohm
C:\Users\HOME\Desktop\JupyterWorkspace\ALBATROSS_Paper\Revision_EIS\NCM811_EIS_40cells\2\260120034239_15(2-8).mpr,"Cycle 0",,3.622,xxxx,0.711538461538462,6.35399992461316E-5,xxxx,0.665384615384615,0.755800008773804,xxxx,0.869230769230769,54.4700012207031,xxxx,1,0.00608900003135204,xxxx,0.596153846153846,0.838800013065338,xxxx,0.788461538461538,18.8299999237061,xxxx,0.55,0.180891755604161,0.0033943520573418,0.257692307692308,0.280957565202463,0.0139643598109572,0.273076923076923,0.00484005344683639,0.371225019294164
,,,,,,,,,,,,,,,,,,,,,,,,,,,,,,,
"Batch mean",,,3.62199997901917,,,6.35399992461316E-5,,,0.755800008773804,,,54.4700012207031,,,0.00608900003135204,,,0.838800013065338,,,18.8299999237061,,,0.180891752243042,,,0.280957579612732,,,,
"Batch standard deviation",,,0,,,0,,,0,,,0,,,0,,,0,,,0,,,0,,,0,,,,
,,,,,,,,,,,,,,,,,,,,,,,,,,,,,,,
"Equivalent circuit",,,,,,,,,,,,,,,,,,,,,,,,,,,,,,,
R1+Q2/R2+Q3/(R3+Q4),,,,,,,,,,,,,,,,,,,,,,,,,,,,,,,
