,,,R1/Ohm,"Std err. R1/Ohm","Rank R1","Q2/F.s^(a - 1)","Std err. Q2/F.s^(a - 1)","Rank Q2",a2/,"Std err. a2","Rank a2",R2,"Std err. R2/Ohm","Rank R2","Q3/F.s^(a - 1)","Std err. Q3/F.s^(a - 1)","Rank Q3",a3/,"Std err. a3","Rank a3",R3,"Std err. R3/Ohm","Rank R3","Q4/F.s^(a - 1)","Std err. Q4/F.s^(a - 1)","Rank Q4",a4/,"Std err. a4","Rank a4",Chi^2/|Z|^2,Chi/sqrt(N)/Ohm
C:\Users\HOME\Desktop\JupyterWorkspace\ALBATROSS_Paper\Revision_EIS\NCM811_EIS_40cells\2\260119234414_4(1-5).mpr,"Cycle 0",,3.613,xxxx,0.742307692307692,6.55300027574413E-5,xxxx,0.688461538461538,0.758800029754639,xxxx,0.884615384615385,53.0299987792969,xxxx,1,0.00607099989429116,xxxx,0.588461538461538,0.890999972820282,xxxx,0.773076923076923,20.4500007629395,xxxx,0.55,0.45794620365451,0.0344608692272248,0.173076923076923,0.86217137752771,0.048407829854729,0.311538461538462,0.0094580759907097,0.463869361721536
,,,,,,,,,,,,,,,,,,,,,,,,,,,,,,,
"Batch mean",,,3.61299991607666,,,6.55300027574413E-5,,,0.758800029754639,,,53.0299987792969,,,0.00607099989429116,,,0.890999972820282,,,20.4500007629395,,,0.457946211099625,,,0.862171351909637,,,,
"Batch standard deviation",,,0,,,0,,,0,,,0,,,0,,,0,,,0,,,0,,,0,,,,
,,,,,,,,,,,,,,,,,,,,,,,,,,,,,,,
"Equivalent circuit",,,,,,,,,,,,,,,,,,,,,,,,,,,,,,,
R1+Q2/R2+Q3/(R3+Q4),,,,,,,,,,,,,,,,,,,,,,,,,,,,,,,
