,,,R1/Ohm,"Std err. R1/Ohm","Rank R1","Q2/F.s^(a - 1)","Std err. Q2/F.s^(a - 1)","Rank Q2",a2/,"Std err. a2","Rank a2",R2,"Std err. R2/Ohm","Rank R2","Q3/F.s^(a - 1)","Std err. Q3/F.s^(a - 1)","Rank Q3",a3/,"Std err. a3","Rank a3",R3,"Std err. R3/Ohm","Rank R3","Q4/F.s^(a - 1)","Std err. Q4/F.s^(a - 1)","Rank Q4",a4/,"Std err. a4","Rank a4",Chi^2/|Z|^2,Chi/sqrt(N)/Ohm
C:\Users\HOME\Desktop\JupyterWorkspace\ALBATROSS_Paper\Revision_EIS\NCM811_EIS_40cells\2\260120044603_23(3-8).mpr,"Cycle 0",,3.9539999961853,xxxx,0.735632183908046,6.54999967082404E-5,xxxx,0.670498084291188,0.749400019645691,xxxx,0.881226053639847,51.9000015258789,xxxx,1,0.00776500022038817,xxxx,0.609195402298851,0.797500014305115,xxxx,0.793103448275862,22.8099994659424,xxxx,0.540229885057471,0.585375966609162,0.0953001308392929,0.160919540229885,0.890604853242093,0.0753540012877776,0.298850574712644,0.00476745221491954,0.527161292824961
,,,,,,,,,,,,,,,,,,,,,,,,,,,,,,,
"Batch mean",,,3.9539999961853,,,6.54999967082404E-5,,,0.749400019645691,,,51.9000015258789,,,0.00776500022038817,,,0.797500014305115,,,22.8099994659424,,,0.585375964641571,,,0.890604853630066,,,,
"Batch standard deviation",,,0,,,0,,,0,,,0,,,0,,,0,,,0,,,0,,,0,,,,
,,,,,,,,,,,,,,,,,,,,,,,,,,,,,,,
"Equivalent circuit",,,,,,,,,,,,,,,,,,,,,,,,,,,,,,,
R1+Q2/R2+Q3/(R3+Q4),,,,,,,,,,,,,,,,,,,,,,,,,,,,,,,
