,,,R1/Ohm,"Std err. R1/Ohm","Rank R1","Q2/F.s^(a - 1)","Std err. Q2/F.s^(a - 1)","Rank Q2",a2/,"Std err. a2","Rank a2",R2,"Std err. R2/Ohm","Rank R2","Q3/F.s^(a - 1)","Std err. Q3/F.s^(a - 1)","Rank Q3",a3/,"Std err. a3","Rank a3",R3,"Std err. R3/Ohm","Rank R3","Q4/F.s^(a - 1)","Std err. Q4/F.s^(a - 1)","Rank Q4",a4/,"Std err. a4","Rank a4",Chi^2/|Z|^2,Chi/sqrt(N)/Ohm
C:\Users\HOME\Desktop\JupyterWorkspace\ALBATROSS_Paper\Revision_EIS\NCM811_EIS_40cells\2\260119235834_10(2-3).mpr,"Cycle 0",,3.364,xxxx,0.692307692307692,6.88358147771276E-5,2.28531849365742E-6,0.665384615384615,0.754206802914414,0.0039368837619779,0.861538461538462,52.1587036193362,0.103446368211346,1,0.005301000084728,xxxx,0.596153846153846,0.84469997882843,xxxx,0.788461538461538,19.9400005340576,xxxx,0.557692307692308,0.173800006508827,xxxx,0.246153846153846,0.400999993085861,xxxx,0.303846153846154,0.00983114964588878,0.356023302633006
,,,,,,,,,,,,,,,,,,,,,,,,,,,,,,,
"Batch mean",,,3.36400008201599,,,6.88358122715726E-5,,,0.754206776618958,,,52.1587028503418,,,0.005301000084728,,,0.84469997882843,,,19.9400005340576,,,0.173800006508827,,,0.400999993085861,,,,
"Batch standard deviation",,,0,,,0,,,0,,,0,,,0,,,0,,,0,,,0,,,0,,,,
,,,,,,,,,,,,,,,,,,,,,,,,,,,,,,,
"Equivalent circuit",,,,,,,,,,,,,,,,,,,,,,,,,,,,,,,
R1+Q2/R2+Q3/(R3+Q4),,,,,,,,,,,,,,,,,,,,,,,,,,,,,,,
