,,,R1/Ohm,"Std err. R1/Ohm","Rank R1","Q2/F.s^(a - 1)","Std err. Q2/F.s^(a - 1)","Rank Q2",a2/,"Std err. a2","Rank a2",R2,"Std err. R2/Ohm","Rank R2","Q3/F.s^(a - 1)","Std err. Q3/F.s^(a - 1)","Rank Q3",a3/,"Std err. a3","Rank a3",R3,"Std err. R3/Ohm","Rank R3","Q4/F.s^(a - 1)","Std err. Q4/F.s^(a - 1)","Rank Q4",a4/,"Std err. a4","Rank a4",Chi^2/|Z|^2,Chi/sqrt(N)/Ohm
C:\Users\HOME\Desktop\JupyterWorkspace\ALBATROSS_Paper\Revision_EIS\NCM811_EIS_40cells\2\260120033421_14(2-7).mpr,"Cycle 0",,3.73499989509583,xxxx,0.704980842911877,6.57900018268265E-5,xxxx,0.681992337164751,0.745800018310547,xxxx,0.877394636015326,61.5400009155273,xxxx,1,0.00626999977976084,xxxx,0.593869731800766,0.834399998188019,xxxx,0.773946360153257,18.8500003814697,xxxx,0.540229885057471,0.192584245505969,0.00453464899005855,0.264367816091954,0.220857314566779,0.0143954663035935,0.252873563218391,0.00212140850783524,0.43242907350947
,,,,,,,,,,,,,,,,,,,,,,,,,,,,,,,
"Batch mean",,,3.73499989509583,,,6.57900018268265E-5,,,0.745800018310547,,,61.5400009155273,,,0.00626999977976084,,,0.834399998188019,,,18.8500003814697,,,0.192584246397018,,,0.220857307314873,,,,
"Batch standard deviation",,,0,,,0,,,0,,,0,,,0,,,0,,,0,,,0,,,0,,,,
,,,,,,,,,,,,,,,,,,,,,,,,,,,,,,,
"Equivalent circuit",,,,,,,,,,,,,,,,,,,,,,,,,,,,,,,
R1+Q2/R2+Q3/(R3+Q4),,,,,,,,,,,,,,,,,,,,,,,,,,,,,,,
