,,,R1/Ohm,"Std err. R1/Ohm","Rank R1","Q2/F.s^(a - 1)","Std err. Q2/F.s^(a - 1)","Rank Q2",a2/,"Std err. a2","Rank a2",R2,"Std err. R2/Ohm","Rank R2","Q3/F.s^(a - 1)","Std err. Q3/F.s^(a - 1)","Rank Q3",a3/,"Std err. a3","Rank a3",R3,"Std err. R3/Ohm","Rank R3","Q4/F.s^(a - 1)","Std err. Q4/F.s^(a - 1)","Rank Q4",a4/,"Std err. a4","Rank a4",Chi^2/|Z|^2,Chi/sqrt(N)/Ohm
C:\Users\HOME\Desktop\JupyterWorkspace\ALBATROSS_Paper\Revision_EIS\NCM811_EIS_40cells\2\260120051740_27(4-4).mpr,"Cycle 0",,3.74900007247925,xxxx,0.731800766283525,7.38099988666363E-5,xxxx,0.685823754789272,0.736699998378754,xxxx,0.881226053639847,56.1699981689453,xxxx,1,0.00603500008583069,xxxx,0.582375478927203,0.855199992656708,xxxx,0.773946360153257,20.5100002288818,xxxx,0.547892720306513,0.369933439063269,0.0204020183160499,0.18007662835249,0.643783149988168,0.0279598859771031,0.306513409961686,0.00120377829768023,0.306515338218521
,,,,,,,,,,,,,,,,,,,,,,,,,,,,,,,
"Batch mean",,,3.74900007247925,,,7.38099988666363E-5,,,0.736699998378754,,,56.1699981689453,,,0.00603500008583069,,,0.855199992656708,,,20.5100002288818,,,0.369933426380157,,,0.643783152103424,,,,
"Batch standard deviation",,,0,,,0,,,0,,,0,,,0,,,0,,,0,,,0,,,0,,,,
,,,,,,,,,,,,,,,,,,,,,,,,,,,,,,,
"Equivalent circuit",,,,,,,,,,,,,,,,,,,,,,,,,,,,,,,
R1+Q2/R2+Q3/(R3+Q4),,,,,,,,,,,,,,,,,,,,,,,,,,,,,,,
