,,,R1/Ohm,"Std err. R1/Ohm","Rank R1","Q2/F.s^(a - 1)","Std err. Q2/F.s^(a - 1)","Rank Q2",a2/,"Std err. a2","Rank a2",R2,"Std err. R2/Ohm","Rank R2","Q3/F.s^(a - 1)","Std err. Q3/F.s^(a - 1)","Rank Q3",a3/,"Std err. a3","Rank a3",R3,"Std err. R3/Ohm","Rank R3","Q4/F.s^(a - 1)","Std err. Q4/F.s^(a - 1)","Rank Q4",a4/,"Std err. a4","Rank a4",Chi^2/|Z|^2,Chi/sqrt(N)/Ohm
C:\Users\HOME\Desktop\JupyterWorkspace\ALBATROSS_Paper\Revision_EIS\NCM811_EIS_40cells\2\260120050146_25(4-2).mpr,"Cycle 0",,4.05299997329712,xxxx,0.745173745173745,9.03100008144975E-5,xxxx,0.694980694980695,0.727400004863739,xxxx,0.891891891891892,51.7799987792969,xxxx,1,0.00779900001361966,xxxx,0.598455598455598,0.804199993610382,xxxx,0.787644787644788,23.0799999237061,xxxx,0.536679536679537,0.329712378701877,0.0213403389474685,0.16988416988417,0.779415928857018,0.0370353883983978,0.308880308880309,0.0047104007476781,0.504514582808081
,,,,,,,,,,,,,,,,,,,,,,,,,,,,,,,
"Batch mean",,,4.05299997329712,,,9.03100008144975E-5,,,0.727400004863739,,,51.7799987792969,,,0.00779900001361966,,,0.804199993610382,,,23.0799999237061,,,0.329712390899658,,,0.779415905475616,,,,
"Batch standard deviation",,,0,,,0,,,0,,,0,,,0,,,0,,,0,,,0,,,0,,,,
,,,,,,,,,,,,,,,,,,,,,,,,,,,,,,,
"Equivalent circuit",,,,,,,,,,,,,,,,,,,,,,,,,,,,,,,
R1+Q2/R2+Q3/(R3+Q4),,,,,,,,,,,,,,,,,,,,,,,,,,,,,,,
