,,,R1/Ohm,"Std err. R1/Ohm","Rank R1","Q2/F.s^(a - 1)","Std err. Q2/F.s^(a - 1)","Rank Q2",a2/,"Std err. a2","Rank a2",R2,"Std err. R2/Ohm","Rank R2","Q3/F.s^(a - 1)","Std err. Q3/F.s^(a - 1)","Rank Q3",a3/,"Std err. a3","Rank a3",R3,"Std err. R3/Ohm","Rank R3","Q4/F.s^(a - 1)","Std err. Q4/F.s^(a - 1)","Rank Q4",a4/,"Std err. a4","Rank a4",Chi^2/|Z|^2,Chi/sqrt(N)/Ohm
C:\Users\HOME\Desktop\JupyterWorkspace\ALBATROSS_Paper\Revision_EIS\NCM811_EIS_40cells\2\260120060822_37(5-6).mpr,"Cycle 0",,3.32999992370605,xxxx,0.704980842911877,7.83799987402745E-5,xxxx,0.685823754789272,0.735000014305115,xxxx,0.881226053639847,55.5400009155273,xxxx,1,0.00579100009053946,xxxx,0.586206896551724,0.8817999958992,xxxx,0.777777777777778,21.0499992370605,xxxx,0.547892720306513,0.286659287329412,0.0127176812896271,0.199233716475096,0.589287997943693,0.0257222188573565,0.306513409961686,0.00171231583499025,0.339812334549643
,,,,,,,,,,,,,,,,,,,,,,,,,,,,,,,
"Batch mean",,,3.32999992370605,,,7.83799987402745E-5,,,0.735000014305115,,,55.5400009155273,,,0.00579100009053946,,,0.8817999958992,,,21.0499992370605,,,0.286659300327301,,,0.589287996292114,,,,
"Batch standard deviation",,,0,,,0,,,0,,,0,,,0,,,0,,,0,,,0,,,0,,,,
,,,,,,,,,,,,,,,,,,,,,,,,,,,,,,,
"Equivalent circuit",,,,,,,,,,,,,,,,,,,,,,,,,,,,,,,
R1+Q2/R2+Q3/(R3+Q4),,,,,,,,,,,,,,,,,,,,,,,,,,,,,,,
