,,,R1/Ohm,"Std err. R1/Ohm","Rank R1","Q2/F.s^(a - 1)","Std err. Q2/F.s^(a - 1)","Rank Q2",a2/,"Std err. a2","Rank a2",R2,"Std err. R2/Ohm","Rank R2","Q3/F.s^(a - 1)","Std err. Q3/F.s^(a - 1)","Rank Q3",a3/,"Std err. a3","Rank a3",R3,"Std err. R3/Ohm","Rank R3","Q4/F.s^(a - 1)","Std err. Q4/F.s^(a - 1)","Rank Q4",a4/,"Std err. a4","Rank a4",Chi^2/|Z|^2,Chi/sqrt(N)/Ohm
C:\Users\HOME\Desktop\JupyterWorkspace\ALBATROSS_Paper\Revision_EIS\NCM811_EIS_40cells\2\260121215019_43(6-4).mpr,"Cycle 0",,4.16900014877319,xxxx,0.753846153846154,6.90000015310943E-5,xxxx,0.673076923076923,0.747099995613098,xxxx,0.876923076923077,53.5400009155273,xxxx,1,0.00606200005859137,xxxx,0.573076923076923,0.882099986076355,xxxx,0.769230769230769,17.7099990844727,xxxx,0.55,0.262235799735104,0.0137325570029311,0.226923076923077,0.412724379358196,0.0246803283817943,0.288461538461538,0.001550369876608,0.325699880141736
,,,,,,,,,,,,,,,,,,,,,,,,,,,,,,,
"Batch mean",,,4.16900014877319,,,6.90000015310943E-5,,,0.747099995613098,,,53.5400009155273,,,0.00606200005859137,,,0.882099986076355,,,17.7099990844727,,,0.262235790491104,,,0.412724375724792,,,,
"Batch standard deviation",,,0,,,0,,,0,,,0,,,0,,,0,,,0,,,0,,,0,,,,
,,,,,,,,,,,,,,,,,,,,,,,,,,,,,,,
"Equivalent circuit",,,,,,,,,,,,,,,,,,,,,,,,,,,,,,,
R1+Q2/R2+Q3/(R3+Q4),,,,,,,,,,,,,,,,,,,,,,,,,,,,,,,
