,,,R1/Ohm,"Std err. R1/Ohm","Rank R1","Q2/F.s^(a - 1)","Std err. Q2/F.s^(a - 1)","Rank Q2",a2/,"Std err. a2","Rank a2",R2,"Std err. R2/Ohm","Rank R2","Q3/F.s^(a - 1)","Std err. Q3/F.s^(a - 1)","Rank Q3",a3/,"Std err. a3","Rank a3",R3,"Std err. R3/Ohm","Rank R3","Q4/F.s^(a - 1)","Std err. Q4/F.s^(a - 1)","Rank Q4",a4/,"Std err. a4","Rank a4",Chi^2/|Z|^2,Chi/sqrt(N)/Ohm
C:\Users\HOME\Desktop\JupyterWorkspace\ALBATROSS_Paper\Revision_EIS\NCM811_EIS_40cells\2\260120061732_38(5-7).mpr,"Cycle 0",,3.38000011444092,xxxx,0.71264367816092,7.37299997126684E-5,xxxx,0.674329501915709,0.742999970912933,xxxx,0.865900383141762,51.5400009155273,xxxx,1,0.00571200018748641,xxxx,0.593869731800766,0.878199994564056,xxxx,0.777777777777778,20.8400001525879,xxxx,0.551724137931034,0.266034708379038,0.00859766211444609,0.210727969348659,0.563705247697477,0.0253337855601966,0.302681992337165,0.00292331110801181,0.409312256834778
,,,,,,,,,,,,,,,,,,,,,,,,,,,,,,,
"Batch mean",,,3.38000011444092,,,7.37299997126684E-5,,,0.742999970912933,,,51.5400009155273,,,0.00571200018748641,,,0.878199994564056,,,20.8400001525879,,,0.266034722328186,,,0.563705265522003,,,,
"Batch standard deviation",,,0,,,0,,,0,,,0,,,0,,,0,,,0,,,0,,,0,,,,
,,,,,,,,,,,,,,,,,,,,,,,,,,,,,,,
"Equivalent circuit",,,,,,,,,,,,,,,,,,,,,,,,,,,,,,,
R1+Q2/R2+Q3/(R3+Q4),,,,,,,,,,,,,,,,,,,,,,,,,,,,,,,
