,,,R1/Ohm,"Std err. R1/Ohm","Rank R1","Q2/F.s^(a - 1)","Std err. Q2/F.s^(a - 1)","Rank Q2",a2/,"Std err. a2","Rank a2",R2,"Std err. R2/Ohm","Rank R2","Q3/F.s^(a - 1)","Std err. Q3/F.s^(a - 1)","Rank Q3",a3/,"Std err. a3","Rank a3",R3,"Std err. R3/Ohm","Rank R3","Q4/F.s^(a - 1)","Std err. Q4/F.s^(a - 1)","Rank Q4",a4/,"Std err. a4","Rank a4",Chi^2/|Z|^2,Chi/sqrt(N)/Ohm
C:\Users\HOME\Desktop\JupyterWorkspace\ALBATROSS_Paper\Revision_EIS\NCM811_EIS_40cells\2\260121205632_45(6-6).mpr,"Cycle 0",,3.96700000762939,xxxx,0.746153846153846,7.81199996708892E-5,xxxx,0.673076923076923,0.739199995994568,xxxx,0.876923076923077,50.0900001525879,xxxx,1,0.00640500010922551,xxxx,0.580769230769231,0.868399977684021,xxxx,0.769230769230769,18.5200004577637,xxxx,0.55,0.239435590534426,0.00939764593509504,0.215384615384615,0.498976433276781,0.0209736513971662,0.3,0.00305231718108753,0.382909018115971
,,,,,,,,,,,,,,,,,,,,,,,,,,,,,,,
"Batch mean",,,3.96700000762939,,,7.81199996708892E-5,,,0.739199995994568,,,50.0900001525879,,,0.00640500010922551,,,0.868399977684021,,,18.5200004577637,,,0.239435583353043,,,0.498976439237595,,,,
"Batch standard deviation",,,0,,,0,,,0,,,0,,,0,,,0,,,0,,,0,,,0,,,,
,,,,,,,,,,,,,,,,,,,,,,,,,,,,,,,
"Equivalent circuit",,,,,,,,,,,,,,,,,,,,,,,,,,,,,,,
R1+Q2/R2+Q3/(R3+Q4),,,,,,,,,,,,,,,,,,,,,,,,,,,,,,,
