,,,R1/Ohm,"Std err. R1/Ohm","Rank R1","Q2/F.s^(a - 1)","Std err. Q2/F.s^(a - 1)","Rank Q2",a2/,"Std err. a2","Rank a2",R2,"Std err. R2/Ohm","Rank R2","Q3/F.s^(a - 1)","Std err. Q3/F.s^(a - 1)","Rank Q3",a3/,"Std err. a3","Rank a3",R3,"Std err. R3/Ohm","Rank R3","Q4/F.s^(a - 1)","Std err. Q4/F.s^(a - 1)","Rank Q4",a4/,"Std err. a4","Rank a4",Chi^2/|Z|^2,Chi/sqrt(N)/Ohm
C:\Users\HOME\Desktop\JupyterWorkspace\ALBATROSS_Paper\Revision_EIS\NCM811_EIS_40cells\2\260120055928_36(5-5).mpr,"Cycle 0",,3.62,xxxx,0.722007722007722,6.48900022497401E-5,xxxx,0.675675675675676,0.75739997625351,xxxx,0.872586872586873,51.6300010681152,xxxx,1,0.0058699999935925,xxxx,0.61003861003861,0.810199975967407,xxxx,0.799227799227799,23.2299995422363,xxxx,0.555984555984556,0.330718640615393,0.00936661632687268,0.196911196911197,0.593777429939797,0.0196687476684053,0.301158301158301,0.0105432885453753,0.30225424870758
,,,,,,,,,,,,,,,,,,,,,,,,,,,,,,,
"Batch mean",,,3.61999988555908,,,6.48900022497401E-5,,,0.75739997625351,,,51.6300010681152,,,0.0058699999935925,,,0.810199975967407,,,23.2299995422363,,,0.330718636512756,,,0.593777418136597,,,,
"Batch standard deviation",,,0,,,0,,,0,,,0,,,0,,,0,,,0,,,0,,,0,,,,
,,,,,,,,,,,,,,,,,,,,,,,,,,,,,,,
"Equivalent circuit",,,,,,,,,,,,,,,,,,,,,,,,,,,,,,,
R1+Q2/R2+Q3/(R3+Q4),,,,,,,,,,,,,,,,,,,,,,,,,,,,,,,
