,,,R1/Ohm,"Std err. R1/Ohm","Rank R1","Q2/F.s^(a - 1)","Std err. Q2/F.s^(a - 1)","Rank Q2",a2/,"Std err. a2","Rank a2",R2,"Std err. R2/Ohm","Rank R2","Q3/F.s^(a - 1)","Std err. Q3/F.s^(a - 1)","Rank Q3",a3/,"Std err. a3","Rank a3",R3,"Std err. R3/Ohm","Rank R3","Q4/F.s^(a - 1)","Std err. Q4/F.s^(a - 1)","Rank Q4",a4/,"Std err. a4","Rank a4",Chi^2/|Z|^2,Chi/sqrt(N)/Ohm
C:\Users\HOME\Desktop\JupyterWorkspace\ALBATROSS_Paper\Revision_EIS\NCM811_EIS_40cells\2\260120063548_40(6-1).mpr,"Cycle 0",,3.58100008964539,xxxx,0.716475095785441,8.17300024209544E-5,xxxx,0.67816091954023,0.729200005531311,xxxx,0.873563218390805,51.2200012207031,xxxx,1,0.00636299978941679,xxxx,0.582375478927203,0.856000006198883,xxxx,0.777777777777778,19.9099998474121,xxxx,0.547892720306513,0.261303257869476,0.00830780481860403,0.210727969348659,0.532136227755053,0.0209055681222781,0.302681992337165,0.00221127237849723,0.350568886648289
,,,,,,,,,,,,,,,,,,,,,,,,,,,,,,,
"Batch mean",,,3.58100008964539,,,8.17300024209544E-5,,,0.729200005531311,,,51.2200012207031,,,0.00636299978941679,,,0.856000006198883,,,19.9099998474121,,,0.261303246021271,,,0.532136201858521,,,,
"Batch standard deviation",,,0,,,0,,,0,,,0,,,0,,,0,,,0,,,0,,,0,,,,
,,,,,,,,,,,,,,,,,,,,,,,,,,,,,,,
"Equivalent circuit",,,,,,,,,,,,,,,,,,,,,,,,,,,,,,,
R1+Q2/R2+Q3/(R3+Q4),,,,,,,,,,,,,,,,,,,,,,,,,,,,,,,
