,,,R1/Ohm,"Std err. R1/Ohm","Rank R1","Q2/F.s^(a - 1)","Std err. Q2/F.s^(a - 1)","Rank Q2",a2/,"Std err. a2","Rank a2",R2,"Std err. R2/Ohm","Rank R2","Q3/F.s^(a - 1)","Std err. Q3/F.s^(a - 1)","Rank Q3",a3/,"Std err. a3","Rank a3",R3,"Std err. R3/Ohm","Rank R3","Q4/F.s^(a - 1)","Std err. Q4/F.s^(a - 1)","Rank Q4",a4/,"Std err. a4","Rank a4",Chi^2/|Z|^2,Chi/sqrt(N)/Ohm
C:\Users\HOME\Desktop\JupyterWorkspace\ALBATROSS_Paper\Revision_EIS\NCM811_EIS_40cells\2\260120054248_32(5-1).mpr,"Cycle 0",,3.67700004577637,xxxx,0.724137931034483,6.72000023769215E-5,xxxx,0.685823754789272,0.745100021362305,xxxx,0.877394636015326,57.6699981689453,xxxx,1,0.00648100022226572,xxxx,0.590038314176245,0.847699999809265,xxxx,0.777777777777778,21.1700000762939,xxxx,0.547892720306513,0.342476613754509,0.0139508165913439,0.176245210727969,0.652738180057889,0.0226142786768131,0.310344827586207,0.00189779931349309,0.348682136055171
,,,,,,,,,,,,,,,,,,,,,,,,,,,,,,,
"Batch mean",,,3.67700004577637,,,6.72000023769215E-5,,,0.745100021362305,,,57.6699981689453,,,0.00648100022226572,,,0.847699999809265,,,21.1700000762939,,,0.342476606369019,,,0.652738153934479,,,,
"Batch standard deviation",,,0,,,0,,,0,,,0,,,0,,,0,,,0,,,0,,,0,,,,
,,,,,,,,,,,,,,,,,,,,,,,,,,,,,,,
"Equivalent circuit",,,,,,,,,,,,,,,,,,,,,,,,,,,,,,,
R1+Q2/R2+Q3/(R3+Q4),,,,,,,,,,,,,,,,,,,,,,,,,,,,,,,
