,,,R1/Ohm,"Std err. R1/Ohm","Rank R1","Q2/F.s^(a - 1)","Std err. Q2/F.s^(a - 1)","Rank Q2",a2/,"Std err. a2","Rank a2",R2,"Std err. R2/Ohm","Rank R2","Q3/F.s^(a - 1)","Std err. Q3/F.s^(a - 1)","Rank Q3",a3/,"Std err. a3","Rank a3",R3,"Std err. R3/Ohm","Rank R3","Q4/F.s^(a - 1)","Std err. Q4/F.s^(a - 1)","Rank Q4",a4/,"Std err. a4","Rank a4",Chi^2/|Z|^2,Chi/sqrt(N)/Ohm
C:\Users\HOME\Desktop\JupyterWorkspace\ALBATROSS_Paper\Revision_EIS\NCM811_EIS_40cells\2\260120062655_39(5-8).mpr,"Cycle 0",,4.33400011062622,xxxx,0.753846153846154,7.12699984433129E-5,xxxx,0.669230769230769,0.745199978351593,xxxx,0.873076923076923,53.0200004577637,xxxx,1,0.00636699981987476,xxxx,0.588461538461538,0.845499992370605,xxxx,0.773076923076923,19.8099994659424,xxxx,0.553846153846154,0.292339300367622,0.00566175995719728,0.207692307692308,0.497186983526362,0.0114326670125846,0.292307692307692,0.00235818865239141,0.309621701625522
,,,,,,,,,,,,,,,,,,,,,,,,,,,,,,,
"Batch mean",,,4.33400011062622,,,7.12699984433129E-5,,,0.745199978351593,,,53.0200004577637,,,0.00636699981987476,,,0.845499992370605,,,19.8099994659424,,,0.292339295148849,,,0.497186988592148,,,,
"Batch standard deviation",,,0,,,0,,,0,,,0,,,0,,,0,,,0,,,0,,,0,,,,
,,,,,,,,,,,,,,,,,,,,,,,,,,,,,,,
"Equivalent circuit",,,,,,,,,,,,,,,,,,,,,,,,,,,,,,,
R1+Q2/R2+Q3/(R3+Q4),,,,,,,,,,,,,,,,,,,,,,,,,,,,,,,
