,,,R1/Ohm,"Std err. R1/Ohm","Rank R1","Q2/F.s^(a - 1)","Std err. Q2/F.s^(a - 1)","Rank Q2",a2/,"Std err. a2","Rank a2",R2,"Std err. R2/Ohm","Rank R2","Q3/F.s^(a - 1)","Std err. Q3/F.s^(a - 1)","Rank Q3",a3/,"Std err. a3","Rank a3",R3,"Std err. R3/Ohm","Rank R3","Q4/F.s^(a - 1)","Std err. Q4/F.s^(a - 1)","Rank Q4",a4/,"Std err. a4","Rank a4",Chi^2/|Z|^2,Chi/sqrt(N)/Ohm
C:\Users\HOME\Desktop\JupyterWorkspace\ALBATROSS_Paper\Revision_EIS\NCM811_EIS_40cells\2\260120025700_8(2-1).mpr,"Cycle 0",,3.82699990272522,xxxx,0.725868725868726,6.17999976384453E-5,xxxx,0.667953667953668,0.75629997253418,xxxx,0.872586872586873,56.560001373291,xxxx,1,0.00609399983659387,xxxx,0.602316602316602,0.81360000371933,xxxx,0.791505791505791,20.33,xxxx,0.552123552123552,0.186369784955692,0.00721145021112205,0.262548262548263,0.239523858482171,0.0188543628816941,0.258687258687259,0.00337553684354494,0.472476840725235
,,,,,,,,,,,,,,,,,,,,,,,,,,,,,,,
"Batch mean",,,3.82699990272522,,,6.17999976384453E-5,,,0.75629997253418,,,56.560001373291,,,0.00609399983659387,,,0.81360000371933,,,20.3299999237061,,,0.18636979162693,,,0.239523857831955,,,,
"Batch standard deviation",,,0,,,0,,,0,,,0,,,0,,,0,,,0,,,0,,,0,,,,
,,,,,,,,,,,,,,,,,,,,,,,,,,,,,,,
"Equivalent circuit",,,,,,,,,,,,,,,,,,,,,,,,,,,,,,,
R1+Q2/R2+Q3/(R3+Q4),,,,,,,,,,,,,,,,,,,,,,,,,,,,,,,
