,,,R1/Ohm,"Std err. R1/Ohm","Rank R1","Q2/F.s^(a - 1)","Std err. Q2/F.s^(a - 1)","Rank Q2",a2/,"Std err. a2","Rank a2",R2,"Std err. R2/Ohm","Rank R2","Q3/F.s^(a - 1)","Std err. Q3/F.s^(a - 1)","Rank Q3",a3/,"Std err. a3","Rank a3",R3,"Std err. R3/Ohm","Rank R3","Q4/F.s^(a - 1)","Std err. Q4/F.s^(a - 1)","Rank Q4",a4/,"Std err. a4","Rank a4",Chi^2/|Z|^2,Chi/sqrt(N)/Ohm
C:\Users\HOME\Desktop\JupyterWorkspace\ALBATROSS_Paper\Revision_EIS\NCM811_EIS_40cells\2\260119235127_9(2-2).mpr,"Cycle 0",,3.67567747589634,0.0131314977985059,0.734615384615385,7.00717326021998E-5,5.36951986919798E-7,0.680769230769231,0.745615270155624,0.000871477749845635,0.876923076923077,56.8833869509859,0.139531885228709,1,0.00548785328559405,9.6350792808729E-5,0.584615384615385,0.893295212433347,0.0041436795232335,0.769230769230769,19.0257445840746,0.153618087363372,0.55,0.266064867432445,0.00739234796232027,0.211538461538462,0.541487385184948,0.000777704590082056,0.303846153846154,0.00140368863711971,0.289688121329817
,,,,,,,,,,,,,,,,,,,,,,,,,,,,,,,
"Batch mean",,,3.67567753791809,,,7.00717355357483E-5,,,0.745615243911743,,,56.8833885192871,,,0.00548785319551826,,,0.893295228481293,,,19.0257453918457,,,0.266064882278442,,,0.541487395763397,,,,
"Batch standard deviation",,,0,,,0,,,0,,,0,,,0,,,0,,,0,,,0,,,0,,,,
,,,,,,,,,,,,,,,,,,,,,,,,,,,,,,,
"Equivalent circuit",,,,,,,,,,,,,,,,,,,,,,,,,,,,,,,
R1+Q2/R2+Q3/(R3+Q4),,,,,,,,,,,,,,,,,,,,,,,,,,,,,,,
