,,,R1/Ohm,"Std err. R1/Ohm","Rank R1","Q2/F.s^(a - 1)","Std err. Q2/F.s^(a - 1)","Rank Q2",a2/,"Std err. a2","Rank a2",R2,"Std err. R2/Ohm","Rank R2","Q3/F.s^(a - 1)","Std err. Q3/F.s^(a - 1)","Rank Q3",a3/,"Std err. a3","Rank a3",R3,"Std err. R3/Ohm","Rank R3","Q4/F.s^(a - 1)","Std err. Q4/F.s^(a - 1)","Rank Q4",a4/,"Std err. a4","Rank a4",Chi^2/|Z|^2,Chi/sqrt(N)/Ohm
C:\Users\HOME\Desktop\JupyterWorkspace\ALBATROSS_Paper\Revision_EIS\NCM811_EIS_40cells\2\260120001344_16(3-1).mpr,"Cycle 0",,3.53299999237061,xxxx,0.734615384615385,8.40599968796596E-5,xxxx,0.673076923076923,0.735099971294403,xxxx,0.865384615384615,48.4599990844727,xxxx,1,0.00565499998629093,xxxx,0.584615384615385,0.916999995708466,xxxx,0.765384615384615,18.2299995422363,xxxx,0.553846153846154,0.229878991026938,0.00753650667417035,0.219230769230769,0.530484965025891,0.0190038305433868,0.315384615384615,0.00192013326951842,0.342045425378472
,,,,,,,,,,,,,,,,,,,,,,,,,,,,,,,
"Batch mean",,,3.53299999237061,,,8.40599968796596E-5,,,0.735099971294403,,,48.4599990844727,,,0.00565499998629093,,,0.916999995708466,,,18.2299995422363,,,0.22987899184227,,,0.530484974384308,,,,
"Batch standard deviation",,,0,,,0,,,0,,,0,,,0,,,0,,,0,,,0,,,0,,,,
,,,,,,,,,,,,,,,,,,,,,,,,,,,,,,,
"Equivalent circuit",,,,,,,,,,,,,,,,,,,,,,,,,,,,,,,
R1+Q2/R2+Q3/(R3+Q4),,,,,,,,,,,,,,,,,,,,,,,,,,,,,,,
