,,,R1/Ohm,"Std err. R1/Ohm","Rank R1","Q2/F.s^(a - 1)","Std err. Q2/F.s^(a - 1)","Rank Q2",a2/,"Std err. a2","Rank a2",R2,"Std err. R2/Ohm","Rank R2","Q3/F.s^(a - 1)","Std err. Q3/F.s^(a - 1)","Rank Q3",a3/,"Std err. a3","Rank a3",R3,"Std err. R3/Ohm","Rank R3","Q4/F.s^(a - 1)","Std err. Q4/F.s^(a - 1)","Rank Q4",a4/,"Std err. a4","Rank a4",Chi^2/|Z|^2,Chi/sqrt(N)/Ohm
C:\Users\HOME\Desktop\JupyterWorkspace\ALBATROSS_Paper\Revision_EIS\NCM811_EIS_40cells\2\260119212926_2(1-3).mpr,"Cycle 0",,3.77800011634827,xxxx,0.746153846153846,7.04928225790111E-5,9.75621741940539E-7,0.692307692307692,0.7490074612019,0.00137949014213902,0.888461538461538,55.3150828737865,0.210449559533644,1,0.0072573449938257,0.000228105291952078,0.584615384615385,0.848612012665455,0.00812824877959092,0.769230769230769,20.8433771205607,0.289077345818684,0.546153846153846,0.429603271913426,0.0137873582564155,0.173076923076923,0.866872910614114,0.00547874720286572,0.311538461538462,0.00292107710696776,0.436585323462667
,,,,,,,,,,,,,,,,,,,,,,,,,,,,,,,
"Batch mean",,,3.77800011634827,,,7.04928243067116E-5,,,0.7490074634552,,,55.3150825500488,,,0.00725734513252974,,,0.848612010478973,,,20.8433780670166,,,0.429603278636932,,,0.866872906684875,,,,
"Batch standard deviation",,,0,,,0,,,0,,,0,,,0,,,0,,,0,,,0,,,0,,,,
,,,,,,,,,,,,,,,,,,,,,,,,,,,,,,,
"Equivalent circuit",,,,,,,,,,,,,,,,,,,,,,,,,,,,,,,
R1+Q2/R2+Q3/(R3+Q4),,,,,,,,,,,,,,,,,,,,,,,,,,,,,,,
