,,,R1/Ohm,"Std err. R1/Ohm","Rank R1","Q2/F.s^(a - 1)","Std err. Q2/F.s^(a - 1)","Rank Q2",a2/,"Std err. a2","Rank a2",R2,"Std err. R2/Ohm","Rank R2","Q3/F.s^(a - 1)","Std err. Q3/F.s^(a - 1)","Rank Q3",a3/,"Std err. a3","Rank a3",R3,"Std err. R3/Ohm","Rank R3","Q4/F.s^(a - 1)","Std err. Q4/F.s^(a - 1)","Rank Q4",a4/,"Std err. a4","Rank a4",Chi^2/|Z|^2,Chi/sqrt(N)/Ohm
C:\Users\HOME\Desktop\JupyterWorkspace\ALBATROSS_Paper\Revision_EIS\NCM811_EIS_40cells\2\260120012629_29(4-6).mpr,"Cycle 0",,3.894,xxxx,0.734615384615385,8.9720000687521E-5,xxxx,0.669230769230769,0.720499992370605,xxxx,0.869230769230769,51.3899993896484,xxxx,1,0.00600499985739589,xxxx,0.573076923076923,0.871900022029877,xxxx,0.765384615384615,16.3899993896484,xxxx,0.55,0.165424951774005,0.00160713271151633,0.261538461538462,0.309741022332546,0.00602307757643593,0.288461538461538,0.00584424270925809,0.44487340947617
,,,,,,,,,,,,,,,,,,,,,,,,,,,,,,,
"Batch mean",,,3.89400005340576,,,8.9720000687521E-5,,,0.720499992370605,,,51.3899993896484,,,0.00600499985739589,,,0.871900022029877,,,16.3899993896484,,,0.165424957871437,,,0.309741020202637,,,,
"Batch standard deviation",,,0,,,0,,,0,,,0,,,0,,,0,,,0,,,0,,,0,,,,
,,,,,,,,,,,,,,,,,,,,,,,,,,,,,,,
"Equivalent circuit",,,,,,,,,,,,,,,,,,,,,,,,,,,,,,,
R1+Q2/R2+Q3/(R3+Q4),,,,,,,,,,,,,,,,,,,,,,,,,,,,,,,
