,,,R1/Ohm,"Std err. R1/Ohm","Rank R1","Q2/F.s^(a - 1)","Std err. Q2/F.s^(a - 1)","Rank Q2",a2/,"Std err. a2","Rank a2",R2,"Std err. R2/Ohm","Rank R2","Q3/F.s^(a - 1)","Std err. Q3/F.s^(a - 1)","Rank Q3",a3/,"Std err. a3","Rank a3",R3,"Std err. R3/Ohm","Rank R3","Q4/F.s^(a - 1)","Std err. Q4/F.s^(a - 1)","Rank Q4",a4/,"Std err. a4","Rank a4",Chi^2/|Z|^2,Chi/sqrt(N)/Ohm
C:\Users\HOME\Desktop\JupyterWorkspace\ALBATROSS_Paper\Revision_EIS\NCM811_EIS_40cells\3\260120081046_20(3-5).mpr,"Cycle 0",,3.61999988555908,xxxx,0.738461538461539,8.3120001363568E-5,xxxx,0.688461538461538,0.731500029563904,xxxx,0.884615384615385,59.5299987792969,xxxx,1,0.0059940000064671,xxxx,0.55,0.96969997882843,xxxx,0.742307692307692,11.3199996948242,xxxx,0.542307692307692,0.157967722599541,0.00207814223956266,0.273076923076923,0.308912970143876,0.0087137311980904,0.292307692307692,0.00180290065659958,0.388145430383964
,,,,,,,,,,,,,,,,,,,,,,,,,,,,,,,
"Batch mean",,,3.61999988555908,,,8.3120001363568E-5,,,0.731500029563904,,,59.5299987792969,,,0.0059940000064671,,,0.96969997882843,,,11.3199996948242,,,0.15796771645546,,,0.308912962675095,,,,
"Batch standard deviation",,,0,,,0,,,0,,,0,,,0,,,0,,,0,,,0,,,0,,,,
,,,,,,,,,,,,,,,,,,,,,,,,,,,,,,,
"Equivalent circuit",,,,,,,,,,,,,,,,,,,,,,,,,,,,,,,
R1+Q2/R2+Q3/(R3+Q4),,,,,,,,,,,,,,,,,,,,,,,,,,,,,,,
