,,,R1/Ohm,"Std err. R1/Ohm","Rank R1","Q2/F.s^(a - 1)","Std err. Q2/F.s^(a - 1)","Rank Q2",a2/,"Std err. a2","Rank a2",R2,"Std err. R2/Ohm","Rank R2","Q3/F.s^(a - 1)","Std err. Q3/F.s^(a - 1)","Rank Q3",a3/,"Std err. a3","Rank a3",R3,"Std err. R3/Ohm","Rank R3","Q4/F.s^(a - 1)","Std err. Q4/F.s^(a - 1)","Rank Q4",a4/,"Std err. a4","Rank a4",Chi^2/|Z|^2,Chi/sqrt(N)/Ohm
C:\Users\HOME\Desktop\JupyterWorkspace\ALBATROSS_Paper\Revision_EIS\NCM811_EIS_40cells\3\260120035025_16(3-1).mpr,"Cycle 0",,3.84599995613098,xxxx,0.753846153846154,7.77599998400547E-5,xxxx,0.669230769230769,0.745899975299835,xxxx,0.873076923076923,53.1100006103516,xxxx,1,0.0051060002297163,xxxx,0.55,0.956300020217896,xxxx,0.742307692307692,10.8999996185303,xxxx,0.55,0.166999081930758,0.00196042455617416,0.276923076923077,0.283809222283585,0.00837287588921629,0.296153846153846,0.0016186518604404,0.291295319110521
,,,,,,,,,,,,,,,,,,,,,,,,,,,,,,,
"Batch mean",,,3.84599995613098,,,7.77599998400547E-5,,,0.745899975299835,,,53.1100006103516,,,0.0051060002297163,,,0.956300020217896,,,10.8999996185303,,,0.166999086737633,,,0.283809214830399,,,,
"Batch standard deviation",,,0,,,0,,,0,,,0,,,0,,,0,,,0,,,0,,,0,,,,
,,,,,,,,,,,,,,,,,,,,,,,,,,,,,,,
"Equivalent circuit",,,,,,,,,,,,,,,,,,,,,,,,,,,,,,,
R1+Q2/R2+Q3/(R3+Q4),,,,,,,,,,,,,,,,,,,,,,,,,,,,,,,
