,,,R1/Ohm,"Std err. R1/Ohm","Rank R1","Q2/F.s^(a - 1)","Std err. Q2/F.s^(a - 1)","Rank Q2",a2/,"Std err. a2","Rank a2",R2,"Std err. R2/Ohm","Rank R2","Q3/F.s^(a - 1)","Std err. Q3/F.s^(a - 1)","Rank Q3",a3/,"Std err. a3","Rank a3",R3,"Std err. R3/Ohm","Rank R3","Q4/F.s^(a - 1)","Std err. Q4/F.s^(a - 1)","Rank Q4",a4/,"Std err. a4","Rank a4",Chi^2/|Z|^2,Chi/sqrt(N)/Ohm
C:\Users\HOME\Desktop\JupyterWorkspace\ALBATROSS_Paper\Revision_EIS\NCM811_EIS_40cells\3\260120090740_27(4-4).mpr,"Cycle 0",,3.97699999809265,xxxx,0.742307692307692,7.39600000088103E-5,xxxx,0.688461538461538,0.738399982452393,xxxx,0.884615384615385,66.9599990844727,xxxx,1,0.00480316358488595,0.000102766017141732,0.55,0.999999999999998,0.000471147063331498,0.742307692307692,12.2495891511181,0.767984442672467,0.546153846153846,0.180414889285508,0.0223709708182036,0.269230769230769,0.31668772473531,0.0556881772140361,0.288461538461538,0.0011799428832458,0.345949695038658
,,,,,,,,,,,,,,,,,,,,,,,,,,,,,,,
"Batch mean",,,3.97699999809265,,,7.39600000088103E-5,,,0.738399982452393,,,66.9599990844727,,,0.00480316346511245,,,1,,,12.2495889663696,,,0.180414885282516,,,0.316687732934952,,,,
"Batch standard deviation",,,0,,,0,,,0,,,0,,,0,,,0,,,0,,,0,,,0,,,,
,,,,,,,,,,,,,,,,,,,,,,,,,,,,,,,
"Equivalent circuit",,,,,,,,,,,,,,,,,,,,,,,,,,,,,,,
R1+Q2/R2+Q3/(R3+Q4),,,,,,,,,,,,,,,,,,,,,,,,,,,,,,,
