,,,R1/Ohm,"Std err. R1/Ohm","Rank R1","Q2/F.s^(a - 1)","Std err. Q2/F.s^(a - 1)","Rank Q2",a2/,"Std err. a2","Rank a2",R2,"Std err. R2/Ohm","Rank R2","Q3/F.s^(a - 1)","Std err. Q3/F.s^(a - 1)","Rank Q3",a3/,"Std err. a3","Rank a3",R3,"Std err. R3/Ohm","Rank R3","Q4/F.s^(a - 1)","Std err. Q4/F.s^(a - 1)","Rank Q4",a4/,"Std err. a4","Rank a4",Chi^2/|Z|^2,Chi/sqrt(N)/Ohm
C:\Users\HOME\Desktop\JupyterWorkspace\ALBATROSS_Paper\Revision_EIS\NCM811_EIS_40cells\3\260120073900_14(2-7).mpr,"Cycle 0",,4.0460000038147,xxxx,0.764478764478765,7.14600028004497E-5,xxxx,0.698841698841699,0.741599977016449,xxxx,0.895752895752896,68.6399993896484,xxxx,1,0.00611300021409988,xxxx,0.552123552123552,1,xxxx,0.741312741312741,12.3299999237061,xxxx,0.544401544401544,0.209416581816998,0.0042234295428646,0.239382239382239,0.392207823491124,0.0125503857333883,0.297297297297297,0.00196842981673213,0.466171387768163
,,,,,,,,,,,,,,,,,,,,,,,,,,,,,,,
"Batch mean",,,4.0460000038147,,,7.14600028004497E-5,,,0.741599977016449,,,68.6399993896484,,,0.00611300021409988,,,1,,,12.3299999237061,,,0.209416583180428,,,0.392207831144333,,,,
"Batch standard deviation",,,0,,,0,,,0,,,0,,,0,,,0,,,0,,,0,,,0,,,,
,,,,,,,,,,,,,,,,,,,,,,,,,,,,,,,
"Equivalent circuit",,,,,,,,,,,,,,,,,,,,,,,,,,,,,,,
R1+Q2/R2+Q3/(R3+Q4),,,,,,,,,,,,,,,,,,,,,,,,,,,,,,,
