,,,R1/Ohm,"Std err. R1/Ohm","Rank R1","Q2/F.s^(a - 1)","Std err. Q2/F.s^(a - 1)","Rank Q2",a2/,"Std err. a2","Rank a2",R2,"Std err. R2/Ohm","Rank R2","Q3/F.s^(a - 1)","Std err. Q3/F.s^(a - 1)","Rank Q3",a3/,"Std err. a3","Rank a3",R3,"Std err. R3/Ohm","Rank R3","Q4/F.s^(a - 1)","Std err. Q4/F.s^(a - 1)","Rank Q4",a4/,"Std err. a4","Rank a4",Chi^2/|Z|^2,Chi/sqrt(N)/Ohm
C:\Users\HOME\Desktop\JupyterWorkspace\ALBATROSS_Paper\Revision_EIS\NCM811_EIS_40cells\3\260120082723_22(3-7).mpr,"Cycle 0",,3.71900010108948,xxxx,0.742307692307692,7.65099975978956E-5,xxxx,0.684615384615385,0.741100013256073,xxxx,0.876923076923077,59.9500007629395,xxxx,1,0.00515299988910556,xxxx,0.55,0.995899975299835,xxxx,0.742307692307692,11.3400001525879,xxxx,0.542307692307692,0.156214622330245,0.00348692712157692,0.273076923076923,0.298733995879324,0.011153890095352,0.3,0.0025640102565458,0.454354124642287
,,,,,,,,,,,,,,,,,,,,,,,,,,,,,,,
"Batch mean",,,3.71900010108948,,,7.65099975978956E-5,,,0.741100013256073,,,59.9500007629395,,,0.00515299988910556,,,0.995899975299835,,,11.3400001525879,,,0.156214624643326,,,0.2987340092659,,,,
"Batch standard deviation",,,0,,,0,,,0,,,0,,,0,,,0,,,0,,,0,,,0,,,,
,,,,,,,,,,,,,,,,,,,,,,,,,,,,,,,
"Equivalent circuit",,,,,,,,,,,,,,,,,,,,,,,,,,,,,,,
R1+Q2/R2+Q3/(R3+Q4),,,,,,,,,,,,,,,,,,,,,,,,,,,,,,,
