,,,R1/Ohm,"Std err. R1/Ohm","Rank R1","Q2/F.s^(a - 1)","Std err. Q2/F.s^(a - 1)","Rank Q2",a2/,"Std err. a2","Rank a2",R2,"Std err. R2/Ohm","Rank R2","Q3/F.s^(a - 1)","Std err. Q3/F.s^(a - 1)","Rank Q3",a3/,"Std err. a3","Rank a3",R3,"Std err. R3/Ohm","Rank R3","Q4/F.s^(a - 1)","Std err. Q4/F.s^(a - 1)","Rank Q4",a4/,"Std err. a4","Rank a4",Chi^2/|Z|^2,Chi/sqrt(N)/Ohm
C:\Users\HOME\Desktop\JupyterWorkspace\ALBATROSS_Paper\Revision_EIS\NCM811_EIS_40cells\3\260120052558_28(4-5).mpr,"Cycle 0",,3.83424041315554,0.0189816589359963,0.746153846153846,8.08890810186379E-5,1.44454262828441E-6,0.684615384615385,0.736689632508744,0.00192893489641448,0.884615384615385,60.2350996084927,0.0893230150155433,1,0.00554199982434511,xxxx,0.55,0.961000025272369,xxxx,0.742307692307692,12.1300001144409,xxxx,0.542307692307692,0.160799995064735,xxxx,0.269230769230769,0.328299999237061,xxxx,0.292307692307692,0.00205300613959604,0.349461578358785
,,,,,,,,,,,,,,,,,,,,,,,,,,,,,,,
"Batch mean",,,3.83424043655396,,,8.08890836196952E-5,,,0.736689627170563,,,60.2350997924805,,,0.00554199982434511,,,0.961000025272369,,,12.1300001144409,,,0.160799995064735,,,0.328299999237061,,,,
"Batch standard deviation",,,0,,,0,,,0,,,0,,,0,,,0,,,0,,,0,,,0,,,,
,,,,,,,,,,,,,,,,,,,,,,,,,,,,,,,
"Equivalent circuit",,,,,,,,,,,,,,,,,,,,,,,,,,,,,,,
R1+Q2/R2+Q3/(R3+Q4),,,,,,,,,,,,,,,,,,,,,,,,,,,,,,,
