,,,R1/Ohm,"Std err. R1/Ohm","Rank R1","Q2/F.s^(a - 1)","Std err. Q2/F.s^(a - 1)","Rank Q2",a2/,"Std err. a2","Rank a2",R2,"Std err. R2/Ohm","Rank R2","Q3/F.s^(a - 1)","Std err. Q3/F.s^(a - 1)","Rank Q3",a3/,"Std err. a3","Rank a3",R3,"Std err. R3/Ohm","Rank R3","Q4/F.s^(a - 1)","Std err. Q4/F.s^(a - 1)","Rank Q4",a4/,"Std err. a4","Rank a4",Chi^2/|Z|^2,Chi/sqrt(N)/Ohm
C:\Users\HOME\Desktop\JupyterWorkspace\ALBATROSS_Paper\Revision_EIS\NCM811_EIS_40cells\3\260120023520_1(1-2).mpr,"Cycle 0",,4.61447944998587,0.0826477586800719,0.773076923076923,7.20951542528979E-5,2.37266124919182E-6,0.684615384615385,0.744526207852539,0.00423501788799323,0.880769230769231,63.6891174665866,0.182312313911509,1,0.00571000017225742,xxxx,0.542307692307692,0.976499974727631,xxxx,0.738461538461539,11.5900001525879,xxxx,0.542307692307692,0.173700004816055,xxxx,0.261538461538462,0.325300008058548,xxxx,0.288461538461538,0.00598189599601969,0.465307460577898
,,,,,,,,,,,,,,,,,,,,,,,,,,,,,,,
"Batch mean",,,4.61447954177856,,,7.20951575203799E-5,,,0.744526207447052,,,63.6891174316406,,,0.00571000017225742,,,0.976499974727631,,,11.5900001525879,,,0.173700004816055,,,0.325300008058548,,,,
"Batch standard deviation",,,0,,,0,,,0,,,0,,,0,,,0,,,0,,,0,,,0,,,,
,,,,,,,,,,,,,,,,,,,,,,,,,,,,,,,
"Equivalent circuit",,,,,,,,,,,,,,,,,,,,,,,,,,,,,,,
R1+Q2/R2+Q3/(R3+Q4),,,,,,,,,,,,,,,,,,,,,,,,,,,,,,,
