,,,R1/Ohm,"Std err. R1/Ohm","Rank R1","Q2/F.s^(a - 1)","Std err. Q2/F.s^(a - 1)","Rank Q2",a2/,"Std err. a2","Rank a2",R2,"Std err. R2/Ohm","Rank R2","Q3/F.s^(a - 1)","Std err. Q3/F.s^(a - 1)","Rank Q3",a3/,"Std err. a3","Rank a3",R3,"Std err. R3/Ohm","Rank R3","Q4/F.s^(a - 1)","Std err. Q4/F.s^(a - 1)","Rank Q4",a4/,"Std err. a4","Rank a4",Chi^2/|Z|^2,Chi/sqrt(N)/Ohm
C:\Users\HOME\Desktop\JupyterWorkspace\ALBATROSS_Paper\Revision_EIS\NCM811_EIS_40cells\3\260120084411_24(4-1).mpr,"Cycle 0",,3.66000008583069,xxxx,0.738461538461539,8.03599978098646E-5,xxxx,0.684615384615385,0.735199987888336,xxxx,0.880769230769231,60.5800018310547,xxxx,1,0.00479699997231364,xxxx,0.546153846153846,1,xxxx,0.738461538461539,10.960000038147,xxxx,0.546153846153846,0.155218580029744,0.00184394853751325,0.273076923076923,0.299547271867783,0.00780124977739377,0.303846153846154,0.00174161172740698,0.33474818789922
,,,,,,,,,,,,,,,,,,,,,,,,,,,,,,,
"Batch mean",,,3.66000008583069,,,8.03599978098646E-5,,,0.735199987888336,,,60.5800018310547,,,0.00479699997231364,,,1,,,10.960000038147,,,0.155218586325645,,,0.299547284841537,,,,
"Batch standard deviation",,,0,,,0,,,0,,,0,,,0,,,0,,,0,,,0,,,0,,,,
,,,,,,,,,,,,,,,,,,,,,,,,,,,,,,,
"Equivalent circuit",,,,,,,,,,,,,,,,,,,,,,,,,,,,,,,
R1+Q2/R2+Q3/(R3+Q4),,,,,,,,,,,,,,,,,,,,,,,,,,,,,,,
