,,,R1/Ohm,"Std err. R1/Ohm","Rank R1","Q2/F.s^(a - 1)","Std err. Q2/F.s^(a - 1)","Rank Q2",a2/,"Std err. a2","Rank a2",R2,"Std err. R2/Ohm","Rank R2","Q3/F.s^(a - 1)","Std err. Q3/F.s^(a - 1)","Rank Q3",a3/,"Std err. a3","Rank a3",R3,"Std err. R3/Ohm","Rank R3","Q4/F.s^(a - 1)","Std err. Q4/F.s^(a - 1)","Rank Q4",a4/,"Std err. a4","Rank a4",Chi^2/|Z|^2,Chi/sqrt(N)/Ohm
C:\Users\HOME\Desktop\JupyterWorkspace\ALBATROSS_Paper\Revision_EIS\NCM811_EIS_40cells\3\260120074719_15(2-8).mpr,"Cycle 0",,3.56900000572205,xxxx,0.730769230769231,7.27700025890954E-5,xxxx,0.688461538461538,0.742999970912933,xxxx,0.880769230769231,61.5099983215332,xxxx,1,0.00514000002294779,xxxx,0.542307692307692,1,xxxx,0.738461538461539,10.1300001144409,xxxx,0.542307692307692,0.147181278340795,0.00137923258446828,0.284615384615385,0.288653248870438,0.00613859638550577,0.303846153846154,0.00158171218343459,0.372127791734792
,,,,,,,,,,,,,,,,,,,,,,,,,,,,,,,
"Batch mean",,,3.56900000572205,,,7.27700025890954E-5,,,0.742999970912933,,,61.5099983215332,,,0.00514000002294779,,,1,,,10.1300001144409,,,0.147181272506714,,,0.288653254508972,,,,
"Batch standard deviation",,,0,,,0,,,0,,,0,,,0,,,0,,,0,,,0,,,0,,,,
,,,,,,,,,,,,,,,,,,,,,,,,,,,,,,,
"Equivalent circuit",,,,,,,,,,,,,,,,,,,,,,,,,,,,,,,
R1+Q2/R2+Q3/(R3+Q4),,,,,,,,,,,,,,,,,,,,,,,,,,,,,,,
