,,,R1/Ohm,"Std err. R1/Ohm","Rank R1","Q2/F.s^(a - 1)","Std err. Q2/F.s^(a - 1)","Rank Q2",a2/,"Std err. a2","Rank a2",R2,"Std err. R2/Ohm","Rank R2","Q3/F.s^(a - 1)","Std err. Q3/F.s^(a - 1)","Rank Q3",a3/,"Std err. a3","Rank a3",R3,"Std err. R3/Ohm","Rank R3","Q4/F.s^(a - 1)","Std err. Q4/F.s^(a - 1)","Rank Q4",a4/,"Std err. a4","Rank a4",Chi^2/|Z|^2,Chi/sqrt(N)/Ohm
C:\Users\HOME\Desktop\JupyterWorkspace\ALBATROSS_Paper\Revision_EIS\NCM811_EIS_40cells\3\260125234228_16(3-1).mpr,"Cycle 0",,4.17700004577637,xxxx,0.765384615384615,6.4899999415502E-5,xxxx,0.673076923076923,0.756699979305267,xxxx,0.873076923076923,57.8300018310547,xxxx,1,0.00626299995929003,xxxx,0.538461538461538,0.926699995994568,xxxx,0.738461538461539,8.04800033569336,xxxx,0.534615384615385,0.137327404227767,0.000814790765416066,0.311538461538462,0.200850576180695,0.00391721925711266,0.276923076923077,0.00235699178747372,0.309504522721542
,,,,,,,,,,,,,,,,,,,,,,,,,,,,,,,
"Batch mean",,,4.17700004577637,,,6.4899999415502E-5,,,0.756699979305267,,,57.8300018310547,,,0.00626299995929003,,,0.926699995994568,,,8.04800033569336,,,0.137327402830124,,,0.200850576162338,,,,
"Batch standard deviation",,,0,,,0,,,0,,,0,,,0,,,0,,,0,,,0,,,0,,,,
,,,,,,,,,,,,,,,,,,,,,,,,,,,,,,,
"Equivalent circuit",,,,,,,,,,,,,,,,,,,,,,,,,,,,,,,
R1+Q2/R2+Q3/(R3+Q4),,,,,,,,,,,,,,,,,,,,,,,,,,,,,,,
