,,,R1/Ohm,"Std err. R1/Ohm","Rank R1","Q2/F.s^(a - 1)","Std err. Q2/F.s^(a - 1)","Rank Q2",a2/,"Std err. a2","Rank a2",R2,"Std err. R2/Ohm","Rank R2","Q3/F.s^(a - 1)","Std err. Q3/F.s^(a - 1)","Rank Q3",a3/,"Std err. a3","Rank a3",R3,"Std err. R3/Ohm","Rank R3","Q4/F.s^(a - 1)","Std err. Q4/F.s^(a - 1)","Rank Q4",a4/,"Std err. a4","Rank a4",Chi^2/|Z|^2,Chi/sqrt(N)/Ohm
C:\Users\HOME\Desktop\JupyterWorkspace\ALBATROSS_Paper\Revision_EIS\NCM811_EIS_40cells\3\260120031058_10(2-3).mpr,"Cycle 0",,3.543,xxxx,0.725868725868726,7.70199985709041E-5,xxxx,0.687258687258687,0.745400011539459,xxxx,0.888030888030888,58.48,xxxx,1,0.00622500013560057,xxxx,0.575289575289575,0.842000007629395,xxxx,0.768339768339768,16.16,xxxx,0.548262548262548,0.184132409080903,0.0047514410823403,0.235521235521236,0.426699857461665,0.0138739919322792,0.305019305019305,0.0176551108026746,0.387592910589434
,,,,,,,,,,,,,,,,,,,,,,,,,,,,,,,
"Batch mean",,,3.54299998283386,,,7.70199985709041E-5,,,0.745400011539459,,,58.4799995422363,,,0.00622500013560057,,,0.842000007629395,,,16.1599998474121,,,0.184132412075996,,,0.426699846982956,,,,
"Batch standard deviation",,,0,,,0,,,0,,,0,,,0,,,0,,,0,,,0,,,0,,,,
,,,,,,,,,,,,,,,,,,,,,,,,,,,,,,,
"Equivalent circuit",,,,,,,,,,,,,,,,,,,,,,,,,,,,,,,
R1+Q2/R2+Q3/(R3+Q4),,,,,,,,,,,,,,,,,,,,,,,,,,,,,,,
