,,,R1/Ohm,"Std err. R1/Ohm","Rank R1","Q2/F.s^(a - 1)","Std err. Q2/F.s^(a - 1)","Rank Q2",a2/,"Std err. a2","Rank a2",R2,"Std err. R2/Ohm","Rank R2","Q3/F.s^(a - 1)","Std err. Q3/F.s^(a - 1)","Rank Q3",a3/,"Std err. a3","Rank a3",R3,"Std err. R3/Ohm","Rank R3","Q4/F.s^(a - 1)","Std err. Q4/F.s^(a - 1)","Rank Q4",a4/,"Std err. a4","Rank a4",Chi^2/|Z|^2,Chi/sqrt(N)/Ohm
C:\Users\HOME\Desktop\JupyterWorkspace\ALBATROSS_Paper\Revision_EIS\NCM811_EIS_40cells\3\260120081857_21(3-6).mpr,"Cycle 0",,3.29929927767651,0.0123161176321581,0.726923076923077,7.93883244807395E-5,9.63959110238845E-7,0.688461538461538,0.737438616585096,0.00134212333465564,0.876923076923077,58.3158731764477,0.0893133274417785,1,0.00500399991869926,xxxx,0.55,0.996999979019165,xxxx,0.742307692307692,10.6599998474121,xxxx,0.546153846153846,0.159700006246567,xxxx,0.280769230769231,0.29229998588562,xxxx,0.3,0.00129323298751746,0.341474367537409
,,,,,,,,,,,,,,,,,,,,,,,,,,,,,,,
"Batch mean",,,3.2992992401123,,,7.93883227743208E-5,,,0.73743861913681,,,58.3158721923828,,,0.00500399991869926,,,0.996999979019165,,,10.6599998474121,,,0.159700006246567,,,0.29229998588562,,,,
"Batch standard deviation",,,0,,,0,,,0,,,0,,,0,,,0,,,0,,,0,,,0,,,,
,,,,,,,,,,,,,,,,,,,,,,,,,,,,,,,
"Equivalent circuit",,,,,,,,,,,,,,,,,,,,,,,,,,,,,,,
R1+Q2/R2+Q3/(R3+Q4),,,,,,,,,,,,,,,,,,,,,,,,,,,,,,,
