,,,R1/Ohm,"Std err. R1/Ohm","Rank R1","Q2/F.s^(a - 1)","Std err. Q2/F.s^(a - 1)","Rank Q2",a2/,"Std err. a2","Rank a2",R2,"Std err. R2/Ohm","Rank R2","Q3/F.s^(a - 1)","Std err. Q3/F.s^(a - 1)","Rank Q3",a3/,"Std err. a3","Rank a3",R3,"Std err. R3/Ohm","Rank R3","Q4/F.s^(a - 1)","Std err. Q4/F.s^(a - 1)","Rank Q4",a4/,"Std err. a4","Rank a4",Chi^2/|Z|^2,Chi/sqrt(N)/Ohm
C:\Users\HOME\Desktop\JupyterWorkspace\ALBATROSS_Paper\Revision_EIS\NCM811_EIS_40cells\3\260120085936_26(4-3).mpr,"Cycle 0",,3.76500010490417,xxxx,0.734615384615385,6.75199989927933E-5,xxxx,0.680769230769231,0.750500023365021,xxxx,0.876923076923077,62.7099990844727,xxxx,1,0.00473499996587634,xxxx,0.553846153846154,1,xxxx,0.738461538461539,11.4399995803833,xxxx,0.546153846153846,0.150855450820772,0.00367450465769513,0.273076923076923,0.313739756905778,0.0145848513843125,0.307692307692308,0.00259362244887129,0.432578535784151
,,,,,,,,,,,,,,,,,,,,,,,,,,,,,,,
"Batch mean",,,3.76500010490417,,,6.75199989927933E-5,,,0.750500023365021,,,62.7099990844727,,,0.00473499996587634,,,1,,,11.4399995803833,,,0.150855451822281,,,0.313739746809006,,,,
"Batch standard deviation",,,0,,,0,,,0,,,0,,,0,,,0,,,0,,,0,,,0,,,,
,,,,,,,,,,,,,,,,,,,,,,,,,,,,,,,
"Equivalent circuit",,,,,,,,,,,,,,,,,,,,,,,,,,,,,,,
R1+Q2/R2+Q3/(R3+Q4),,,,,,,,,,,,,,,,,,,,,,,,,,,,,,,
