,,,R1/Ohm,"Std err. R1/Ohm","Rank R1","Q2/F.s^(a - 1)","Std err. Q2/F.s^(a - 1)","Rank Q2",a2/,"Std err. a2","Rank a2",R2,"Std err. R2/Ohm","Rank R2","Q3/F.s^(a - 1)","Std err. Q3/F.s^(a - 1)","Rank Q3",a3/,"Std err. a3","Rank a3",R3,"Std err. R3/Ohm","Rank R3","Q4/F.s^(a - 1)","Std err. Q4/F.s^(a - 1)","Rank Q4",a4/,"Std err. a4","Rank a4",Chi^2/|Z|^2,Chi/sqrt(N)/Ohm
C:\Users\HOME\Desktop\JupyterWorkspace\ALBATROSS_Paper\Revision_EIS\NCM811_EIS_40cells\3\260120040507_18(3-3).mpr,"Cycle 0",,3.48900008201599,xxxx,0.734615384615385,7.30300016584806E-5,xxxx,0.688461538461538,0.741400003433228,xxxx,0.884615384615385,63.4000015258789,xxxx,1,0.00520606250313131,0.00022465127180551,0.55,0.966475689129326,0.0128112848842563,0.742307692307692,11.9300003051758,xxxx,0.546153846153846,0.163146081153899,0.00300894936767967,0.273076923076923,0.304082539975331,0.0151707771406047,0.292307692307692,0.00110464264897084,0.316580543621083
,,,,,,,,,,,,,,,,,,,,,,,,,,,,,,,
"Batch mean",,,3.48900008201599,,,7.30300016584806E-5,,,0.741400003433228,,,63.4000015258789,,,0.00520606245845556,,,0.966475665569305,,,11.9300003051758,,,0.163146078586578,,,0.304082542657852,,,,
"Batch standard deviation",,,0,,,0,,,0,,,0,,,0,,,0,,,0,,,0,,,0,,,,
,,,,,,,,,,,,,,,,,,,,,,,,,,,,,,,
"Equivalent circuit",,,,,,,,,,,,,,,,,,,,,,,,,,,,,,,
R1+Q2/R2+Q3/(R3+Q4),,,,,,,,,,,,,,,,,,,,,,,,,,,,,,,
