,,,R1/Ohm,"Std err. R1/Ohm","Rank R1","Q2/F.s^(a - 1)","Std err. Q2/F.s^(a - 1)","Rank Q2",a2/,"Std err. a2","Rank a2",R2,"Std err. R2/Ohm","Rank R2","Q3/F.s^(a - 1)","Std err. Q3/F.s^(a - 1)","Rank Q3",a3/,"Std err. a3","Rank a3",R3,"Std err. R3/Ohm","Rank R3","Q4/F.s^(a - 1)","Std err. Q4/F.s^(a - 1)","Rank Q4",a4/,"Std err. a4","Rank a4",Chi^2/|Z|^2,Chi/sqrt(N)/Ohm
C:\Users\HOME\Desktop\JupyterWorkspace\ALBATROSS_Paper\Revision_EIS\NCM811_EIS_40cells\3\260120093224_36(5-5).mpr,"Cycle 0",,3.46099996566772,xxxx,0.726923076923077,8.18800035631284E-5,xxxx,0.688461538461538,0.733699977397919,xxxx,0.884615384615385,60.5099983215332,xxxx,1,0.00546800019219518,xxxx,0.55,0.946699976921082,xxxx,0.75,12.5299997329712,xxxx,0.546153846153846,0.169057925086445,0.0038492736502572,0.265384615384615,0.356744360237294,0.0123586068650047,0.3,0.00134240975547051,0.31952091732468
,,,,,,,,,,,,,,,,,,,,,,,,,,,,,,,
"Batch mean",,,3.46099996566772,,,8.18800035631284E-5,,,0.733699977397919,,,60.5099983215332,,,0.00546800019219518,,,0.946699976921082,,,12.5299997329712,,,0.169057920575142,,,0.356744349002838,,,,
"Batch standard deviation",,,0,,,0,,,0,,,0,,,0,,,0,,,0,,,0,,,0,,,,
,,,,,,,,,,,,,,,,,,,,,,,,,,,,,,,
"Equivalent circuit",,,,,,,,,,,,,,,,,,,,,,,,,,,,,,,
R1+Q2/R2+Q3/(R3+Q4),,,,,,,,,,,,,,,,,,,,,,,,,,,,,,,
