,,,R1/Ohm,"Std err. R1/Ohm","Rank R1","Q2/F.s^(a - 1)","Std err. Q2/F.s^(a - 1)","Rank Q2",a2/,"Std err. a2","Rank a2",R2,"Std err. R2/Ohm","Rank R2","Q3/F.s^(a - 1)","Std err. Q3/F.s^(a - 1)","Rank Q3",a3/,"Std err. a3","Rank a3",R3,"Std err. R3/Ohm","Rank R3","Q4/F.s^(a - 1)","Std err. Q4/F.s^(a - 1)","Rank Q4",a4/,"Std err. a4","Rank a4",Chi^2/|Z|^2,Chi/sqrt(N)/Ohm
C:\Users\HOME\Desktop\JupyterWorkspace\ALBATROSS_Paper\Revision_EIS\NCM811_EIS_40cells\3\260120095951_39(5-8).mpr,"Cycle 0",,4.63399982452393,xxxx,0.761538461538461,7.4010000389535E-5,xxxx,0.676923076923077,0.744599997997284,xxxx,0.876923076923077,60.9300003051758,xxxx,1,0.00570400012657046,xxxx,0.534615384615385,0.920499980449677,xxxx,0.738461538461539,10.2299995422363,xxxx,0.542307692307692,0.126216951922277,0.00125425486479058,0.288461538461538,0.258100654095215,0.00615318436153186,0.292307692307692,0.00274700787585027,0.35347054064502
,,,,,,,,,,,,,,,,,,,,,,,,,,,,,,,
"Batch mean",,,4.63399982452393,,,7.4010000389535E-5,,,0.744599997997284,,,60.9300003051758,,,0.00570400012657046,,,0.920499980449677,,,10.2299995422363,,,0.126216948032379,,,0.258100658655167,,,,
"Batch standard deviation",,,0,,,0,,,0,,,0,,,0,,,0,,,0,,,0,,,0,,,,
,,,,,,,,,,,,,,,,,,,,,,,,,,,,,,,
"Equivalent circuit",,,,,,,,,,,,,,,,,,,,,,,,,,,,,,,
R1+Q2/R2+Q3/(R3+Q4),,,,,,,,,,,,,,,,,,,,,,,,,,,,,,,
