,,,R1/Ohm,"Std err. R1/Ohm","Rank R1","Q2/F.s^(a - 1)","Std err. Q2/F.s^(a - 1)","Rank Q2",a2/,"Std err. a2","Rank a2",R2,"Std err. R2/Ohm","Rank R2","Q3/F.s^(a - 1)","Std err. Q3/F.s^(a - 1)","Rank Q3",a3/,"Std err. a3","Rank a3",R3,"Std err. R3/Ohm","Rank R3","Q4/F.s^(a - 1)","Std err. Q4/F.s^(a - 1)","Rank Q4",a4/,"Std err. a4","Rank a4",Chi^2/|Z|^2,Chi/sqrt(N)/Ohm
C:\Users\HOME\Desktop\JupyterWorkspace\ALBATROSS_Paper\Revision_EIS\NCM811_EIS_40cells\3\260120083603_23(3-8).mpr,"Cycle 0",,4.32299995422363,xxxx,0.769230769230769,7.00200034771115E-5,xxxx,0.676923076923077,0.745299994945526,xxxx,0.873076923076923,59.2799987792969,xxxx,1,0.00480199977755547,xxxx,0.546153846153846,1,xxxx,0.730769230769231,10.8100004196167,xxxx,0.542307692307692,0.155196818984068,0.00303376721225281,0.269230769230769,0.300095559739422,0.010065172390158,0.303846153846154,0.00320893798970209,0.39531740665623
,,,,,,,,,,,,,,,,,,,,,,,,,,,,,,,
"Batch mean",,,4.32299995422363,,,7.00200034771115E-5,,,0.745299994945526,,,59.2799987792969,,,0.00480199977755547,,,1,,,10.8100004196167,,,0.155196815729141,,,0.300095558166504,,,,
"Batch standard deviation",,,0,,,0,,,0,,,0,,,0,,,0,,,0,,,0,,,0,,,,
,,,,,,,,,,,,,,,,,,,,,,,,,,,,,,,
"Equivalent circuit",,,,,,,,,,,,,,,,,,,,,,,,,,,,,,,
R1+Q2/R2+Q3/(R3+Q4),,,,,,,,,,,,,,,,,,,,,,,,,,,,,,,
