,,,R1/Ohm,"Std err. R1/Ohm","Rank R1","Q2/F.s^(a - 1)","Std err. Q2/F.s^(a - 1)","Rank Q2",a2/,"Std err. a2","Rank a2",R2,"Std err. R2/Ohm","Rank R2","Q3/F.s^(a - 1)","Std err. Q3/F.s^(a - 1)","Rank Q3",a3/,"Std err. a3","Rank a3",R3,"Std err. R3/Ohm","Rank R3","Q4/F.s^(a - 1)","Std err. Q4/F.s^(a - 1)","Rank Q4",a4/,"Std err. a4","Rank a4",Chi^2/|Z|^2,Chi/sqrt(N)/Ohm
C:\Users\HOME\Desktop\JupyterWorkspace\ALBATROSS_Paper\Revision_EIS\NCM811_EIS_40cells\3\260120071550_8(2-1).mpr,"Cycle 0",,4.19700002670288,xxxx,0.761538461538461,7.19099989510141E-5,xxxx,0.684615384615385,0.745599985122681,xxxx,0.880769230769231,62.8899993896484,xxxx,1,0.00500737362113797,0.000168160206770012,0.538461538461538,1,7.02870081683757E-13,0.734615384615385,11.3699998855591,xxxx,0.542307692307692,0.160307746499098,0.00407851121053167,0.269230769230769,0.301834798657315,0.0193665332411518,0.3,0.00221313643166938,0.474111152796952
,,,,,,,,,,,,,,,,,,,,,,,,,,,,,,,
"Batch mean",,,4.19700002670288,,,7.19099989510141E-5,,,0.745599985122681,,,62.8899993896484,,,0.00500737363472581,,,1,,,11.3699998855591,,,0.160307750105858,,,0.301834791898727,,,,
"Batch standard deviation",,,0,,,0,,,0,,,0,,,0,,,0,,,0,,,0,,,0,,,,
,,,,,,,,,,,,,,,,,,,,,,,,,,,,,,,
"Equivalent circuit",,,,,,,,,,,,,,,,,,,,,,,,,,,,,,,
R1+Q2/R2+Q3/(R3+Q4),,,,,,,,,,,,,,,,,,,,,,,,,,,,,,,
