,,,R1/Ohm,"Std err. R1/Ohm","Rank R1","Q2/F.s^(a - 1)","Std err. Q2/F.s^(a - 1)","Rank Q2",a2/,"Std err. a2","Rank a2",R2,"Std err. R2/Ohm","Rank R2","Q3/F.s^(a - 1)","Std err. Q3/F.s^(a - 1)","Rank Q3",a3/,"Std err. a3","Rank a3",R3,"Std err. R3/Ohm","Rank R3","Q4/F.s^(a - 1)","Std err. Q4/F.s^(a - 1)","Rank Q4",a4/,"Std err. a4","Rank a4",Chi^2/|Z|^2,Chi/sqrt(N)/Ohm
C:\Users\HOME\Desktop\JupyterWorkspace\ALBATROSS_Paper\Revision_EIS\NCM811_EIS_40cells\3\260120095028_38(5-7).mpr,"Cycle 0",,3.61400008201599,xxxx,0.730769230769231,7.6149997767061E-5,xxxx,0.676923076923077,0.742799997329712,xxxx,0.873076923076923,59.2299995422363,xxxx,1,0.00493425138227755,0.000251121346820802,0.55,0.977983793207106,0.0163773758472066,0.742307692307692,10.7410001754761,xxxx,0.546153846153846,0.123858398491808,0.00196439045961004,0.292307692307692,0.275328224769269,0.0121041333212448,0.3,0.00260095537595644,0.400297688021273
,,,,,,,,,,,,,,,,,,,,,,,,,,,,,,,
"Batch mean",,,3.61400008201599,,,7.6149997767061E-5,,,0.742799997329712,,,59.2299995422363,,,0.00493425130844116,,,0.977983772754669,,,10.7410001754761,,,0.123858399689198,,,0.27532821893692,,,,
"Batch standard deviation",,,0,,,0,,,0,,,0,,,0,,,0,,,0,,,0,,,0,,,,
,,,,,,,,,,,,,,,,,,,,,,,,,,,,,,,
"Equivalent circuit",,,,,,,,,,,,,,,,,,,,,,,,,,,,,,,
R1+Q2/R2+Q3/(R3+Q4),,,,,,,,,,,,,,,,,,,,,,,,,,,,,,,
