,,,R1/Ohm,"Std err. R1/Ohm","Rank R1","Q2/F.s^(a - 1)","Std err. Q2/F.s^(a - 1)","Rank Q2",a2/,"Std err. a2","Rank a2",R2,"Std err. R2/Ohm","Rank R2","Q3/F.s^(a - 1)","Std err. Q3/F.s^(a - 1)","Rank Q3",a3/,"Std err. a3","Rank a3",R3,"Std err. R3/Ohm","Rank R3","Q4/F.s^(a - 1)","Std err. Q4/F.s^(a - 1)","Rank Q4",a4/,"Std err. a4","Rank a4",Chi^2/|Z|^2,Chi/sqrt(N)/Ohm
C:\Users\HOME\Desktop\JupyterWorkspace\ALBATROSS_Paper\Revision_EIS\NCM811_EIS_40cells\3\260120072306_12(2-5).mpr,"Cycle 0",,4.712,xxxx,0.863945578231292,0.000112544974474391,7.11908972841859E-6,0.792517006802721,0.683773469055724,0.00728419498097726,1,69.9788938603476,0.355892431016242,1,0.00937999971210957,xxxx,0.561224489795918,1,xxxx,0.741496598639456,12.0900001525879,xxxx,0.523809523809524,0.428999990224838,xxxx,0.173469387755102,0.753799974918365,xxxx,0.312925170068027,0.0681511980949498,1.24336521877224
,,,,,,,,,,,,,,,,,,,,,,,,,,,,,,,
"Batch mean",,,4.71199989318848,,,0.000112544978037477,,,0.683773458003998,,,69.9788970947266,,,0.00937999971210957,,,1,,,12.0900001525879,,,0.428999990224838,,,0.753799974918365,,,,
"Batch standard deviation",,,0,,,0,,,0,,,0,,,0,,,0,,,0,,,0,,,0,,,,
,,,,,,,,,,,,,,,,,,,,,,,,,,,,,,,
"Equivalent circuit",,,,,,,,,,,,,,,,,,,,,,,,,,,,,,,
R1+Q2/R2+Q3/(R3+Q4),,,,,,,,,,,,,,,,,,,,,,,,,,,,,,,
