,,,R1/Ohm,"Std err. R1/Ohm","Rank R1","Q2/F.s^(a - 1)","Std err. Q2/F.s^(a - 1)","Rank Q2",a2/,"Std err. a2","Rank a2",R2,"Std err. R2/Ohm","Rank R2","Q3/F.s^(a - 1)","Std err. Q3/F.s^(a - 1)","Rank Q3",a3/,"Std err. a3","Rank a3",R3,"Std err. R3/Ohm","Rank R3","Q4/F.s^(a - 1)","Std err. Q4/F.s^(a - 1)","Rank Q4",a4/,"Std err. a4","Rank a4",Chi^2/|Z|^2,Chi/sqrt(N)/Ohm
C:\Users\HOME\Desktop\JupyterWorkspace\ALBATROSS_Paper\Revision_EIS\NCM811_EIS_40cells\3\260120080249_19(3-4).mpr,"Cycle 0",,4.561,xxxx,0.582278481012658,0.00617800001055002,xxxx,0.856540084388186,0.321700006723404,xxxx,1,51.2700004577637,xxxx,0.70464135021097,4.83500007248949E-5,xxxx,0.565400843881857,0.847000002861023,xxxx,0.90295358649789,11.62,xxxx,0.594936708860759,0.0366577284094412,0.000205994533460848,0.919831223628692,2.77555756156289E-16,0.000295055606122495,0.139240506329114,0.0147471168252743,0.71436570893779
,,,,,,,,,,,,,,,,,,,,,,,,,,,,,,,
"Batch mean",,,4.56099987030029,,,0.00617800001055002,,,0.321700006723404,,,51.2700004577637,,,4.83500007248949E-5,,,0.847000002861023,,,11.6199998855591,,,0.0366577282547951,,,2.77555756156289E-16,,,,
"Batch standard deviation",,,0,,,0,,,0,,,0,,,0,,,0,,,0,,,0,,,0,,,,
,,,,,,,,,,,,,,,,,,,,,,,,,,,,,,,
"Equivalent circuit",,,,,,,,,,,,,,,,,,,,,,,,,,,,,,,
R1+Q2/R2+Q3/(R3+Q4),,,,,,,,,,,,,,,,,,,,,,,,,,,,,,,
