,,,R1/Ohm,"Std err. R1/Ohm","Rank R1","Q2/F.s^(a - 1)","Std err. Q2/F.s^(a - 1)","Rank Q2",a2/,"Std err. a2","Rank a2",R2,"Std err. R2/Ohm","Rank R2","Q3/F.s^(a - 1)","Std err. Q3/F.s^(a - 1)","Rank Q3",a3/,"Std err. a3","Rank a3",R3,"Std err. R3/Ohm","Rank R3","Q4/F.s^(a - 1)","Std err. Q4/F.s^(a - 1)","Rank Q4",a4/,"Std err. a4","Rank a4",Chi^2/|Z|^2,Chi/sqrt(N)/Ohm
C:\Users\HOME\Desktop\JupyterWorkspace\ALBATROSS_Paper\Revision_EIS\NCM811_EIS_40cells\3\260120092349_34(5-3).mpr,"Cycle 0",,3.56699991226196,xxxx,0.726923076923077,8.18300031824037E-5,xxxx,0.696153846153846,0.731899976730347,xxxx,0.884615384615385,64.0899963378906,xxxx,1,0.00487700011581182,xxxx,0.546153846153846,0.991400003433228,xxxx,0.742307692307692,12.4700002670288,xxxx,0.546153846153846,0.172289740572933,0.00475553282905937,0.269230769230769,0.347884134879902,0.0154167588270772,0.3,0.00127313349812788,0.361321165940477
,,,,,,,,,,,,,,,,,,,,,,,,,,,,,,,
"Batch mean",,,3.56699991226196,,,8.18300031824037E-5,,,0.731899976730347,,,64.0899963378906,,,0.00487700011581182,,,0.991400003433228,,,12.4700002670288,,,0.172289744019508,,,0.347884148359299,,,,
"Batch standard deviation",,,0,,,0,,,0,,,0,,,0,,,0,,,0,,,0,,,0,,,,
,,,,,,,,,,,,,,,,,,,,,,,,,,,,,,,
"Equivalent circuit",,,,,,,,,,,,,,,,,,,,,,,,,,,,,,,
R1+Q2/R2+Q3/(R3+Q4),,,,,,,,,,,,,,,,,,,,,,,,,,,,,,,
