,,,R1/Ohm,"Std err. R1/Ohm","Rank R1","Q2/F.s^(a - 1)","Std err. Q2/F.s^(a - 1)","Rank Q2",a2/,"Std err. a2","Rank a2",R2,"Std err. R2/Ohm","Rank R2","Q3/F.s^(a - 1)","Std err. Q3/F.s^(a - 1)","Rank Q3",a3/,"Std err. a3","Rank a3",R3,"Std err. R3/Ohm","Rank R3","Q4/F.s^(a - 1)","Std err. Q4/F.s^(a - 1)","Rank Q4",a4/,"Std err. a4","Rank a4",Chi^2/|Z|^2,Chi/sqrt(N)/Ohm
C:\Users\HOME\Desktop\JupyterWorkspace\ALBATROSS_Paper\Revision_EIS\NCM811_EIS_40cells\3\260120094118_37(5-6).mpr,"Cycle 0",,3.44000005722046,xxxx,0.719230769230769,8.53800011100248E-5,xxxx,0.7,0.732800006866455,xxxx,0.888461538461538,60.439998626709,xxxx,1,0.00649600010365248,xxxx,0.557692307692308,0.911800026893616,xxxx,0.753846153846154,13.3599996566772,xxxx,0.546153846153846,0.165226842419997,0.00276865086277679,0.246153846153846,0.369260378179344,0.00940479038307381,0.3,0.0020294931673003,0.37597671455025
,,,,,,,,,,,,,,,,,,,,,,,,,,,,,,,
"Batch mean",,,3.44000005722046,,,8.53800011100248E-5,,,0.732800006866455,,,60.439998626709,,,0.00649600010365248,,,0.911800026893616,,,13.3599996566772,,,0.165226846933365,,,0.369260370731354,,,,
"Batch standard deviation",,,0,,,0,,,0,,,0,,,0,,,0,,,0,,,0,,,0,,,,
,,,,,,,,,,,,,,,,,,,,,,,,,,,,,,,
"Equivalent circuit",,,,,,,,,,,,,,,,,,,,,,,,,,,,,,,
R1+Q2/R2+Q3/(R3+Q4),,,,,,,,,,,,,,,,,,,,,,,,,,,,,,,
