,,,R1/Ohm,"Std err. R1/Ohm","Rank R1","Q2/F.s^(a - 1)","Std err. Q2/F.s^(a - 1)","Rank Q2",a2/,"Std err. a2","Rank a2",R2,"Std err. R2/Ohm","Rank R2","Q3/F.s^(a - 1)","Std err. Q3/F.s^(a - 1)","Rank Q3",a3/,"Std err. a3","Rank a3",R3,"Std err. R3/Ohm","Rank R3","Q4/F.s^(a - 1)","Std err. Q4/F.s^(a - 1)","Rank Q4",a4/,"Std err. a4","Rank a4",Chi^2/|Z|^2,Chi/sqrt(N)/Ohm
C:\Users\HOME\Desktop\JupyterWorkspace\ALBATROSS_Paper\Revision_EIS\NCM811_EIS_40cells\3\260125205317_8(2-1).mpr,"Cycle 0",,3.6800000667572,xxxx,0.746153846153846,7.17700022505596E-5,xxxx,0.673076923076923,0.750400006771088,xxxx,0.873076923076923,57.0999984741211,xxxx,1,0.0068129999563098,xxxx,0.55,0.896399974822998,xxxx,0.746153846153846,9.00399971008301,xxxx,0.538461538461538,0.133480229056806,0.00109410646160684,0.303846153846154,0.223024326067806,0.00575292289419152,0.280769230769231,0.00213780547430525,0.288215502732028
,,,,,,,,,,,,,,,,,,,,,,,,,,,,,,,
"Batch mean",,,3.6800000667572,,,7.17700022505596E-5,,,0.750400006771088,,,57.0999984741211,,,0.0068129999563098,,,0.896399974822998,,,9.00399971008301,,,0.133480235934258,,,0.223024323582649,,,,
"Batch standard deviation",,,0,,,0,,,0,,,0,,,0,,,0,,,0,,,0,,,0,,,,
,,,,,,,,,,,,,,,,,,,,,,,,,,,,,,,
"Equivalent circuit",,,,,,,,,,,,,,,,,,,,,,,,,,,,,,,
R1+Q2/R2+Q3/(R3+Q4),,,,,,,,,,,,,,,,,,,,,,,,,,,,,,,
