,,,R1/Ohm,"Std err. R1/Ohm","Rank R1","Q2/F.s^(a - 1)","Std err. Q2/F.s^(a - 1)","Rank Q2",a2/,"Std err. a2","Rank a2",R2,"Std err. R2/Ohm","Rank R2","Q3/F.s^(a - 1)","Std err. Q3/F.s^(a - 1)","Rank Q3",a3/,"Std err. a3","Rank a3",R3,"Std err. R3/Ohm","Rank R3","Q4/F.s^(a - 1)","Std err. Q4/F.s^(a - 1)","Rank Q4",a4/,"Std err. a4","Rank a4",Chi^2/|Z|^2,Chi/sqrt(N)/Ohm
C:\Users\HOME\Desktop\JupyterWorkspace\ALBATROSS_Paper\Revision_EIS\NCM811_EIS_40cells\3\260120073056_13(2-6).mpr,"Cycle 0",,4.4060001373291,xxxx,0.769230769230769,7.14299967512488E-5,xxxx,0.696153846153846,0.738399982452393,xxxx,0.896153846153846,68.5299987792969,xxxx,1,0.00638299994170666,xxxx,0.546153846153846,1,xxxx,0.730769230769231,11.4099998474121,xxxx,0.538461538461538,0.222644788441994,0.0036557494665766,0.242307692307692,0.362251834709776,0.0105305516322804,0.292307692307692,0.00992967404516513,0.582742812820614
,,,,,,,,,,,,,,,,,,,,,,,,,,,,,,,
"Batch mean",,,4.4060001373291,,,7.14299967512488E-5,,,0.738399982452393,,,68.5299987792969,,,0.00638299994170666,,,1,,,11.4099998474121,,,0.222644791007042,,,0.362251847982407,,,,
"Batch standard deviation",,,0,,,0,,,0,,,0,,,0,,,0,,,0,,,0,,,0,,,,
,,,,,,,,,,,,,,,,,,,,,,,,,,,,,,,
"Equivalent circuit",,,,,,,,,,,,,,,,,,,,,,,,,,,,,,,
R1+Q2/R2+Q3/(R3+Q4),,,,,,,,,,,,,,,,,,,,,,,,,,,,,,,
