,,,R1/Ohm,"Std err. R1/Ohm","Rank R1","Q2/F.s^(a - 1)","Std err. Q2/F.s^(a - 1)","Rank Q2",a2/,"Std err. a2","Rank a2",R2,"Std err. R2/Ohm","Rank R2","Q3/F.s^(a - 1)","Std err. Q3/F.s^(a - 1)","Rank Q3",a3/,"Std err. a3","Rank a3",R3,"Std err. R3/Ohm","Rank R3","Q4/F.s^(a - 1)","Std err. Q4/F.s^(a - 1)","Rank Q4",a4/,"Std err. a4","Rank a4",Chi^2/|Z|^2,Chi/sqrt(N)/Ohm
C:\Users\HOME\Desktop\JupyterWorkspace\ALBATROSS_Paper\Revision_EIS\NCM811_EIS_40cells\3\260121232810_43(6-4).mpr,"Cycle 0",,4.67700004577637,xxxx,0.765384615384615,7.43799973861314E-5,xxxx,0.676923076923077,0.743600010871887,xxxx,0.873076923076923,59.9900016784668,xxxx,1,0.00490200007334352,xxxx,0.530769230769231,1,xxxx,0.734615384615385,9.00500011444092,xxxx,0.538461538461538,0.135558828142025,0.00159143558363712,0.311538461538462,0.208182549739484,0.00680299503341679,0.280769230769231,0.00159697889643073,0.367761567744228
,,,,,,,,,,,,,,,,,,,,,,,,,,,,,,,
"Batch mean",,,4.67700004577637,,,7.43799973861314E-5,,,0.743600010871887,,,59.9900016784668,,,0.00490200007334352,,,1,,,9.00500011444092,,,0.13555882871151,,,0.208182543516159,,,,
"Batch standard deviation",,,0,,,0,,,0,,,0,,,0,,,0,,,0,,,0,,,0,,,,
,,,,,,,,,,,,,,,,,,,,,,,,,,,,,,,
"Equivalent circuit",,,,,,,,,,,,,,,,,,,,,,,,,,,,,,,
R1+Q2/R2+Q3/(R3+Q4),,,,,,,,,,,,,,,,,,,,,,,,,,,,,,,
