,,,R1/Ohm,"Std err. R1/Ohm","Rank R1","Q2/F.s^(a - 1)","Std err. Q2/F.s^(a - 1)","Rank Q2",a2/,"Std err. a2","Rank a2",R2,"Std err. R2/Ohm","Rank R2","Q3/F.s^(a - 1)","Std err. Q3/F.s^(a - 1)","Rank Q3",a3/,"Std err. a3","Rank a3",R3,"Std err. R3/Ohm","Rank R3","Q4/F.s^(a - 1)","Std err. Q4/F.s^(a - 1)","Rank Q4",a4/,"Std err. a4","Rank a4",Chi^2/|Z|^2,Chi/sqrt(N)/Ohm
C:\Users\HOME\Desktop\JupyterWorkspace\ALBATROSS_Paper\Revision_EIS\NCM811_EIS_40cells\3\260120091544_32(5-1).mpr,"Cycle 0",,4.45699977874756,xxxx,0.765384615384615,6.90399974700995E-5,xxxx,0.684615384615385,0.745400011539459,xxxx,0.884615384615385,66.3199996948242,xxxx,1,0.00509099988266826,xxxx,0.542307692307692,0.989499986171722,xxxx,0.738461538461539,12.539999961853,xxxx,0.542307692307692,0.174633404850746,0.00559044154493581,0.257692307692308,0.341720607551743,0.0166138166718068,0.296153846153846,0.0020673222967344,0.430993961987693
,,,,,,,,,,,,,,,,,,,,,,,,,,,,,,,
"Batch mean",,,4.45699977874756,,,6.90399974700995E-5,,,0.745400011539459,,,66.3199996948242,,,0.00509099988266826,,,0.989499986171722,,,12.539999961853,,,0.174633398652077,,,0.34172061085701,,,,
"Batch standard deviation",,,0,,,0,,,0,,,0,,,0,,,0,,,0,,,0,,,0,,,,
,,,,,,,,,,,,,,,,,,,,,,,,,,,,,,,
"Equivalent circuit",,,,,,,,,,,,,,,,,,,,,,,,,,,,,,,
R1+Q2/R2+Q3/(R3+Q4),,,,,,,,,,,,,,,,,,,,,,,,,,,,,,,
