,,,R1/Ohm,"Std err. R1/Ohm","Rank R1","Q2/F.s^(a - 1)","Std err. Q2/F.s^(a - 1)","Rank Q2",a2/,"Std err. a2","Rank a2",R2,"Std err. R2/Ohm","Rank R2","Q3/F.s^(a - 1)","Std err. Q3/F.s^(a - 1)","Rank Q3",a3/,"Std err. a3","Rank a3",R3,"Std err. R3/Ohm","Rank R3","Q4/F.s^(a - 1)","Std err. Q4/F.s^(a - 1)","Rank Q4",a4/,"Std err. a4","Rank a4",Chi^2/|Z|^2,Chi/sqrt(N)/Ohm
C:\Users\HOME\Desktop\JupyterWorkspace\ALBATROSS_Paper\Revision_EIS\NCM811_EIS_40cells\3\260120024220_4(1-5).mpr,"Cycle 0",,3.76399993896484,xxxx,0.75,7.26099970052019E-5,xxxx,0.680769230769231,0.747300028800964,xxxx,0.884615384615385,60.7799987792969,xxxx,1,0.00467800023034215,xxxx,0.55,1,xxxx,0.738461538461539,10.6700000762939,xxxx,0.546153846153846,0.189269566701655,0.0020608539821774,0.276923076923077,0.264440593318564,0.00644321934583397,0.284615384615385,0.00125797171373383,0.271851728489609
,,,,,,,,,,,,,,,,,,,,,,,,,,,,,,,
"Batch mean",,,3.76399993896484,,,7.26099970052019E-5,,,0.747300028800964,,,60.7799987792969,,,0.00467800023034215,,,1,,,10.6700000762939,,,0.189269572496414,,,0.264440596103668,,,,
"Batch standard deviation",,,0,,,0,,,0,,,0,,,0,,,0,,,0,,,0,,,0,,,,
,,,,,,,,,,,,,,,,,,,,,,,,,,,,,,,
"Equivalent circuit",,,,,,,,,,,,,,,,,,,,,,,,,,,,,,,
R1+Q2/R2+Q3/(R3+Q4),,,,,,,,,,,,,,,,,,,,,,,,,,,,,,,
