,,,R1/Ohm,"Std err. R1/Ohm","Rank R1","Q2/F.s^(a - 1)","Std err. Q2/F.s^(a - 1)","Rank Q2",a2/,"Std err. a2","Rank a2",R2,"Std err. R2/Ohm","Rank R2","Q3/F.s^(a - 1)","Std err. Q3/F.s^(a - 1)","Rank Q3",a3/,"Std err. a3","Rank a3",R3,"Std err. R3/Ohm","Rank R3","Q4/F.s^(a - 1)","Std err. Q4/F.s^(a - 1)","Rank Q4",a4/,"Std err. a4","Rank a4",Chi^2/|Z|^2,Chi/sqrt(N)/Ohm
C:\Users\HOME\Desktop\JupyterWorkspace\ALBATROSS_Paper\Revision_EIS\NCM811_EIS_40cells\3\260120053431_29(4-6).mpr,"Cycle 0",,4.08190613320791,0.0661880565400839,0.753846153846154,9.46850657420016E-5,2.06783800879977E-6,0.688461538461538,0.720601291809881,0.0029160407447863,0.884615384615385,58.3199996948242,xxxx,1,0.00679421930421257,0.000173394334337774,0.546153846153846,0.942112928514675,0.00584211553538194,0.746153846153846,11.1706636739449,0.0997107561198483,0.538461538461538,0.160300001502037,xxxx,0.265384615384615,0.321099996566772,xxxx,0.288461538461538,0.00436012879010025,0.389061707287752
,,,,,,,,,,,,,,,,,,,,,,,,,,,,,,,
"Batch mean",,,4.08190631866455,,,9.46850632317364E-5,,,0.720601320266724,,,58.3199996948242,,,0.00679421937093139,,,0.942112922668457,,,11.1706638336182,,,0.160300001502037,,,0.321099996566772,,,,
"Batch standard deviation",,,0,,,0,,,0,,,0,,,0,,,0,,,0,,,0,,,0,,,,
,,,,,,,,,,,,,,,,,,,,,,,,,,,,,,,
"Equivalent circuit",,,,,,,,,,,,,,,,,,,,,,,,,,,,,,,
R1+Q2/R2+Q3/(R3+Q4),,,,,,,,,,,,,,,,,,,,,,,,,,,,,,,
