,,,R1/Ohm,"Std err. R1/Ohm","Rank R1","Q2/F.s^(a - 1)","Std err. Q2/F.s^(a - 1)","Rank Q2",a2/,"Std err. a2","Rank a2",R2,"Std err. R2/Ohm","Rank R2","Q3/F.s^(a - 1)","Std err. Q3/F.s^(a - 1)","Rank Q3",a3/,"Std err. a3","Rank a3",R3,"Std err. R3/Ohm","Rank R3","Q4/F.s^(a - 1)","Std err. Q4/F.s^(a - 1)","Rank Q4",a4/,"Std err. a4","Rank a4",Chi^2/|Z|^2,Chi/sqrt(N)/Ohm
C:\Users\HOME\Desktop\JupyterWorkspace\ALBATROSS_Paper\Revision_EIS\NCM811_EIS_40cells\3\260120115720_46(6-7).mpr,"Cycle 0",,3.582,xxxx,0.746153846153846,5.58100000489503E-5,xxxx,0.657692307692308,0.776000022888184,xxxx,0.865384615384615,52.3699989318848,xxxx,1,0.00564800016582012,xxxx,0.569230769230769,0.836899995803833,xxxx,0.765384615384615,13.7200002670288,xxxx,0.565384615384615,0.244022132479792,0.00416903014307128,0.257692307692308,0.293189667028122,0.0111572857053462,0.284615384615385,0.0138208732069084,0.320391962977953
,,,,,,,,,,,,,,,,,,,,,,,,,,,,,,,
"Batch mean",,,3.58200001716614,,,5.58100000489503E-5,,,0.776000022888184,,,52.3699989318848,,,0.00564800016582012,,,0.836899995803833,,,13.7200002670288,,,0.244022130966187,,,0.29318967461586,,,,
"Batch standard deviation",,,0,,,0,,,0,,,0,,,0,,,0,,,0,,,0,,,0,,,,
,,,,,,,,,,,,,,,,,,,,,,,,,,,,,,,
"Equivalent circuit",,,,,,,,,,,,,,,,,,,,,,,,,,,,,,,
R1+Q2/R2+Q3/(R3+Q4),,,,,,,,,,,,,,,,,,,,,,,,,,,,,,,
