,,,R1/Ohm,"Std err. R1/Ohm","Rank R1","Q2/F.s^(a - 1)","Std err. Q2/F.s^(a - 1)","Rank Q2",a2/,"Std err. a2","Rank a2",R2,"Std err. R2/Ohm","Rank R2","Q3/F.s^(a - 1)","Std err. Q3/F.s^(a - 1)","Rank Q3",a3/,"Std err. a3","Rank a3",R3,"Std err. R3/Ohm","Rank R3","Q4/F.s^(a - 1)","Std err. Q4/F.s^(a - 1)","Rank Q4",a4/,"Std err. a4","Rank a4",Chi^2/|Z|^2,Chi/sqrt(N)/Ohm
C:\Users\HOME\Desktop\JupyterWorkspace\ALBATROSS_Paper\Revision_EIS\NCM811_EIS_40cells\3\260119233706_2(1-3).mpr,"Cycle 0",,4.14882775737801,0.0430441108997183,0.767441860465116,7.24972909114608E-5,1.71962647913736E-6,0.686046511627907,0.752120552473586,0.00279173152719823,0.887596899224806,56.341133300456,0.123070565890367,1,0.00999999977648258,xxxx,0.585271317829457,0.75739997625351,xxxx,0.782945736434108,13.9200000762939,xxxx,0.534883720930233,0.1942999958992,xxxx,0.263565891472868,0.217700004577637,xxxx,0.248062015503876,0.00398650875488697,0.45762760494742
,,,,,,,,,,,,,,,,,,,,,,,,,,,,,,,
"Batch mean",,,4.14882755279541,,,7.24972924217582E-5,,,0.752120554447174,,,56.3411331176758,,,0.00999999977648258,,,0.75739997625351,,,13.9200000762939,,,0.1942999958992,,,0.217700004577637,,,,
"Batch standard deviation",,,0,,,0,,,0,,,0,,,0,,,0,,,0,,,0,,,0,,,,
,,,,,,,,,,,,,,,,,,,,,,,,,,,,,,,
"Equivalent circuit",,,,,,,,,,,,,,,,,,,,,,,,,,,,,,,
R1+Q2/R2+Q3/(R3+Q4),,,,,,,,,,,,,,,,,,,,,,,,,,,,,,,
