,,,R1/Ohm,"Std err. R1/Ohm","Rank R1","Q2/F.s^(a - 1)","Std err. Q2/F.s^(a - 1)","Rank Q2",a2/,"Std err. a2","Rank a2",R2,"Std err. R2/Ohm","Rank R2","Q3/F.s^(a - 1)","Std err. Q3/F.s^(a - 1)","Rank Q3",a3/,"Std err. a3","Rank a3",R3,"Std err. R3/Ohm","Rank R3","Q4/F.s^(a - 1)","Std err. Q4/F.s^(a - 1)","Rank Q4",a4/,"Std err. a4","Rank a4",Chi^2/|Z|^2,Chi/sqrt(N)/Ohm
C:\Users\HOME\Desktop\JupyterWorkspace\ALBATROSS_Paper\Revision_EIS\NCM811_EIS_40cells\3\260125215100_9(2-2).mpr,"Cycle 0",,4.55299997329712,xxxx,0.773076923076923,7.81400012783706E-5,xxxx,0.676923076923077,0.742999970912933,xxxx,0.876923076923077,59.2400016784668,xxxx,1,0.00605199998244643,xxxx,0.546153846153846,0.971499979496002,xxxx,0.738461538461539,9.83100032806396,xxxx,0.530769230769231,0.126788571804447,0.00122805329669639,0.280769230769231,0.269028088991069,0.00631700827705,0.288461538461538,0.00216323750253983,0.357571004545376
,,,,,,,,,,,,,,,,,,,,,,,,,,,,,,,
"Batch mean",,,4.55299997329712,,,7.81400012783706E-5,,,0.742999970912933,,,59.2400016784668,,,0.00605199998244643,,,0.971499979496002,,,9.83100032806396,,,0.126788571476936,,,0.269028097391129,,,,
"Batch standard deviation",,,0,,,0,,,0,,,0,,,0,,,0,,,0,,,0,,,0,,,,
,,,,,,,,,,,,,,,,,,,,,,,,,,,,,,,
"Equivalent circuit",,,,,,,,,,,,,,,,,,,,,,,,,,,,,,,
R1+Q2/R2+Q3/(R3+Q4),,,,,,,,,,,,,,,,,,,,,,,,,,,,,,,
