,,,R1/Ohm,"Std err. R1/Ohm","Rank R1","Q2/F.s^(a - 1)","Std err. Q2/F.s^(a - 1)","Rank Q2",a2/,"Std err. a2","Rank a2",R2,"Std err. R2/Ohm","Rank R2","Q3/F.s^(a - 1)","Std err. Q3/F.s^(a - 1)","Rank Q3",a3/,"Std err. a3","Rank a3",R3,"Std err. R3/Ohm","Rank R3","Q4/F.s^(a - 1)","Std err. Q4/F.s^(a - 1)","Rank Q4",a4/,"Std err. a4","Rank a4",Chi^2/|Z|^2,Chi/sqrt(N)/Ohm
C:\Users\HOME\Desktop\JupyterWorkspace\ALBATROSS_Paper\Revision_EIS\NCM811_EIS_40cells\3\260120100844_40(6-1).mpr,"Cycle 0",,3.73900008201599,xxxx,0.734615384615385,8.52299999678507E-5,xxxx,0.684615384615385,0.730700016021729,xxxx,0.880769230769231,59.0699996948242,xxxx,1,0.00588499987497926,xxxx,0.55,0.930800020694733,xxxx,0.746153846153846,10.5799999237061,xxxx,0.538461538461538,0.123955911043299,0.00137721270134979,0.280769230769231,0.273510083181357,0.00668625428974928,0.296153846153846,0.0025775050804642,0.377564425791834
,,,,,,,,,,,,,,,,,,,,,,,,,,,,,,,
"Batch mean",,,3.73900008201599,,,8.52299999678507E-5,,,0.730700016021729,,,59.0699996948242,,,0.00588499987497926,,,0.930800020694733,,,10.5799999237061,,,0.12395591288805,,,0.273510068655014,,,,
"Batch standard deviation",,,0,,,0,,,0,,,0,,,0,,,0,,,0,,,0,,,0,,,,
,,,,,,,,,,,,,,,,,,,,,,,,,,,,,,,
"Equivalent circuit",,,,,,,,,,,,,,,,,,,,,,,,,,,,,,,
R1+Q2/R2+Q3/(R3+Q4),,,,,,,,,,,,,,,,,,,,,,,,,,,,,,,
