,,,R1/Ohm,"Std err. R1/Ohm","Rank R1","Q2/F.s^(a - 1)","Std err. Q2/F.s^(a - 1)","Rank Q2",a2/,"Std err. a2","Rank a2",R2,"Std err. R2/Ohm","Rank R2","Q3/F.s^(a - 1)","Std err. Q3/F.s^(a - 1)","Rank Q3",a3/,"Std err. a3","Rank a3",R3,"Std err. R3/Ohm","Rank R3","Q4/F.s^(a - 1)","Std err. Q4/F.s^(a - 1)","Rank Q4",a4/,"Std err. a4","Rank a4",Chi^2/|Z|^2,Chi/sqrt(N)/Ohm
C:\Users\HOME\Desktop\JupyterWorkspace\ALBATROSS_Paper\Revision_EIS\NCM811_EIS_40cells\3\260121220310_44(6-5).mpr,"Cycle 0",,4.15999984741211,xxxx,0.757692307692308,8.11700010672212E-5,xxxx,0.673076923076923,0.740299999713898,xxxx,0.876923076923077,53.5800018310547,xxxx,1,0.00767900003120303,xxxx,0.557692307692308,0.887499988079071,xxxx,0.75,9.89599990844727,xxxx,0.530769230769231,0.13273220920062,0.00234392285096483,0.292307692307692,0.222801219612252,0.00872099912722573,0.273076923076923,0.00510818495498997,0.427714981765633
,,,,,,,,,,,,,,,,,,,,,,,,,,,,,,,
"Batch mean",,,4.15999984741211,,,8.11700010672212E-5,,,0.740299999713898,,,53.5800018310547,,,0.00767900003120303,,,0.887499988079071,,,9.89599990844727,,,0.132732212543488,,,0.222801223397255,,,,
"Batch standard deviation",,,0,,,0,,,0,,,0,,,0,,,0,,,0,,,0,,,0,,,,
,,,,,,,,,,,,,,,,,,,,,,,,,,,,,,,
"Equivalent circuit",,,,,,,,,,,,,,,,,,,,,,,,,,,,,,,
R1+Q2/R2+Q3/(R3+Q4),,,,,,,,,,,,,,,,,,,,,,,,,,,,,,,
