,,,R1/Ohm,"Std err. R1/Ohm","Rank R1","Q2/F.s^(a - 1)","Std err. Q2/F.s^(a - 1)","Rank Q2",a2/,"Std err. a2","Rank a2",R2,"Std err. R2/Ohm","Rank R2","Q3/F.s^(a - 1)","Std err. Q3/F.s^(a - 1)","Rank Q3",a3/,"Std err. a3","Rank a3",R3,"Std err. R3/Ohm","Rank R3","Q4/F.s^(a - 1)","Std err. Q4/F.s^(a - 1)","Rank Q4",a4/,"Std err. a4","Rank a4",Chi^2/|Z|^2,Chi/sqrt(N)/Ohm
C:\Users\HOME\Desktop\JupyterWorkspace\ALBATROSS_Paper\Revision_EIS\NCM811_EIS_40cells\3\260120120631_47(6-8).mpr,"Cycle 0",,4.19500017166138,xxxx,0.761538461538461,8.13299993751571E-5,xxxx,0.676923076923077,0.734899997711182,xxxx,0.876923076923077,57.1800003051758,xxxx,1,0.00634199986234307,xxxx,0.538461538461538,0.920899987220764,xxxx,0.742307692307692,9.58600044250488,xxxx,0.534615384615385,0.133717917536313,0.00108492957069063,0.3,0.216973009203094,0.00508533365662014,0.280769230769231,0.00140897271677192,0.309142922735006
,,,,,,,,,,,,,,,,,,,,,,,,,,,,,,,
"Batch mean",,,4.19500017166138,,,8.13299993751571E-5,,,0.734899997711182,,,57.1800003051758,,,0.00634199986234307,,,0.920899987220764,,,9.58600044250488,,,0.133717924356461,,,0.216973006725311,,,,
"Batch standard deviation",,,0,,,0,,,0,,,0,,,0,,,0,,,0,,,0,,,0,,,,
,,,,,,,,,,,,,,,,,,,,,,,,,,,,,,,
"Equivalent circuit",,,,,,,,,,,,,,,,,,,,,,,,,,,,,,,
R1+Q2/R2+Q3/(R3+Q4),,,,,,,,,,,,,,,,,,,,,,,,,,,,,,,
