,,,R1/Ohm,"Std err. R1/Ohm","Rank R1","Q2/F.s^(a - 1)","Std err. Q2/F.s^(a - 1)","Rank Q2",a2/,"Std err. a2","Rank a2",R2,"Std err. R2/Ohm","Rank R2","Q3/F.s^(a - 1)","Std err. Q3/F.s^(a - 1)","Rank Q3",a3/,"Std err. a3","Rank a3",R3,"Std err. R3/Ohm","Rank R3","Q4/F.s^(a - 1)","Std err. Q4/F.s^(a - 1)","Rank Q4",a4/,"Std err. a4","Rank a4",Chi^2/|Z|^2,Chi/sqrt(N)/Ohm
C:\Users\HOME\Desktop\JupyterWorkspace\ALBATROSS_Paper\Revision_EIS\NCM811_EIS_40cells\3\260120030352_9(2-2).mpr,"Cycle 0",,4.0770001411438,xxxx,0.757692307692308,7.41499970899895E-5,xxxx,0.684615384615385,0.743900001049042,xxxx,0.884615384615385,64.0400009155273,xxxx,1,0.0051469998434186,xxxx,0.538461538461538,0.985099971294403,xxxx,0.738461538461539,11.5500001907349,xxxx,0.542307692307692,0.173240884309889,0.00377463920426719,0.265384615384615,0.333795630966685,0.0127468695117901,0.3,0.00112547935093455,0.309417675507612
,,,,,,,,,,,,,,,,,,,,,,,,,,,,,,,
"Batch mean",,,4.0770001411438,,,7.41499970899895E-5,,,0.743900001049042,,,64.0400009155273,,,0.0051469998434186,,,0.985099971294403,,,11.5500001907349,,,0.173240885138512,,,0.333795636892319,,,,
"Batch standard deviation",,,0,,,0,,,0,,,0,,,0,,,0,,,0,,,0,,,0,,,,
,,,,,,,,,,,,,,,,,,,,,,,,,,,,,,,
"Equivalent circuit",,,,,,,,,,,,,,,,,,,,,,,,,,,,,,,
R1+Q2/R2+Q3/(R3+Q4),,,,,,,,,,,,,,,,,,,,,,,,,,,,,,,
