,,,R1/Ohm,"Std err. R1/Ohm","Rank R1","Q2/F.s^(a - 1)","Std err. Q2/F.s^(a - 1)","Rank Q2",a2/,"Std err. a2","Rank a2",R2,"Std err. R2/Ohm","Rank R2","Q3/F.s^(a - 1)","Std err. Q3/F.s^(a - 1)","Rank Q3",a3/,"Std err. a3","Rank a3",R3,"Std err. R3/Ohm","Rank R3","Q4/F.s^(a - 1)","Std err. Q4/F.s^(a - 1)","Rank Q4",a4/,"Std err. a4","Rank a4",Chi^2/|Z|^2,Chi/sqrt(N)/Ohm
C:\Users\HOME\Desktop\JupyterWorkspace\ALBATROSS_Paper\Revision_EIS\NCM811_EIS_40cells\3\260120075513_17(3-2).mpr,"Cycle 0",,4.67799997329712,xxxx,0.769230769230769,7.40399991627783E-5,xxxx,0.680769230769231,0.739600002765656,xxxx,0.880769230769231,62.9599990844727,xxxx,1,0.00496299983933568,xxxx,0.538461538461538,1,xxxx,0.734615384615385,11.1000003814697,xxxx,0.542307692307692,0.163880851111912,0.00280326200517166,0.273076923076923,0.287667259290908,0.00940959054688628,0.292307692307692,0.00160251576867061,0.384219900794175
,,,,,,,,,,,,,,,,,,,,,,,,,,,,,,,
"Batch mean",,,4.67799997329712,,,7.40399991627783E-5,,,0.739600002765656,,,62.9599990844727,,,0.00496299983933568,,,1,,,11.1000003814697,,,0.163880854845047,,,0.287667244672775,,,,
"Batch standard deviation",,,0,,,0,,,0,,,0,,,0,,,0,,,0,,,0,,,0,,,,
,,,,,,,,,,,,,,,,,,,,,,,,,,,,,,,
"Equivalent circuit",,,,,,,,,,,,,,,,,,,,,,,,,,,,,,,
R1+Q2/R2+Q3/(R3+Q4),,,,,,,,,,,,,,,,,,,,,,,,,,,,,,,
