,,,R1/Ohm,"Std err. R1/Ohm","Rank R1","Q2/F.s^(a - 1)","Std err. Q2/F.s^(a - 1)","Rank Q2",a2/,"Std err. a2","Rank a2",R2,"Std err. R2/Ohm","Rank R2","Q3/F.s^(a - 1)","Std err. Q3/F.s^(a - 1)","Rank Q3",a3/,"Std err. a3","Rank a3",R3,"Std err. R3/Ohm","Rank R3","Q4/F.s^(a - 1)","Std err. Q4/F.s^(a - 1)","Rank Q4",a4/,"Std err. a4","Rank a4",Chi^2/|Z|^2,Chi/sqrt(N)/Ohm
C:\Users\HOME\Desktop\JupyterWorkspace\ALBATROSS_Paper\Revision_EIS\NCM811_EIS_40cells\3\260121223623_45(6-6).mpr,"Cycle 0",,4.23899984359741,xxxx,0.765384615384615,8.49700008984655E-5,xxxx,0.673076923076923,0.738300025463104,xxxx,0.869230769230769,51.6300010681152,xxxx,1,0.00660699978470802,xxxx,0.55,0.933000028133392,xxxx,0.742307692307692,9.38500022888184,xxxx,0.530769230769231,0.128914360264749,0.00212050579131918,0.296153846153846,0.246530240956687,0.00841723958778363,0.284615384615385,0.00341697753509333,0.383022506204759
,,,,,,,,,,,,,,,,,,,,,,,,,,,,,,,
"Batch mean",,,4.23899984359741,,,8.49700008984655E-5,,,0.738300025463104,,,51.6300010681152,,,0.00660699978470802,,,0.933000028133392,,,9.38500022888184,,,0.128914356231689,,,0.24653023481369,,,,
"Batch standard deviation",,,0,,,0,,,0,,,0,,,0,,,0,,,0,,,0,,,0,,,,
,,,,,,,,,,,,,,,,,,,,,,,,,,,,,,,
"Equivalent circuit",,,,,,,,,,,,,,,,,,,,,,,,,,,,,,,
R1+Q2/R2+Q3/(R3+Q4),,,,,,,,,,,,,,,,,,,,,,,,,,,,,,,
