,,,R1/Ohm,"Std err. R1/Ohm","Rank R1","Q2/F.s^(a - 1)","Std err. Q2/F.s^(a - 1)","Rank Q2",a2/,"Std err. a2","Rank a2",R2,"Std err. R2/Ohm","Rank R2","Q3/F.s^(a - 1)","Std err. Q3/F.s^(a - 1)","Rank Q3",a3/,"Std err. a3","Rank a3",R3,"Std err. R3/Ohm","Rank R3","Q4/F.s^(a - 1)","Std err. Q4/F.s^(a - 1)","Rank Q4",a4/,"Std err. a4","Rank a4",Chi^2/|Z|^2,Chi/sqrt(N)/Ohm
C:\Users\HOME\Desktop\JupyterWorkspace\ALBATROSS_Paper\Revision_EIS\NCM811_EIS_40cells\1\260119214353_8(2-1).mpr,"Cycle 0",,3.519,xxxx,0.706106870229008,6.51000009384006E-5,xxxx,0.66793893129771,0.740800023078918,xxxx,0.858778625954199,48.2999992370605,xxxx,1,0.00702137647703033,0.000216569145527163,0.629770992366412,0.768963973469135,0.0109265970324442,0.805343511450382,35.5922075147549,0.51651664698841,0.538167938931298,0.479028168770822,0.0517636286454408,0.16412213740458,0.865820806941433,0.0465548893389046,0.297709923664122,0.00673168364748809,0.465248598441345
,,,,,,,,,,,,,,,,,,,,,,,,,,,,,,,
"Batch mean",,,3.51900005340576,,,6.51000009384006E-5,,,0.740800023078918,,,48.2999992370605,,,0.0070213763974607,,,0.768963992595673,,,35.5922088623047,,,0.479028165340424,,,0.865820825099945,,,,
"Batch standard deviation",,,0,,,0,,,0,,,0,,,0,,,0,,,0,,,0,,,0,,,,
,,,,,,,,,,,,,,,,,,,,,,,,,,,,,,,
"Equivalent circuit",,,,,,,,,,,,,,,,,,,,,,,,,,,,,,,
R1+Q2/R2+Q3/(R3+Q4),,,,,,,,,,,,,,,,,,,,,,,,,,,,,,,
