,,,R1/Ohm,"Std err. R1/Ohm","Rank R1","Q2/F.s^(a - 1)","Std err. Q2/F.s^(a - 1)","Rank Q2",a2/,"Std err. a2","Rank a2",R2,"Std err. R2/Ohm","Rank R2","Q3/F.s^(a - 1)","Std err. Q3/F.s^(a - 1)","Rank Q3",a3/,"Std err. a3","Rank a3",R3,"Std err. R3/Ohm","Rank R3","Q4/F.s^(a - 1)","Std err. Q4/F.s^(a - 1)","Rank Q4",a4/,"Std err. a4","Rank a4",Chi^2/|Z|^2,Chi/sqrt(N)/Ohm
C:\Users\HOME\Desktop\JupyterWorkspace\ALBATROSS_Paper\Revision_EIS\NCM811_EIS_40cells\1\260119202437_9(2-2).mpr,"Cycle 0",,3.536,xxxx,0.702290076335878,7.19599993317388E-5,xxxx,0.67175572519084,0.73199999332428,xxxx,0.870229007633588,50.7099990844727,xxxx,1,0.00726699992240446,0.000230791033518999,0.625954198473282,0.776108892891679,0.0113207748242538,0.801526717557252,32.9701847190901,0.535457254884531,0.534351145038168,0.410304245733295,0.0434697503967058,0.16412213740458,0.777667650566001,0.0419436518886645,0.297709923664122,0.00794321351037385,0.42621461198276
,,,,,,,,,,,,,,,,,,,,,,,,,,,,,,,
"Batch mean",,,3.53600001335144,,,7.19599993317388E-5,,,0.73199999332428,,,50.7099990844727,,,0.00726700015366077,,,0.776108920574188,,,32.9701843261719,,,0.410304248332977,,,0.777667641639709,,,,
"Batch standard deviation",,,0,,,0,,,0,,,0,,,0,,,0,,,0,,,0,,,0,,,,
,,,,,,,,,,,,,,,,,,,,,,,,,,,,,,,
"Equivalent circuit",,,,,,,,,,,,,,,,,,,,,,,,,,,,,,,
R1+Q2/R2+Q3/(R3+Q4),,,,,,,,,,,,,,,,,,,,,,,,,,,,,,,
