,,,R1/Ohm,"Std err. R1/Ohm","Rank R1","Q2/F.s^(a - 1)","Std err. Q2/F.s^(a - 1)","Rank Q2",a2/,"Std err. a2","Rank a2",R2,"Std err. R2/Ohm","Rank R2","Q3/F.s^(a - 1)","Std err. Q3/F.s^(a - 1)","Rank Q3",a3/,"Std err. a3","Rank a3",R3,"Std err. R3/Ohm","Rank R3","Q4/F.s^(a - 1)","Std err. Q4/F.s^(a - 1)","Rank Q4",a4/,"Std err. a4","Rank a4",Chi^2/|Z|^2,Chi/sqrt(N)/Ohm
C:\Users\HOME\Desktop\JupyterWorkspace\ALBATROSS_Paper\Revision_EIS\NCM811_EIS_40cells\1\260120065343_47(6-8).mpr,"Cycle 0",,3.54699993133545,xxxx,0.699619771863118,6.8449997343123E-5,xxxx,0.657794676806084,0.738499999046326,xxxx,0.85171102661597,48.3800010681152,xxxx,1,0.0062791365739533,0.000101039741529041,0.615969581749049,0.820730487916098,0.00531337982844627,0.790874524714829,29.43,xxxx,0.539923954372624,0.192506239431718,0.00491247479981477,0.216730038022814,0.390115392940854,0.0252510912444396,0.273764258555133,0.00136306535037369,0.262310705020131
,,,,,,,,,,,,,,,,,,,,,,,,,,,,,,,
"Batch mean",,,3.54699993133545,,,6.8449997343123E-5,,,0.738499999046326,,,48.3800010681152,,,0.0062791365198791,,,0.82073050737381,,,29.4300003051758,,,0.192506238818169,,,0.39011538028717,,,,
"Batch standard deviation",,,0,,,0,,,0,,,0,,,0,,,0,,,0,,,0,,,0,,,,
,,,,,,,,,,,,,,,,,,,,,,,,,,,,,,,
"Equivalent circuit",,,,,,,,,,,,,,,,,,,,,,,,,,,,,,,
R1+Q2/R2+Q3/(R3+Q4),,,,,,,,,,,,,,,,,,,,,,,,,,,,,,,
