,,,R1/Ohm,"Std err. R1/Ohm","Rank R1","Q2/F.s^(a - 1)","Std err. Q2/F.s^(a - 1)","Rank Q2",a2/,"Std err. a2","Rank a2",R2,"Std err. R2/Ohm","Rank R2","Q3/F.s^(a - 1)","Std err. Q3/F.s^(a - 1)","Rank Q3",a3/,"Std err. a3","Rank a3",R3,"Std err. R3/Ohm","Rank R3","Q4/F.s^(a - 1)","Std err. Q4/F.s^(a - 1)","Rank Q4",a4/,"Std err. a4","Rank a4",Chi^2/|Z|^2,Chi/sqrt(N)/Ohm
C:\Users\HOME\Desktop\JupyterWorkspace\ALBATROSS_Paper\Revision_EIS\NCM811_EIS_40cells\1\260120010937_27(4-4).mpr,"Cycle 0",,3.429,xxxx,0.695817490494297,7.10367899065609E-5,9.50036363992936E-7,0.665399239543726,0.729257389791175,0.00150713213052126,0.859315589353612,53.0324419785489,0.0811475549760471,1,0.00601899996399879,xxxx,0.608365019011407,0.853999972343445,xxxx,0.790874524714829,29.73,xxxx,0.536121673003802,0.250699996948242,xxxx,0.197718631178707,0.569000005722046,xxxx,0.29277566539924,0.00218862261819949,0.303856857504639
,,,,,,,,,,,,,,,,,,,,,,,,,,,,,,,
"Batch mean",,,3.42899990081787,,,7.10367894498631E-5,,,0.72925740480423,,,53.0324401855469,,,0.00601899996399879,,,0.853999972343445,,,29.7299995422363,,,0.250699996948242,,,0.569000005722046,,,,
"Batch standard deviation",,,0,,,0,,,0,,,0,,,0,,,0,,,0,,,0,,,0,,,,
,,,,,,,,,,,,,,,,,,,,,,,,,,,,,,,
"Equivalent circuit",,,,,,,,,,,,,,,,,,,,,,,,,,,,,,,
R1+Q2/R2+Q3/(R3+Q4),,,,,,,,,,,,,,,,,,,,,,,,,,,,,,,
