,,,R1/Ohm,"Std err. R1/Ohm","Rank R1","Q2/F.s^(a - 1)","Std err. Q2/F.s^(a - 1)","Rank Q2",a2/,"Std err. a2","Rank a2",R2,"Std err. R2/Ohm","Rank R2","Q3/F.s^(a - 1)","Std err. Q3/F.s^(a - 1)","Rank Q3",a3/,"Std err. a3","Rank a3",R3,"Std err. R3/Ohm","Rank R3","Q4/F.s^(a - 1)","Std err. Q4/F.s^(a - 1)","Rank Q4",a4/,"Std err. a4","Rank a4",Chi^2/|Z|^2,Chi/sqrt(N)/Ohm
C:\Users\HOME\Desktop\JupyterWorkspace\ALBATROSS_Paper\Revision_EIS\NCM811_EIS_40cells\1\260120015125_36(5-5).mpr,"Cycle 0",,3.433,xxxx,0.699619771863118,6.39821360633775E-5,2.19010588434486E-6,0.657794676806084,0.751172625615166,0.00391994231079338,0.847908745247148,45.8039291325796,0.0951420501375501,1,0.00624699983745813,xxxx,0.615969581749049,0.826600015163422,xxxx,0.79467680608365,30.65,xxxx,0.539923954372624,0.228200003504753,xxxx,0.201520912547529,0.549300014972687,xxxx,0.288973384030418,0.00706081805865015,0.277917645608321
,,,,,,,,,,,,,,,,,,,,,,,,,,,,,,,
"Batch mean",,,3.43300008773804,,,6.39821373624727E-5,,,0.751172602176666,,,45.8039283752441,,,0.00624699983745813,,,0.826600015163422,,,30.6499996185303,,,0.228200003504753,,,0.549300014972687,,,,
"Batch standard deviation",,,0,,,0,,,0,,,0,,,0,,,0,,,0,,,0,,,0,,,,
,,,,,,,,,,,,,,,,,,,,,,,,,,,,,,,
"Equivalent circuit",,,,,,,,,,,,,,,,,,,,,,,,,,,,,,,
R1+Q2/R2+Q3/(R3+Q4),,,,,,,,,,,,,,,,,,,,,,,,,,,,,,,
