,,,R1/Ohm,"Std err. R1/Ohm","Rank R1","Q2/F.s^(a - 1)","Std err. Q2/F.s^(a - 1)","Rank Q2",a2/,"Std err. a2","Rank a2",R2,"Std err. R2/Ohm","Rank R2","Q3/F.s^(a - 1)","Std err. Q3/F.s^(a - 1)","Rank Q3",a3/,"Std err. a3","Rank a3",R3,"Std err. R3/Ohm","Rank R3","Q4/F.s^(a - 1)","Std err. Q4/F.s^(a - 1)","Rank Q4",a4/,"Std err. a4","Rank a4",Chi^2/|Z|^2,Chi/sqrt(N)/Ohm
C:\Users\HOME\Desktop\JupyterWorkspace\ALBATROSS_Paper\Revision_EIS\NCM811_EIS_40cells\1\260120004528_23(3-8).mpr,"Cycle 0",,3.59064402391543,0.0378574116935222,0.703422053231939,6.52451118316441E-5,1.61886652765613E-6,0.657794676806084,0.741577715127322,0.00275693309244626,0.844106463878327,47.394128365763,0.118121441157736,1,0.00616500014439225,xxxx,0.612167300380228,0.841099977493286,xxxx,0.79467680608365,30.18,xxxx,0.539923954372624,0.202399998903275,xxxx,0.20532319391635,0.483300000429153,xxxx,0.288973384030418,0.003255744540108,0.385756536884535
,,,,,,,,,,,,,,,,,,,,,,,,,,,,,,,
"Batch mean",,,3.59064412117004,,,6.52451126370579E-5,,,0.741577744483948,,,47.3941268920898,,,0.00616500014439225,,,0.841099977493286,,,30.1800003051758,,,0.202399998903275,,,0.483300000429153,,,,
"Batch standard deviation",,,0,,,0,,,0,,,0,,,0,,,0,,,0,,,0,,,0,,,,
,,,,,,,,,,,,,,,,,,,,,,,,,,,,,,,
"Equivalent circuit",,,,,,,,,,,,,,,,,,,,,,,,,,,,,,,
R1+Q2/R2+Q3/(R3+Q4),,,,,,,,,,,,,,,,,,,,,,,,,,,,,,,
