,,,R1/Ohm,"Std err. R1/Ohm","Rank R1","Q2/F.s^(a - 1)","Std err. Q2/F.s^(a - 1)","Rank Q2",a2/,"Std err. a2","Rank a2",R2,"Std err. R2/Ohm","Rank R2","Q3/F.s^(a - 1)","Std err. Q3/F.s^(a - 1)","Rank Q3",a3/,"Std err. a3","Rank a3",R3,"Std err. R3/Ohm","Rank R3","Q4/F.s^(a - 1)","Std err. Q4/F.s^(a - 1)","Rank Q4",a4/,"Std err. a4","Rank a4",Chi^2/|Z|^2,Chi/sqrt(N)/Ohm
C:\Users\HOME\Desktop\JupyterWorkspace\ALBATROSS_Paper\Revision_EIS\NCM811_EIS_40cells\1\260120020929_38(5-7).mpr,"Cycle 0",,3.427,xxxx,0.688212927756654,6.93300025886856E-5,xxxx,0.650190114068441,0.745500028133392,xxxx,0.840304182509506,46.7200012207031,xxxx,1,0.00546124763413334,0.000102491533668052,0.608365019011407,0.862018438867012,0.00628603582857725,0.790874524714829,29.7119998931885,xxxx,0.539923954372624,0.140841744000219,0.00310032231015798,0.23574144486692,0.403518468332856,0.0218176493573148,0.29277566539924,0.00486739141101948,0.312824704917699
,,,,,,,,,,,,,,,,,,,,,,,,,,,,,,,
"Batch mean",,,3.42700004577637,,,6.93300025886856E-5,,,0.745500028133392,,,46.7200012207031,,,0.00546124763786793,,,0.862018465995789,,,29.7119998931885,,,0.140841737389565,,,0.403518468141556,,,,
"Batch standard deviation",,,0,,,0,,,0,,,0,,,0,,,0,,,0,,,0,,,0,,,,
,,,,,,,,,,,,,,,,,,,,,,,,,,,,,,,
"Equivalent circuit",,,,,,,,,,,,,,,,,,,,,,,,,,,,,,,
R1+Q2/R2+Q3/(R3+Q4),,,,,,,,,,,,,,,,,,,,,,,,,,,,,,,
