,,,R1/Ohm,"Std err. R1/Ohm","Rank R1","Q2/F.s^(a - 1)","Std err. Q2/F.s^(a - 1)","Rank Q2",a2/,"Std err. a2","Rank a2",R2,"Std err. R2/Ohm","Rank R2","Q3/F.s^(a - 1)","Std err. Q3/F.s^(a - 1)","Rank Q3",a3/,"Std err. a3","Rank a3",R3,"Std err. R3/Ohm","Rank R3","Q4/F.s^(a - 1)","Std err. Q4/F.s^(a - 1)","Rank Q4",a4/,"Std err. a4","Rank a4",Chi^2/|Z|^2,Chi/sqrt(N)/Ohm
C:\Users\HOME\Desktop\JupyterWorkspace\ALBATROSS_Paper\Revision_EIS\NCM811_EIS_40cells\1\260119200318_1(1-2).mpr,"Cycle 0",,3.632,xxxx,0.699619771863118,6.37400007690303E-5,xxxx,0.67680608365019,0.741599977016449,xxxx,0.863117870722434,53.7900009155273,xxxx,1,0.00626439951173719,9.33789201279868E-5,0.608365019011407,0.866066281789224,0.00587291780264544,0.783269961977186,30.04,xxxx,0.532319391634981,0.32030001282692,xxxx,0.174904942965779,0.792900025844574,xxxx,0.307984790874525,0.00518347993800992,0.493267663489882
,,,,,,,,,,,,,,,,,,,,,,,,,,,,,,,
"Batch mean",,,3.63199996948242,,,6.37400007690303E-5,,,0.741599977016449,,,53.7900009155273,,,0.00626439973711967,,,0.86606627702713,,,30.0400009155273,,,0.32030001282692,,,0.792900025844574,,,,
"Batch standard deviation",,,0,,,0,,,0,,,0,,,0,,,0,,,0,,,0,,,0,,,,
,,,,,,,,,,,,,,,,,,,,,,,,,,,,,,,
"Equivalent circuit",,,,,,,,,,,,,,,,,,,,,,,,,,,,,,,
R1+Q2/R2+Q3/(R3+Q4),,,,,,,,,,,,,,,,,,,,,,,,,,,,,,,
