,,,R1/Ohm,"Std err. R1/Ohm","Rank R1","Q2/F.s^(a - 1)","Std err. Q2/F.s^(a - 1)","Rank Q2",a2/,"Std err. a2","Rank a2",R2,"Std err. R2/Ohm","Rank R2","Q3/F.s^(a - 1)","Std err. Q3/F.s^(a - 1)","Rank Q3",a3/,"Std err. a3","Rank a3",R3,"Std err. R3/Ohm","Rank R3","Q4/F.s^(a - 1)","Std err. Q4/F.s^(a - 1)","Rank Q4",a4/,"Std err. a4","Rank a4",Chi^2/|Z|^2,Chi/sqrt(N)/Ohm
C:\Users\HOME\Desktop\JupyterWorkspace\ALBATROSS_Paper\Revision_EIS\NCM811_EIS_40cells\1\260119221520_17(3-2).mpr,"Cycle 0",,3.591,xxxx,0.709923664122137,8.40900029288605E-5,xxxx,0.679389312977099,0.71450001001358,xxxx,0.877862595419847,51.1699981689453,xxxx,1,0.00722297197479857,0.000103147549087653,0.618320610687023,0.802372474627913,0.00569109157068559,0.793893129770992,34.14,xxxx,0.526717557251908,0.378349115866423,0.0251672586626443,0.16030534351145,0.94140329170021,0.0375016776867781,0.301526717557252,0.00660054581295873,0.500874372937609
,,,,,,,,,,,,,,,,,,,,,,,,,,,,,,,
"Batch mean",,,3.59100008010864,,,8.40900029288605E-5,,,0.71450001001358,,,51.1699981689453,,,0.00722297187894583,,,0.802372455596924,,,34.1399993896484,,,0.378349125385284,,,0.941403269767761,,,,
"Batch standard deviation",,,0,,,0,,,0,,,0,,,0,,,0,,,0,,,0,,,0,,,,
,,,,,,,,,,,,,,,,,,,,,,,,,,,,,,,
"Equivalent circuit",,,,,,,,,,,,,,,,,,,,,,,,,,,,,,,
R1+Q2/R2+Q3/(R3+Q4),,,,,,,,,,,,,,,,,,,,,,,,,,,,,,,
