,,,R1/Ohm,"Std err. R1/Ohm","Rank R1","Q2/F.s^(a - 1)","Std err. Q2/F.s^(a - 1)","Rank Q2",a2/,"Std err. a2","Rank a2",R2,"Std err. R2/Ohm","Rank R2","Q3/F.s^(a - 1)","Std err. Q3/F.s^(a - 1)","Rank Q3",a3/,"Std err. a3","Rank a3",R3,"Std err. R3/Ohm","Rank R3","Q4/F.s^(a - 1)","Std err. Q4/F.s^(a - 1)","Rank Q4",a4/,"Std err. a4","Rank a4",Chi^2/|Z|^2,Chi/sqrt(N)/Ohm
C:\Users\HOME\Desktop\JupyterWorkspace\ALBATROSS_Paper\Revision_EIS\NCM811_EIS_40cells\1\260120010133_26(4-3).mpr,"Cycle 0",,3.429,xxxx,0.692015209125475,7.28010698062078E-5,1.5962695346375E-6,0.653992395437262,0.738434041290527,0.00241977409764471,0.847908745247148,45.2185091981569,0.0980945886035125,1,0.00586300017312169,xxxx,0.608365019011407,0.870000004768372,xxxx,0.787072243346008,30.15,xxxx,0.539923954372624,0.180500000715256,xxxx,0.209125475285171,0.565900027751923,xxxx,0.307984790874525,0.00558423585964755,0.416050265116812
,,,,,,,,,,,,,,,,,,,,,,,,,,,,,,,
"Batch mean",,,3.42899990081787,,,7.28010709281079E-5,,,0.738434016704559,,,45.2185096740723,,,0.00586300017312169,,,0.870000004768372,,,30.1499996185303,,,0.180500000715256,,,0.565900027751923,,,,
"Batch standard deviation",,,0,,,0,,,0,,,0,,,0,,,0,,,0,,,0,,,0,,,,
,,,,,,,,,,,,,,,,,,,,,,,,,,,,,,,
"Equivalent circuit",,,,,,,,,,,,,,,,,,,,,,,,,,,,,,,
R1+Q2/R2+Q3/(R3+Q4),,,,,,,,,,,,,,,,,,,,,,,,,,,,,,,
