,,,R1/Ohm,"Std err. R1/Ohm","Rank R1","Q2/F.s^(a - 1)","Std err. Q2/F.s^(a - 1)","Rank Q2",a2/,"Std err. a2","Rank a2",R2,"Std err. R2/Ohm","Rank R2","Q3/F.s^(a - 1)","Std err. Q3/F.s^(a - 1)","Rank Q3",a3/,"Std err. a3","Rank a3",R3,"Std err. R3/Ohm","Rank R3","Q4/F.s^(a - 1)","Std err. Q4/F.s^(a - 1)","Rank Q4",a4/,"Std err. a4","Rank a4",Chi^2/|Z|^2,Chi/sqrt(N)/Ohm
C:\Users\HOME\Desktop\JupyterWorkspace\ALBATROSS_Paper\Revision_EIS\NCM811_EIS_40cells\1\260120002848_19(3-4).mpr,"Cycle 0",,4.601,xxxx,0.738461538461539,0.000117499999760184,xxxx,0.688461538461538,0.673699975013733,xxxx,0.880769230769231,53.9300003051758,xxxx,1,0.00615900009870529,xxxx,0.588461538461538,0.9375,xxxx,0.773076923076923,24.4400005340576,xxxx,0.534615384615385,0.170786440005453,0.00544405061575688,0.211538461538462,0.493757584908558,0.0181172337256265,0.296153846153846,0.0199084860897496,0.69643227229685
,,,,,,,,,,,,,,,,,,,,,,,,,,,,,,,
"Batch mean",,,4.60099983215332,,,0.000117499999760184,,,0.673699975013733,,,53.9300003051758,,,0.00615900009870529,,,0.9375,,,24.4400005340576,,,0.170786440372467,,,0.493757575750351,,,,
"Batch standard deviation",,,0,,,0,,,0,,,0,,,0,,,0,,,0,,,0,,,0,,,,
,,,,,,,,,,,,,,,,,,,,,,,,,,,,,,,
"Equivalent circuit",,,,,,,,,,,,,,,,,,,,,,,,,,,,,,,
R1+Q2/R2+Q3/(R3+Q4),,,,,,,,,,,,,,,,,,,,,,,,,,,,,,,
