,,,R1/Ohm,"Std err. R1/Ohm","Rank R1","Q2/F.s^(a - 1)","Std err. Q2/F.s^(a - 1)","Rank Q2",a2/,"Std err. a2","Rank a2",R2,"Std err. R2/Ohm","Rank R2","Q3/F.s^(a - 1)","Std err. Q3/F.s^(a - 1)","Rank Q3",a3/,"Std err. a3","Rank a3",R3,"Std err. R3/Ohm","Rank R3","Q4/F.s^(a - 1)","Std err. Q4/F.s^(a - 1)","Rank Q4",a4/,"Std err. a4","Rank a4",Chi^2/|Z|^2,Chi/sqrt(N)/Ohm
C:\Users\HOME\Desktop\JupyterWorkspace\ALBATROSS_Paper\Revision_EIS\NCM811_EIS_40cells\1\260119222305_20(3-5).mpr,"Cycle 0",,3.475,xxxx,0.702290076335878,6.27900008112192E-5,xxxx,0.67175572519084,0.753000020980835,xxxx,0.866412213740458,49.4799995422363,xxxx,1,0.00720967500396016,0.000104230647678958,0.625954198473282,0.786356629613717,0.00518282814148588,0.801526717557252,33.35,xxxx,0.538167938931298,0.455117519965577,0.0381632658151497,0.16412213740458,0.91629186887802,0.0437414678124443,0.297709923664122,0.00481109449331468,0.322919224268533
,,,,,,,,,,,,,,,,,,,,,,,,,,,,,,,
"Batch mean",,,3.47499990463257,,,6.27900008112192E-5,,,0.753000020980835,,,49.4799995422363,,,0.00720967492088675,,,0.786356627941132,,,33.3499984741211,,,0.455117523670197,,,0.916291892528534,,,,
"Batch standard deviation",,,0,,,0,,,0,,,0,,,0,,,0,,,0,,,0,,,0,,,,
,,,,,,,,,,,,,,,,,,,,,,,,,,,,,,,
"Equivalent circuit",,,,,,,,,,,,,,,,,,,,,,,,,,,,,,,
R1+Q2/R2+Q3/(R3+Q4),,,,,,,,,,,,,,,,,,,,,,,,,,,,,,,
