,,,R1/Ohm,"Std err. R1/Ohm","Rank R1","Q2/F.s^(a - 1)","Std err. Q2/F.s^(a - 1)","Rank Q2",a2/,"Std err. a2","Rank a2",R2,"Std err. R2/Ohm","Rank R2","Q3/F.s^(a - 1)","Std err. Q3/F.s^(a - 1)","Rank Q3",a3/,"Std err. a3","Rank a3",R3,"Std err. R3/Ohm","Rank R3","Q4/F.s^(a - 1)","Std err. Q4/F.s^(a - 1)","Rank Q4",a4/,"Std err. a4","Rank a4",Chi^2/|Z|^2,Chi/sqrt(N)/Ohm
C:\Users\HOME\Desktop\JupyterWorkspace\ALBATROSS_Paper\Revision_EIS\NCM811_EIS_40cells\1\260119215908_14(2-7).mpr,"Cycle 0",,3.58299994468689,xxxx,0.702702702702703,5.23247756144523E-5,1.09288436738566E-6,0.683397683397683,0.764892146030345,0.00197562115252594,0.876447876447876,48.64,xxxx,1,0.00864927438345606,0.000247176135563943,0.644787644787645,0.646659638646317,0.0099059164060402,0.837837837837838,33.83,xxxx,0.544401544401544,0.194940715234269,0.0202136808919589,0.316602316602317,5.90638649100583E-14,2.35812208457177E-13,0.127413127413127,0.00519733440577317,0.637637602267869
,,,,,,,,,,,,,,,,,,,,,,,,,,,,,,,
"Batch mean",,,3.58299994468689,,,5.23247763339896E-5,,,0.764892160892487,,,48.6399993896484,,,0.00864927470684052,,,0.64665961265564,,,33.8300018310547,,,0.194940716028214,,,5.90638649100583E-14,,,,
"Batch standard deviation",,,0,,,0,,,0,,,0,,,0,,,0,,,0,,,0,,,0,,,,
,,,,,,,,,,,,,,,,,,,,,,,,,,,,,,,
"Equivalent circuit",,,,,,,,,,,,,,,,,,,,,,,,,,,,,,,
R1+Q2/R2+Q3/(R3+Q4),,,,,,,,,,,,,,,,,,,,,,,,,,,,,,,
