,,,R1/Ohm,"Std err. R1/Ohm","Rank R1","Q2/F.s^(a - 1)","Std err. Q2/F.s^(a - 1)","Rank Q2",a2/,"Std err. a2","Rank a2",R2,"Std err. R2/Ohm","Rank R2","Q3/F.s^(a - 1)","Std err. Q3/F.s^(a - 1)","Rank Q3",a3/,"Std err. a3","Rank a3",R3,"Std err. R3/Ohm","Rank R3","Q4/F.s^(a - 1)","Std err. Q4/F.s^(a - 1)","Rank Q4",a4/,"Std err. a4","Rank a4",Chi^2/|Z|^2,Chi/sqrt(N)/Ohm
C:\Users\HOME\Desktop\JupyterWorkspace\ALBATROSS_Paper\Revision_EIS\NCM811_EIS_40cells\1\260119213642_5(1-6).mpr,"Cycle 0",,3.92,xxxx,0.795302013422819,8.62099986989051E-5,xxxx,0.741610738255034,0.698400020599365,xxxx,0.949664429530201,58.07,xxxx,1,0.00608700001612306,xxxx,0.604026845637584,0.90829998254776,xxxx,0.788590604026846,27.62,xxxx,0.526845637583893,0.25740829499512,0.00985581855958787,0.177852348993289,0.633342525210157,0.0252284807949988,0.305369127516778,0.26704214323086,0.829948870548086
,,,,,,,,,,,,,,,,,,,,,,,,,,,,,,,
"Batch mean",,,3.92000007629395,,,8.62099986989051E-5,,,0.698400020599365,,,58.0699996948242,,,0.00608700001612306,,,0.90829998254776,,,27.6200008392334,,,0.257408291101456,,,0.633342504501343,,,,
"Batch standard deviation",,,0,,,0,,,0,,,0,,,0,,,0,,,0,,,0,,,0,,,,
,,,,,,,,,,,,,,,,,,,,,,,,,,,,,,,
"Equivalent circuit",,,,,,,,,,,,,,,,,,,,,,,,,,,,,,,
R1+Q2/R2+Q3/(R3+Q4),,,,,,,,,,,,,,,,,,,,,,,,,,,,,,,
