,,,R1/Ohm,"Std err. R1/Ohm","Rank R1","Q2/F.s^(a - 1)","Std err. Q2/F.s^(a - 1)","Rank Q2",a2/,"Std err. a2","Rank a2",R2,"Std err. R2/Ohm","Rank R2","Q3/F.s^(a - 1)","Std err. Q3/F.s^(a - 1)","Rank Q3",a3/,"Std err. a3","Rank a3",R3,"Std err. R3/Ohm","Rank R3","Q4/F.s^(a - 1)","Std err. Q4/F.s^(a - 1)","Rank Q4",a4/,"Std err. a4","Rank a4",Chi^2/|Z|^2,Chi/sqrt(N)/Ohm
C:\Users\HOME\Desktop\JupyterWorkspace\ALBATROSS_Paper\Revision_EIS\NCM811_EIS_40cells\1\260120003653_21(3-6).mpr,"Cycle 0",,3.395,xxxx,0.695817490494297,6.50700021651573E-5,xxxx,0.661596958174905,0.754400014877319,xxxx,0.85171102661597,46.75,xxxx,1,0.00651929887406478,0.000121457345667468,0.619771863117871,0.825479305795009,0.00696743542147272,0.790874524714829,31.9909992218018,xxxx,0.539923954372624,0.241229185812116,0.009105257463287,0.190114068441065,0.594563750630404,0.0350561644097458,0.296577946768061,0.0193690487477967,0.390776609183135
,,,,,,,,,,,,,,,,,,,,,,,,,,,,,,,
"Batch mean",,,3.39499998092651,,,6.50700021651573E-5,,,0.754400014877319,,,46.75,,,0.00651929900050163,,,0.825479328632355,,,31.9909992218018,,,0.241229191422462,,,0.594563722610474,,,,
"Batch standard deviation",,,0,,,0,,,0,,,0,,,0,,,0,,,0,,,0,,,0,,,,
,,,,,,,,,,,,,,,,,,,,,,,,,,,,,,,
"Equivalent circuit",,,,,,,,,,,,,,,,,,,,,,,,,,,,,,,
R1+Q2/R2+Q3/(R3+Q4),,,,,,,,,,,,,,,,,,,,,,,,,,,,,,,
