,,,R1/Ohm,"Std err. R1/Ohm","Rank R1","Q2/F.s^(a - 1)","Std err. Q2/F.s^(a - 1)","Rank Q2",a2/,"Std err. a2","Rank a2",R2,"Std err. R2/Ohm","Rank R2","Q3/F.s^(a - 1)","Std err. Q3/F.s^(a - 1)","Rank Q3",a3/,"Std err. a3","Rank a3",R3,"Std err. R3/Ohm","Rank R3","Q4/F.s^(a - 1)","Std err. Q4/F.s^(a - 1)","Rank Q4",a4/,"Std err. a4","Rank a4",Chi^2/|Z|^2,Chi/sqrt(N)/Ohm
C:\Users\HOME\Desktop\JupyterWorkspace\ALBATROSS_Paper\Revision_EIS\NCM811_EIS_40cells\1\260119215110_12(2-5).mpr,"Cycle 0",,3.85,xxxx,0.713740458015267,8.53500023367815E-5,xxxx,0.67175572519084,0.711499989032745,xxxx,0.866412213740458,50.810001373291,xxxx,1,0.00609999988228083,xxxx,0.606870229007634,0.883800029754639,xxxx,0.786259541984733,28.3500003814697,xxxx,0.530534351145038,0.233396835123136,0.00729245119554038,0.194656488549618,0.595180672490821,0.022440370739002,0.297709923664122,0.0181209859060278,0.65456353080566
,,,,,,,,,,,,,,,,,,,,,,,,,,,,,,,
"Batch mean",,,3.84999990463257,,,8.53500023367815E-5,,,0.711499989032745,,,50.810001373291,,,0.00609999988228083,,,0.883800029754639,,,28.3500003814697,,,0.233396828174591,,,0.595180690288544,,,,
"Batch standard deviation",,,0,,,0,,,0,,,0,,,0,,,0,,,0,,,0,,,0,,,,
,,,,,,,,,,,,,,,,,,,,,,,,,,,,,,,
"Equivalent circuit",,,,,,,,,,,,,,,,,,,,,,,,,,,,,,,
R1+Q2/R2+Q3/(R3+Q4),,,,,,,,,,,,,,,,,,,,,,,,,,,,,,,
