,,,R1/Ohm,"Std err. R1/Ohm","Rank R1","Q2/F.s^(a - 1)","Std err. Q2/F.s^(a - 1)","Rank Q2",a2/,"Std err. a2","Rank a2",R2,"Std err. R2/Ohm","Rank R2","Q3/F.s^(a - 1)","Std err. Q3/F.s^(a - 1)","Rank Q3",a3/,"Std err. a3","Rank a3",R3,"Std err. R3/Ohm","Rank R3","Q4/F.s^(a - 1)","Std err. Q4/F.s^(a - 1)","Rank Q4",a4/,"Std err. a4","Rank a4",Chi^2/|Z|^2,Chi/sqrt(N)/Ohm
C:\Users\HOME\Desktop\JupyterWorkspace\ALBATROSS_Paper\Revision_EIS\NCM811_EIS_40cells\1\260120022745_40(6-1).mpr,"Cycle 0",,3.425,xxxx,0.683206106870229,8.9260000095237E-5,xxxx,0.66412213740458,0.716199994087219,xxxx,0.858778625954199,48.8800010681152,xxxx,1,0.00610633247868189,0.000105267676705146,0.610687022900763,0.855717913304473,0.00735539887904491,0.790076335877863,28.71,xxxx,0.530534351145038,0.131301129475751,0.00223077805525509,0.232824427480916,0.402363231584846,0.0166838143931678,0.297709923664122,0.00289340629881473,0.317297127812042
,,,,,,,,,,,,,,,,,,,,,,,,,,,,,,,
"Batch mean",,,3.42499995231628,,,8.9260000095237E-5,,,0.716199994087219,,,48.8800010681152,,,0.00610633241012692,,,0.855717897415161,,,28.7099990844727,,,0.131301134824753,,,0.402363240718842,,,,
"Batch standard deviation",,,0,,,0,,,0,,,0,,,0,,,0,,,0,,,0,,,0,,,,
,,,,,,,,,,,,,,,,,,,,,,,,,,,,,,,
"Equivalent circuit",,,,,,,,,,,,,,,,,,,,,,,,,,,,,,,
R1+Q2/R2+Q3/(R3+Q4),,,,,,,,,,,,,,,,,,,,,,,,,,,,,,,
