,,,R1/Ohm,"Std err. R1/Ohm","Rank R1","Q2/F.s^(a - 1)","Std err. Q2/F.s^(a - 1)","Rank Q2",a2/,"Std err. a2","Rank a2",R2,"Std err. R2/Ohm","Rank R2","Q3/F.s^(a - 1)","Std err. Q3/F.s^(a - 1)","Rank Q3",a3/,"Std err. a3","Rank a3",R3,"Std err. R3/Ohm","Rank R3","Q4/F.s^(a - 1)","Std err. Q4/F.s^(a - 1)","Rank Q4",a4/,"Std err. a4","Rank a4",Chi^2/|Z|^2,Chi/sqrt(N)/Ohm
C:\Users\HOME\Desktop\JupyterWorkspace\ALBATROSS_Paper\Revision_EIS\NCM811_EIS_40cells\1\260120005344_25(4-2).mpr,"Cycle 0",,3.555,xxxx,0.697318007662835,9.62836479914656E-5,3.3812091945381E-6,0.681992337164751,0.706307864865636,0.00399076999102922,0.869731800766284,51.4485989848988,0.167934604642506,1,0.00637299986556172,xxxx,0.613026819923372,0.853600025177002,xxxx,0.793103448275862,29.3500003814697,xxxx,0.528735632183908,0.176499992609024,xxxx,0.21455938697318,0.467400014400482,xxxx,0.291187739463602,0.0119562405775765,0.581870044161025
,,,,,,,,,,,,,,,,,,,,,,,,,,,,,,,
"Batch mean",,,3.5550000667572,,,9.62836493272334E-5,,,0.706307888031006,,,51.448600769043,,,0.00637299986556172,,,0.853600025177002,,,29.3500003814697,,,0.176499992609024,,,0.467400014400482,,,,
"Batch standard deviation",,,0,,,0,,,0,,,0,,,0,,,0,,,0,,,0,,,0,,,,
,,,,,,,,,,,,,,,,,,,,,,,,,,,,,,,
"Equivalent circuit",,,,,,,,,,,,,,,,,,,,,,,,,,,,,,,
R1+Q2/R2+Q3/(R3+Q4),,,,,,,,,,,,,,,,,,,,,,,,,,,,,,,
