,,,R1/Ohm,"Std err. R1/Ohm","Rank R1","Q2/F.s^(a - 1)","Std err. Q2/F.s^(a - 1)","Rank Q2",a2/,"Std err. a2","Rank a2",R2,"Std err. R2/Ohm","Rank R2","Q3/F.s^(a - 1)","Std err. Q3/F.s^(a - 1)","Rank Q3",a3/,"Std err. a3","Rank a3",R3,"Std err. R3/Ohm","Rank R3","Q4/F.s^(a - 1)","Std err. Q4/F.s^(a - 1)","Rank Q4",a4/,"Std err. a4","Rank a4",Chi^2/|Z|^2,Chi/sqrt(N)/Ohm
C:\Users\HOME\Desktop\JupyterWorkspace\ALBATROSS_Paper\Revision_EIS\NCM811_EIS_40cells\1\260125194601_16(3-1).mpr,"Cycle 0",,3.5,xxxx,0.714828897338403,5.53099998796824E-5,xxxx,0.661596958174905,0.759500026702881,xxxx,0.855513307984791,46.8899993896484,xxxx,1,0.00764019936307047,0.000134542140440819,0.615969581749049,0.802321629858986,0.00577422864481718,0.790874524714829,28.4,xxxx,0.539923954372624,0.391799235546532,0.033459207717204,0.167300380228137,0.709048264210245,0.051184343473547,0.300380228136882,0.00145838522310558,0.312137488012792
,,,,,,,,,,,,,,,,,,,,,,,,,,,,,,,
"Batch mean",,,3.5,,,5.53099998796824E-5,,,0.759500026702881,,,46.8899993896484,,,0.0076401992700994,,,0.80232161283493,,,28.3999996185303,,,0.391799241304398,,,0.709048271179199,,,,
"Batch standard deviation",,,0,,,0,,,0,,,0,,,0,,,0,,,0,,,0,,,0,,,,
,,,,,,,,,,,,,,,,,,,,,,,,,,,,,,,
"Equivalent circuit",,,,,,,,,,,,,,,,,,,,,,,,,,,,,,,
R1+Q2/R2+Q3/(R3+Q4),,,,,,,,,,,,,,,,,,,,,,,,,,,,,,,
