,,,R1/Ohm,"Std err. R1/Ohm","Rank R1","Q2/F.s^(a - 1)","Std err. Q2/F.s^(a - 1)","Rank Q2",a2/,"Std err. a2","Rank a2",R2,"Std err. R2/Ohm","Rank R2","Q3/F.s^(a - 1)","Std err. Q3/F.s^(a - 1)","Rank Q3",a3/,"Std err. a3","Rank a3",R3,"Std err. R3/Ohm","Rank R3","Q4/F.s^(a - 1)","Std err. Q4/F.s^(a - 1)","Rank Q4",a4/,"Std err. a4","Rank a4",Chi^2/|Z|^2,Chi/sqrt(N)/Ohm
C:\Users\HOME\Desktop\JupyterWorkspace\ALBATROSS_Paper\Revision_EIS\NCM811_EIS_40cells\1\260120064432_46(6-7).mpr,"Cycle 0",,3.29999995231628,xxxx,0.695817490494297,4.19256786535802E-5,2.20661265941045E-6,0.638783269961977,0.790691479376732,0.00611038934078314,0.836501901140684,45.1486853256115,0.133893492492628,1,0.00563699984923005,xxxx,0.623574144486692,0.841899991035461,xxxx,0.798479087452472,28.1,xxxx,0.539923954372624,0.192200005054474,xxxx,0.228136882129278,0.390500009059906,xxxx,0.285171102661597,0.0195570380041256,0.455489606826265
,,,,,,,,,,,,,,,,,,,,,,,,,,,,,,,
"Batch mean",,,3.29999995231628,,,4.19256793975364E-5,,,0.790691494941711,,,45.1486854553223,,,0.00563699984923005,,,0.841899991035461,,,28.1000003814697,,,0.192200005054474,,,0.390500009059906,,,,
"Batch standard deviation",,,0,,,0,,,0,,,0,,,0,,,0,,,0,,,0,,,0,,,,
,,,,,,,,,,,,,,,,,,,,,,,,,,,,,,,
"Equivalent circuit",,,,,,,,,,,,,,,,,,,,,,,,,,,,,,,
R1+Q2/R2+Q3/(R3+Q4),,,,,,,,,,,,,,,,,,,,,,,,,,,,,,,
