,,,R1/Ohm,"Std err. R1/Ohm","Rank R1","Q2/F.s^(a - 1)","Std err. Q2/F.s^(a - 1)","Rank Q2",a2/,"Std err. a2","Rank a2",R2,"Std err. R2/Ohm","Rank R2","Q3/F.s^(a - 1)","Std err. Q3/F.s^(a - 1)","Rank Q3",a3/,"Std err. a3","Rank a3",R3,"Std err. R3/Ohm","Rank R3","Q4/F.s^(a - 1)","Std err. Q4/F.s^(a - 1)","Rank Q4",a4/,"Std err. a4","Rank a4",Chi^2/|Z|^2,Chi/sqrt(N)/Ohm
C:\Users\HOME\Desktop\JupyterWorkspace\ALBATROSS_Paper\Revision_EIS\NCM811_EIS_40cells\1\260120021853_39(5-8).mpr,"Cycle 0",,3.58,xxxx,0.711026615969582,7.59000031393953E-5,xxxx,0.665399239543726,0.728399991989136,xxxx,0.866920152091255,48.4199981689453,xxxx,1,0.00752805617055776,0.000252416084970214,0.619771863117871,0.784918144562902,0.0125665068929039,0.790874524714829,32.0076257589513,0.603437689282307,0.52851711026616,0.33950057642385,0.0342496584591783,0.167300380228137,0.653512340424897,0.0265142060168441,0.296577946768061,0.00873420780830513,0.476831154356447
,,,,,,,,,,,,,,,,,,,,,,,,,,,,,,,
"Batch mean",,,3.57999992370605,,,7.59000031393953E-5,,,0.728399991989136,,,48.4199981689453,,,0.00752805639058352,,,0.784918129444122,,,32.007625579834,,,0.339500576257706,,,0.653512358665466,,,,
"Batch standard deviation",,,0,,,0,,,0,,,0,,,0,,,0,,,0,,,0,,,0,,,,
,,,,,,,,,,,,,,,,,,,,,,,,,,,,,,,
"Equivalent circuit",,,,,,,,,,,,,,,,,,,,,,,,,,,,,,,
R1+Q2/R2+Q3/(R3+Q4),,,,,,,,,,,,,,,,,,,,,,,,,,,,,,,
