,,,R1/Ohm,"Std err. R1/Ohm","Rank R1","Q2/F.s^(a - 1)","Std err. Q2/F.s^(a - 1)","Rank Q2",a2/,"Std err. a2","Rank a2",R2,"Std err. R2/Ohm","Rank R2","Q3/F.s^(a - 1)","Std err. Q3/F.s^(a - 1)","Rank Q3",a3/,"Std err. a3","Rank a3",R3,"Std err. R3/Ohm","Rank R3","Q4/F.s^(a - 1)","Std err. Q4/F.s^(a - 1)","Rank Q4",a4/,"Std err. a4","Rank a4",Chi^2/|Z|^2,Chi/sqrt(N)/Ohm
C:\Users\HOME\Desktop\JupyterWorkspace\ALBATROSS_Paper\Revision_EIS\NCM811_EIS_40cells\1\260119225559_29(4-6).mpr,"Cycle 0",,3.593,xxxx,0.711026615969582,9.14999982342124E-5,xxxx,0.669201520912547,0.712000012397766,xxxx,0.870722433460076,45.2700004577637,xxxx,1,0.00765408422090922,0.000245116585702411,0.619771863117871,0.780738680090494,0.0105798433719473,0.790874524714829,33.7583559086535,0.463938355682815,0.52851711026616,0.436606925475429,0.0659363732430605,0.159695817490494,1,0,0.296577946768061,0.00587000907816109,0.491970714622968
,,,,,,,,,,,,,,,,,,,,,,,,,,,,,,,
"Batch mean",,,3.59299993515015,,,9.14999982342124E-5,,,0.712000012397766,,,45.2700004577637,,,0.00765408435836434,,,0.780738651752472,,,33.7583541870117,,,0.436606913805008,,,1,,,,
"Batch standard deviation",,,0,,,0,,,0,,,0,,,0,,,0,,,0,,,0,,,0,,,,
,,,,,,,,,,,,,,,,,,,,,,,,,,,,,,,
"Equivalent circuit",,,,,,,,,,,,,,,,,,,,,,,,,,,,,,,
R1+Q2/R2+Q3/(R3+Q4),,,,,,,,,,,,,,,,,,,,,,,,,,,,,,,
