,,,R1/Ohm,"Std err. R1/Ohm","Rank R1","Q2/F.s^(a - 1)","Std err. Q2/F.s^(a - 1)","Rank Q2",a2/,"Std err. a2","Rank a2",R2,"Std err. R2/Ohm","Rank R2","Q3/F.s^(a - 1)","Std err. Q3/F.s^(a - 1)","Rank Q3",a3/,"Std err. a3","Rank a3",R3,"Std err. R3/Ohm","Rank R3","Q4/F.s^(a - 1)","Std err. Q4/F.s^(a - 1)","Rank Q4",a4/,"Std err. a4","Rank a4",Chi^2/|Z|^2,Chi/sqrt(N)/Ohm
C:\Users\HOME\Desktop\JupyterWorkspace\ALBATROSS_Paper\Revision_EIS\NCM811_EIS_40cells\1\260119203144_10(2-3).mpr,"Cycle 0",,3.286,xxxx,0.707692307692308,7.39873609264602E-5,2.56945807861637E-6,0.726923076923077,0.741337645818698,0.00419300888072954,0.919230769230769,48.9599990844727,xxxx,1,0.00789832207163073,0.000221577909210028,0.630769230769231,0.762682159571024,0.00925514903505863,0.811538461538462,38.2099990844727,xxxx,0.534615384615385,2764702936211.94,10156889015252.2,0.253846153846154,1.40578320461104E-5,7.02902518678785E-6,0.126923076923077,0.0133150083659419,0.841633384524328
,,,,,,,,,,,,,,,,,,,,,,,,,,,,,,,
"Batch mean",,,3.28600001335144,,,7.39873576094396E-5,,,0.741337656974792,,,48.9599990844727,,,0.00789832230657339,,,0.762682139873505,,,38.2099990844727,,,2764703006720,,,1.40578322316287E-5,,,,
"Batch standard deviation",,,0,,,0,,,0,,,0,,,0,,,0,,,0,,,0,,,0,,,,
,,,,,,,,,,,,,,,,,,,,,,,,,,,,,,,
"Equivalent circuit",,,,,,,,,,,,,,,,,,,,,,,,,,,,,,,
R1+Q2/R2+Q3/(R3+Q4),,,,,,,,,,,,,,,,,,,,,,,,,,,,,,,
