,,,R1/Ohm,"Std err. R1/Ohm","Rank R1","Q2/F.s^(a - 1)","Std err. Q2/F.s^(a - 1)","Rank Q2",a2/,"Std err. a2","Rank a2",R2,"Std err. R2/Ohm","Rank R2","Q3/F.s^(a - 1)","Std err. Q3/F.s^(a - 1)","Rank Q3",a3/,"Std err. a3","Rank a3",R3,"Std err. R3/Ohm","Rank R3","Q4/F.s^(a - 1)","Std err. Q4/F.s^(a - 1)","Rank Q4",a4/,"Std err. a4","Rank a4",Chi^2/|Z|^2,Chi/sqrt(N)/Ohm
C:\Users\HOME\Desktop\JupyterWorkspace\ALBATROSS_Paper\Revision_EIS\NCM811_EIS_40cells\1\260120013446_32(5-1).mpr,"Cycle 0",,3.429,xxxx,0.694656488549618,7.52499981899746E-5,xxxx,0.675572519083969,0.723599970340729,xxxx,0.866412213740458,54.0800018310547,xxxx,1,0.00625199817357253,9.38491872251447E-5,0.610687022900763,0.854085345551172,0.00661748052543222,0.790076335877863,29.73,xxxx,0.534351145038168,0.213871079579459,0.00621047695525358,0.198473282442748,0.546572398176306,0.017336712298134,0.297709923664122,0.00762842561311246,0.455141217297653
,,,,,,,,,,,,,,,,,,,,,,,,,,,,,,,
"Batch mean",,,3.42899990081787,,,7.52499981899746E-5,,,0.723599970340729,,,54.0800018310547,,,0.00625199824571609,,,0.854085326194763,,,29.7299995422363,,,0.213871076703072,,,0.546572387218475,,,,
"Batch standard deviation",,,0,,,0,,,0,,,0,,,0,,,0,,,0,,,0,,,0,,,,
,,,,,,,,,,,,,,,,,,,,,,,,,,,,,,,
"Equivalent circuit",,,,,,,,,,,,,,,,,,,,,,,,,,,,,,,
R1+Q2/R2+Q3/(R3+Q4),,,,,,,,,,,,,,,,,,,,,,,,,,,,,,,
