,,,R1/Ohm,"Std err. R1/Ohm","Rank R1","Q2/F.s^(a - 1)","Std err. Q2/F.s^(a - 1)","Rank Q2",a2/,"Std err. a2","Rank a2",R2,"Std err. R2/Ohm","Rank R2","Q3/F.s^(a - 1)","Std err. Q3/F.s^(a - 1)","Rank Q3",a3/,"Std err. a3","Rank a3",R3,"Std err. R3/Ohm","Rank R3","Q4/F.s^(a - 1)","Std err. Q4/F.s^(a - 1)","Rank Q4",a4/,"Std err. a4","Rank a4",Chi^2/|Z|^2,Chi/sqrt(N)/Ohm
C:\Users\HOME\Desktop\JupyterWorkspace\ALBATROSS_Paper\Revision_EIS\NCM811_EIS_40cells\1\260119203858_16(3-1).mpr,"Cycle 0",,3.408,xxxx,0.692015209125475,9.69800021266565E-5,xxxx,0.64638783269962,0.712800025939941,xxxx,0.840304182509506,39.66,xxxx,1,0.00643977561825051,0.000170333415246416,0.623574144486692,0.82276396805717,0.00881119627910788,0.798479087452472,30.5437024155947,0.441811135268313,0.539923954372624,0.177859062207944,0.00816307300793434,0.209125475285171,0.480733511588236,0.000906547716141118,0.296577946768061,0.00489839114048934,0.363310158526314
,,,,,,,,,,,,,,,,,,,,,,,,,,,,,,,
"Batch mean",,,3.40799999237061,,,9.69800021266565E-5,,,0.712800025939941,,,39.6599998474121,,,0.00643977569416165,,,0.822763979434967,,,30.5437030792236,,,0.17785906791687,,,0.480733513832092,,,,
"Batch standard deviation",,,0,,,0,,,0,,,0,,,0,,,0,,,0,,,0,,,0,,,,
,,,,,,,,,,,,,,,,,,,,,,,,,,,,,,,
"Equivalent circuit",,,,,,,,,,,,,,,,,,,,,,,,,,,,,,,
R1+Q2/R2+Q3/(R3+Q4),,,,,,,,,,,,,,,,,,,,,,,,,,,,,,,
