,,,R1/Ohm,"Std err. R1/Ohm","Rank R1","Q2/F.s^(a - 1)","Std err. Q2/F.s^(a - 1)","Rank Q2",a2/,"Std err. a2","Rank a2",R2,"Std err. R2/Ohm","Rank R2","Q3/F.s^(a - 1)","Std err. Q3/F.s^(a - 1)","Rank Q3",a3/,"Std err. a3","Rank a3",R3,"Std err. R3/Ohm","Rank R3","Q4/F.s^(a - 1)","Std err. Q4/F.s^(a - 1)","Rank Q4",a4/,"Std err. a4","Rank a4",Chi^2/|Z|^2,Chi/sqrt(N)/Ohm
C:\Users\HOME\Desktop\JupyterWorkspace\ALBATROSS_Paper\Revision_EIS\NCM811_EIS_40cells\1\260120020020_37(5-6).mpr,"Cycle 0",,3.401,xxxx,0.695817490494297,5.85372923344606E-5,2.06428384176726E-6,0.653992395437262,0.761792488021846,0.00424068715225388,0.840304182509506,47.991371897112,0.100230827868382,1,0.00584300002083182,xxxx,0.615969581749049,0.836000025272369,xxxx,0.79467680608365,29.65,xxxx,0.539923954372624,0.18359999358654,xxxx,0.216730038022814,0.434799998998642,xxxx,0.288973384030418,0.00973249251262532,0.308330644165373
,,,,,,,,,,,,,,,,,,,,,,,,,,,,,,,
"Batch mean",,,3.40100002288818,,,5.85372908972204E-5,,,0.761792480945587,,,47.9913711547852,,,0.00584300002083182,,,0.836000025272369,,,29.6499996185303,,,0.18359999358654,,,0.434799998998642,,,,
"Batch standard deviation",,,0,,,0,,,0,,,0,,,0,,,0,,,0,,,0,,,0,,,,
,,,,,,,,,,,,,,,,,,,,,,,,,,,,,,,
"Equivalent circuit",,,,,,,,,,,,,,,,,,,,,,,,,,,,,,,
R1+Q2/R2+Q3/(R3+Q4),,,,,,,,,,,,,,,,,,,,,,,,,,,,,,,
