,,,R1/Ohm,"Std err. R1/Ohm","Rank R1","Q2/F.s^(a - 1)","Std err. Q2/F.s^(a - 1)","Rank Q2",a2/,"Std err. a2","Rank a2",R2,"Std err. R2/Ohm","Rank R2","Q3/F.s^(a - 1)","Std err. Q3/F.s^(a - 1)","Rank Q3",a3/,"Std err. a3","Rank a3",R3,"Std err. R3/Ohm","Rank R3","Q4/F.s^(a - 1)","Std err. Q4/F.s^(a - 1)","Rank Q4",a4/,"Std err. a4","Rank a4",Chi^2/|Z|^2,Chi/sqrt(N)/Ohm
C:\Users\HOME\Desktop\JupyterWorkspace\ALBATROSS_Paper\Revision_EIS\NCM811_EIS_40cells\1\260120000611_13(2-6).mpr,"Cycle 0",,3.566,xxxx,0.711026615969582,6.00300008954946E-5,xxxx,0.684410646387833,0.739600002765656,xxxx,0.870722433460076,55.6699981689453,xxxx,1,0.00795754460226987,0.000153502247595766,0.619771863117871,0.784921309565509,0.0078260990518346,0.790874524714829,32.6,xxxx,0.524714828897338,0.647408120741379,0.0574889324719422,0.155893536121673,0.99999999999997,3.06441539312409E-5,0.288973384030418,0.00964946049178594,0.631932101205391
,,,,,,,,,,,,,,,,,,,,,,,,,,,,,,,
"Batch mean",,,3.56599998474121,,,6.00300008954946E-5,,,0.739600002765656,,,55.6699981689453,,,0.00795754417777061,,,0.784921288490295,,,32.5999984741211,,,0.647408127784729,,,1,,,,
"Batch standard deviation",,,0,,,0,,,0,,,0,,,0,,,0,,,0,,,0,,,0,,,,
,,,,,,,,,,,,,,,,,,,,,,,,,,,,,,,
"Equivalent circuit",,,,,,,,,,,,,,,,,,,,,,,,,,,,,,,
R1+Q2/R2+Q3/(R3+Q4),,,,,,,,,,,,,,,,,,,,,,,,,,,,,,,
