,,,R1/Ohm,"Std err. R1/Ohm","Rank R1","Q2/F.s^(a - 1)","Std err. Q2/F.s^(a - 1)","Rank Q2",a2/,"Std err. a2","Rank a2",R2,"Std err. R2/Ohm","Rank R2","Q3/F.s^(a - 1)","Std err. Q3/F.s^(a - 1)","Rank Q3",a3/,"Std err. a3","Rank a3",R3,"Std err. R3/Ohm","Rank R3","Q4/F.s^(a - 1)","Std err. Q4/F.s^(a - 1)","Rank Q4",a4/,"Std err. a4","Rank a4",Chi^2/|Z|^2,Chi/sqrt(N)/Ohm
C:\Users\HOME\Desktop\JupyterWorkspace\ALBATROSS_Paper\Revision_EIS\NCM811_EIS_40cells\1\260125175439_9(2-2).mpr,"Cycle 0",,3.568,xxxx,0.703422053231939,9.09305186936025E-5,2.78917527109944E-6,0.665399239543726,0.715771178711916,0.00344968164977602,0.859315589353612,45.8949296684606,0.129924385282386,1,0.00722200004383922,xxxx,0.612167300380228,0.835300028324127,xxxx,0.790874524714829,28.95,xxxx,0.524714828897338,0.245199993252754,xxxx,0.186311787072243,0.627699971199036,xxxx,0.304182509505703,0.00850316310557043,0.489340875878865
,,,,,,,,,,,,,,,,,,,,,,,,,,,,,,,
"Batch mean",,,3.56800007820129,,,9.09305163077079E-5,,,0.715771198272705,,,45.8949279785156,,,0.00722200004383922,,,0.835300028324127,,,28.9500007629395,,,0.245199993252754,,,0.627699971199036,,,,
"Batch standard deviation",,,0,,,0,,,0,,,0,,,0,,,0,,,0,,,0,,,0,,,,
,,,,,,,,,,,,,,,,,,,,,,,,,,,,,,,
"Equivalent circuit",,,,,,,,,,,,,,,,,,,,,,,,,,,,,,,
R1+Q2/R2+Q3/(R3+Q4),,,,,,,,,,,,,,,,,,,,,,,,,,,,,,,
