,,,R1/Ohm,"Std err. R1/Ohm","Rank R1","Q2/F.s^(a - 1)","Std err. Q2/F.s^(a - 1)","Rank Q2",a2/,"Std err. a2","Rank a2",R2,"Std err. R2/Ohm","Rank R2","Q3/F.s^(a - 1)","Std err. Q3/F.s^(a - 1)","Rank Q3",a3/,"Std err. a3","Rank a3",R3,"Std err. R3/Ohm","Rank R3","Q4/F.s^(a - 1)","Std err. Q4/F.s^(a - 1)","Rank Q4",a4/,"Std err. a4","Rank a4",Chi^2/|Z|^2,Chi/sqrt(N)/Ohm
C:\Users\HOME\Desktop\JupyterWorkspace\ALBATROSS_Paper\Revision_EIS\NCM811_EIS_40cells\1\260119201724_4(1-5).mpr,"Cycle 0",,3.455,xxxx,0.706106870229008,6.56499978504144E-5,xxxx,0.66793893129771,0.755200028419495,xxxx,0.858778625954199,45.7799987792969,xxxx,1,0.00662299797411539,0.000134538788285619,0.625954198473282,0.794419154423363,0.00689358263998784,0.805343511450382,36.2339820160568,0.339153113108745,0.538167938931298,0.420947155870627,0.0594524350261875,0.16412213740458,1,0,0.301526717557252,0.00782206618756343,0.325452291702369
,,,,,,,,,,,,,,,,,,,,,,,,,,,,,,,
"Batch mean",,,3.45499992370605,,,6.56499978504144E-5,,,0.755200028419495,,,45.7799987792969,,,0.00662299804389477,,,0.794419169425964,,,36.2339820861816,,,0.420947164297104,,,1,,,,
"Batch standard deviation",,,0,,,0,,,0,,,0,,,0,,,0,,,0,,,0,,,0,,,,
,,,,,,,,,,,,,,,,,,,,,,,,,,,,,,,
"Equivalent circuit",,,,,,,,,,,,,,,,,,,,,,,,,,,,,,,
R1+Q2/R2+Q3/(R3+Q4),,,,,,,,,,,,,,,,,,,,,,,,,,,,,,,
