,,,R1/Ohm,"Std err. R1/Ohm","Rank R1","Q2/F.s^(a - 1)","Std err. Q2/F.s^(a - 1)","Rank Q2",a2/,"Std err. a2","Rank a2",R2,"Std err. R2/Ohm","Rank R2","Q3/F.s^(a - 1)","Std err. Q3/F.s^(a - 1)","Rank Q3",a3/,"Std err. a3","Rank a3",R3,"Std err. R3/Ohm","Rank R3","Q4/F.s^(a - 1)","Std err. Q4/F.s^(a - 1)","Rank Q4",a4/,"Std err. a4","Rank a4",Chi^2/|Z|^2,Chi/sqrt(N)/Ohm
C:\Users\HOME\Desktop\JupyterWorkspace\ALBATROSS_Paper\Revision_EIS\NCM811_EIS_40cells\1\260119223926_24(4-1).mpr,"Cycle 0",,3.412,xxxx,0.695817490494297,8.24899980216287E-5,xxxx,0.661596958174905,0.727100014686584,xxxx,0.85171102661597,43.1300010681152,xxxx,1,0.00669591591283744,8.44034471036536E-5,0.615969581749049,0.804432250386921,0.00496893963082638,0.798479087452472,32,xxxx,0.539923954372624,0.277895994141139,0.00980922920462527,0.171102661596958,0.705997607182117,0.0266091148775294,0.311787072243346,0.00330563925462599,0.291911182575609
,,,,,,,,,,,,,,,,,,,,,,,,,,,,,,,
"Batch mean",,,3.41199994087219,,,8.24899980216287E-5,,,0.727100014686584,,,43.1300010681152,,,0.00669591594487429,,,0.804432272911072,,,32,,,0.277895987033844,,,0.705997586250305,,,,
"Batch standard deviation",,,0,,,0,,,0,,,0,,,0,,,0,,,0,,,0,,,0,,,,
,,,,,,,,,,,,,,,,,,,,,,,,,,,,,,,
"Equivalent circuit",,,,,,,,,,,,,,,,,,,,,,,,,,,,,,,
R1+Q2/R2+Q3/(R3+Q4),,,,,,,,,,,,,,,,,,,,,,,,,,,,,,,
