,,,R1/Ohm,"Std err. R1/Ohm","Rank R1","Q2/F.s^(a - 1)","Std err. Q2/F.s^(a - 1)","Rank Q2",a2/,"Std err. a2","Rank a2",R2,"Std err. R2/Ohm","Rank R2","Q3/F.s^(a - 1)","Std err. Q3/F.s^(a - 1)","Rank Q3",a3/,"Std err. a3","Rank a3",R3,"Std err. R3/Ohm","Rank R3","Q4/F.s^(a - 1)","Std err. Q4/F.s^(a - 1)","Rank Q4",a4/,"Std err. a4","Rank a4",Chi^2/|Z|^2,Chi/sqrt(N)/Ohm
C:\Users\HOME\Desktop\JupyterWorkspace\ALBATROSS_Paper\Revision_EIS\NCM811_EIS_40cells\1\260120014251_34(5-3).mpr,"Cycle 0",,3.375,xxxx,0.694656488549618,7.30800020392053E-5,xxxx,0.66793893129771,0.738499999046326,xxxx,0.866412213740458,50.060001373291,xxxx,1,0.00572868596836689,0.000137452369296054,0.610687022900763,0.870317676521518,0.00784131052981172,0.793893129770992,31.12,xxxx,0.538167938931298,0.216157410793563,0.00935980630275001,0.194656488549618,0.599950771598082,0.035351352793886,0.301526717557252,0.00702328936457448,0.415870714130843
,,,,,,,,,,,,,,,,,,,,,,,,,,,,,,,
"Batch mean",,,3.375,,,7.30800020392053E-5,,,0.738499999046326,,,50.060001373291,,,0.00572868576273322,,,0.870317697525024,,,31.1200008392334,,,0.216157406568527,,,0.599950790405273,,,,
"Batch standard deviation",,,0,,,0,,,0,,,0,,,0,,,0,,,0,,,0,,,0,,,,
,,,,,,,,,,,,,,,,,,,,,,,,,,,,,,,
"Equivalent circuit",,,,,,,,,,,,,,,,,,,,,,,,,,,,,,,
R1+Q2/R2+Q3/(R3+Q4),,,,,,,,,,,,,,,,,,,,,,,,,,,,,,,
