,,,R1/Ohm,"Std err. R1/Ohm","Rank R1","Q2/F.s^(a - 1)","Std err. Q2/F.s^(a - 1)","Rank Q2",a2/,"Std err. a2","Rank a2",R2,"Std err. R2/Ohm","Rank R2","Q3/F.s^(a - 1)","Std err. Q3/F.s^(a - 1)","Rank Q3",a3/,"Std err. a3","Rank a3",R3,"Std err. R3/Ohm","Rank R3","Q4/F.s^(a - 1)","Std err. Q4/F.s^(a - 1)","Rank Q4",a4/,"Std err. a4","Rank a4",Chi^2/|Z|^2,Chi/sqrt(N)/Ohm
C:\Users\HOME\Desktop\JupyterWorkspace\ALBATROSS_Paper\Revision_EIS\NCM811_EIS_40cells\1\260119220726_15(2-8).mpr,"Cycle 0",,3.422,xxxx,0.709923664122137,6.77799980621785E-5,xxxx,0.67175572519084,0.748799979686737,xxxx,0.866412213740458,45.7599983215332,xxxx,1,0.00798874388781347,0.000125480233632703,0.625954198473282,0.768534441050541,0.00601332899659683,0.801526717557252,35.48,xxxx,0.534351145038168,0.461497564248133,0.0315980545013307,0.16030534351145,0.999999999999988,6.70994403932305E-12,0.297709923664122,0.00613281122269042,0.412054618311154
,,,,,,,,,,,,,,,,,,,,,,,,,,,,,,,
"Batch mean",,,3.42199993133545,,,6.77799980621785E-5,,,0.748799979686737,,,45.7599983215332,,,0.00798874348402023,,,0.768534421920776,,,35.4799995422363,,,0.461497575044632,,,1,,,,
"Batch standard deviation",,,0,,,0,,,0,,,0,,,0,,,0,,,0,,,0,,,0,,,,
,,,,,,,,,,,,,,,,,,,,,,,,,,,,,,,
"Equivalent circuit",,,,,,,,,,,,,,,,,,,,,,,,,,,,,,,
R1+Q2/R2+Q3/(R3+Q4),,,,,,,,,,,,,,,,,,,,,,,,,,,,,,,
