,,,R1/Ohm,"Std err. R1/Ohm","Rank R1","Q2/F.s^(a - 1)","Std err. Q2/F.s^(a - 1)","Rank Q2",a2/,"Std err. a2","Rank a2",R2,"Std err. R2/Ohm","Rank R2","Q3/F.s^(a - 1)","Std err. Q3/F.s^(a - 1)","Rank Q3",a3/,"Std err. a3","Rank a3",R3,"Std err. R3/Ohm","Rank R3","Q4/F.s^(a - 1)","Std err. Q4/F.s^(a - 1)","Rank Q4",a4/,"Std err. a4","Rank a4",Chi^2/|Z|^2,Chi/sqrt(N)/Ohm
C:\Users\HOME\Desktop\JupyterWorkspace\ALBATROSS_Paper\Revision_EIS\NCM811_EIS_40cells\1\260119224726_28(4-5).mpr,"Cycle 0",,3.56399989128113,xxxx,0.706106870229008,6.61200028844178E-5,xxxx,0.66793893129771,0.743900001049042,xxxx,0.862595419847328,49.5999984741211,xxxx,1,0.00663184268369595,8.49270147812449E-5,0.622137404580153,0.803475479208205,0.0056671022208244,0.797709923664122,31.16,xxxx,0.541984732824428,0.344111258553199,0.0121143363529813,0.16793893129771,0.728427941060559,0.0305469589717974,0.301526717557252,0.00215277580280598,0.339090357383886
,,,,,,,,,,,,,,,,,,,,,,,,,,,,,,,
"Batch mean",,,3.56399989128113,,,6.61200028844178E-5,,,0.743900001049042,,,49.5999984741211,,,0.00663184281438589,,,0.803475499153137,,,31.1599998474121,,,0.344111263751984,,,0.728427946567535,,,,
"Batch standard deviation",,,0,,,0,,,0,,,0,,,0,,,0,,,0,,,0,,,0,,,,
,,,,,,,,,,,,,,,,,,,,,,,,,,,,,,,
"Equivalent circuit",,,,,,,,,,,,,,,,,,,,,,,,,,,,,,,
R1+Q2/R2+Q3/(R3+Q4),,,,,,,,,,,,,,,,,,,,,,,,,,,,,,,
