,,,R1/Ohm,"Std err. R1/Ohm","Rank R1","Q2/F.s^(a - 1)","Std err. Q2/F.s^(a - 1)","Rank Q2",a2/,"Std err. a2","Rank a2",R2,"Std err. R2/Ohm","Rank R2","Q3/F.s^(a - 1)","Std err. Q3/F.s^(a - 1)","Rank Q3",a3/,"Std err. a3","Rank a3",R3,"Std err. R3/Ohm","Rank R3","Q4/F.s^(a - 1)","Std err. Q4/F.s^(a - 1)","Rank Q4",a4/,"Std err. a4","Rank a4",Chi^2/|Z|^2,Chi/sqrt(N)/Ohm
C:\Users\HOME\Desktop\JupyterWorkspace\ALBATROSS_Paper\Revision_EIS\NCM811_EIS_40cells\1\260121192815_43(6-4).mpr,"Cycle 0",,3.836,xxxx,0.699619771863118,8.22700021672063E-5,xxxx,0.665399239543726,0.713199973106384,xxxx,0.85171102661597,50.189998626709,xxxx,1,0.00627300003543496,xxxx,0.604562737642585,0.880900025367737,xxxx,0.779467680608365,25.0599994659424,xxxx,0.52851711026616,0.148883876920591,0.00239860417034088,0.23574144486692,0.36661308428605,0.0099369797007142,0.281368821292776,0.0198057898561631,0.538084895119808
,,,,,,,,,,,,,,,,,,,,,,,,,,,,,,,
"Batch mean",,,3.83599996566772,,,8.22700021672063E-5,,,0.713199973106384,,,50.189998626709,,,0.00627300003543496,,,0.880900025367737,,,25.0599994659424,,,0.148883879184723,,,0.3666130900383,,,,
"Batch standard deviation",,,0,,,0,,,0,,,0,,,0,,,0,,,0,,,0,,,0,,,,
,,,,,,,,,,,,,,,,,,,,,,,,,,,,,,,
"Equivalent circuit",,,,,,,,,,,,,,,,,,,,,,,,,,,,,,,
R1+Q2/R2+Q3/(R3+Q4),,,,,,,,,,,,,,,,,,,,,,,,,,,,,,,
