,,,R1/Ohm,"Std err. R1/Ohm","Rank R1","Q2/F.s^(a - 1)","Std err. Q2/F.s^(a - 1)","Rank Q2",a2/,"Std err. a2","Rank a2",R2,"Std err. R2/Ohm","Rank R2","Q3/F.s^(a - 1)","Std err. Q3/F.s^(a - 1)","Rank Q3",a3/,"Std err. a3","Rank a3",R3,"Std err. R3/Ohm","Rank R3","Q4/F.s^(a - 1)","Std err. Q4/F.s^(a - 1)","Rank Q4",a4/,"Std err. a4","Rank a4",Chi^2/|Z|^2,Chi/sqrt(N)/Ohm
C:\Users\HOME\Desktop\JupyterWorkspace\ALBATROSS_Paper\Revision_EIS\NCM811_EIS_40cells\1\260119223124_22(3-7).mpr,"Cycle 0",,3.472,xxxx,0.706106870229008,6.10200004302897E-5,xxxx,0.67175572519084,0.753499984741211,xxxx,0.862595419847328,48.3600006103516,xxxx,1,0.00673587354013334,0.000105370249074689,0.622137404580153,0.802289365711006,0.00566060307620449,0.801526717557252,33.2,xxxx,0.541984732824428,0.478453398030043,0.0388215751704888,0.16412213740458,0.922028851628015,0.0471579040995598,0.297709923664122,0.00246360549450353,0.357102101876926
,,,,,,,,,,,,,,,,,,,,,,,,,,,,,,,
"Batch mean",,,3.47199988365173,,,6.10200004302897E-5,,,0.753499984741211,,,48.3600006103516,,,0.00673587340861559,,,0.802289366722107,,,33.2000007629395,,,0.478453397750854,,,0.922028839588165,,,,
"Batch standard deviation",,,0,,,0,,,0,,,0,,,0,,,0,,,0,,,0,,,0,,,,
,,,,,,,,,,,,,,,,,,,,,,,,,,,,,,,
"Equivalent circuit",,,,,,,,,,,,,,,,,,,,,,,,,,,,,,,
R1+Q2/R2+Q3/(R3+Q4),,,,,,,,,,,,,,,,,,,,,,,,,,,,,,,
