,,,R1/Ohm,"Std err. R1/Ohm","Rank R1","Q2/F.s^(a - 1)","Std err. Q2/F.s^(a - 1)","Rank Q2",a2/,"Std err. a2","Rank a2",R2,"Std err. R2/Ohm","Rank R2","Q3/F.s^(a - 1)","Std err. Q3/F.s^(a - 1)","Rank Q3",a3/,"Std err. a3","Rank a3",R3,"Std err. R3/Ohm","Rank R3","Q4/F.s^(a - 1)","Std err. Q4/F.s^(a - 1)","Rank Q4",a4/,"Std err. a4","Rank a4",Chi^2/|Z|^2,Chi/sqrt(N)/Ohm
C:\Users\HOME\Desktop\JupyterWorkspace\ALBATROSS_Paper\Revision_EIS\NCM811_EIS_40cells\1\260125165746_8(2-1).mpr,"Cycle 0",,3.467,xxxx,0.70722433460076,6.44600004306994E-5,xxxx,0.657794676806084,0.754999995231628,xxxx,0.85171102661597,45.939998626709,xxxx,1,0.00714483084604009,0.000141730361781304,0.612167300380228,0.845678723226919,0.00796046025254688,0.787072243346008,28.68,xxxx,0.532319391634981,0.219638541927609,0.00948843367460842,0.197718631178707,0.595337531193124,0.0298515309078146,0.300380228136882,0.00753399991812216,0.354105728849895
,,,,,,,,,,,,,,,,,,,,,,,,,,,,,,,
"Batch mean",,,3.46700000762939,,,6.44600004306994E-5,,,0.754999995231628,,,45.939998626709,,,0.00714483065530658,,,0.845678746700287,,,28.6800003051758,,,0.219638541340828,,,0.595337510108948,,,,
"Batch standard deviation",,,0,,,0,,,0,,,0,,,0,,,0,,,0,,,0,,,0,,,,
,,,,,,,,,,,,,,,,,,,,,,,,,,,,,,,
"Equivalent circuit",,,,,,,,,,,,,,,,,,,,,,,,,,,,,,,
R1+Q2/R2+Q3/(R3+Q4),,,,,,,,,,,,,,,,,,,,,,,,,,,,,,,
