,,,R1/Ohm,"Std err. R1/Ohm","Rank R1","Q2/F.s^(a - 1)","Std err. Q2/F.s^(a - 1)","Rank Q2",a2/,"Std err. a2","Rank a2",R2,"Std err. R2/Ohm","Rank R2","Q3/F.s^(a - 1)","Std err. Q3/F.s^(a - 1)","Rank Q3",a3/,"Std err. a3","Rank a3",R3,"Std err. R3/Ohm","Rank R3","Q4/F.s^(a - 1)","Std err. Q4/F.s^(a - 1)","Rank Q4",a4/,"Std err. a4","Rank a4",Chi^2/|Z|^2,Chi/sqrt(N)/Ohm
C:\Users\HOME\Desktop\JupyterWorkspace\ALBATROSS_Paper\Revision_EIS\NCM811_EIS_40cells\1\260119204620_18(3-3).mpr,"Cycle 0",,3.489,xxxx,0.708812260536398,5.0179998652311E-5,xxxx,0.681992337164751,0.767099976539612,xxxx,0.873563218390805,54.1300010681152,xxxx,1,0.00700443517914827,0.000177771119001291,0.628352490421456,0.762071996669238,0.00723798954568953,0.808429118773946,36.7,xxxx,0.540229885057471,0.677012014163346,0.186910884312129,0.157088122605364,0.999999999999994,0.0221862838207256,0.291187739463602,0.00475230908409375,0.526762596685755
,,,,,,,,,,,,,,,,,,,,,,,,,,,,,,,
"Batch mean",,,3.48900008201599,,,5.0179998652311E-5,,,0.767099976539612,,,54.1300010681152,,,0.00700443517416716,,,0.762071967124939,,,36.7000007629395,,,0.677012026309967,,,1,,,,
"Batch standard deviation",,,0,,,0,,,0,,,0,,,0,,,0,,,0,,,0,,,0,,,,
,,,,,,,,,,,,,,,,,,,,,,,,,,,,,,,
"Equivalent circuit",,,,,,,,,,,,,,,,,,,,,,,,,,,,,,,
R1+Q2/R2+Q3/(R3+Q4),,,,,,,,,,,,,,,,,,,,,,,,,,,,,,,
