,,,R1/Ohm,"Std err. R1/Ohm","Rank R1","Q2/F.s^(a - 1)","Std err. Q2/F.s^(a - 1)","Rank Q2",a2/,"Std err. a2","Rank a2",R2,"Std err. R2/Ohm","Rank R2","Q3/F.s^(a - 1)","Std err. Q3/F.s^(a - 1)","Rank Q3",a3/,"Std err. a3","Rank a3",R3,"Std err. R3/Ohm","Rank R3","Q4/F.s^(a - 1)","Std err. Q4/F.s^(a - 1)","Rank Q4",a4/,"Std err. a4","Rank a4",R4,"Std err. R4/Ohm","Rank R4",s5/Ohm.s^-1/2,"Std err. s5/Ohm.s^-1/2","Rank s5",Chi^2/|Z|^2,Chi/sqrt(N)/Ohm
C:\Users\HOME\Desktop\JupyterWorkspace\ALBATROSS_Paper\250925_EIS\4\250926203857_9(2-2).mpr,"Cycle 0",,3.38946766913061,0.0832163636434511,0.741176470588235,8.26000397288196E-6,1.9268181768991E-6,0.352941176470588,0.866458549872318,0.0213075905913229,0.594117647058824,4.58356266549336,0.11037619479476,0.802941176470588,6.00899984419812E-5,xxxx,0.776470588235294,0.771600008010864,xxxx,1,66.6999969482422,xxxx,0.926470588235294,0.00389000005088747,xxxx,0.570588235294118,0.798099994659424,xxxx,0.8,27.0499992370605,xxxx,0.441176470588235,3.32200002670288,xxxx,0.370588235294118,0.00345363335656126,0.451867125072852
,,,,,,,,,,,,,,,,,,,,,,,,,,,,,,,,,,,,,
"Batch mean",,,3.38946771621704,,,8.26000359666068E-6,,,0.866458535194397,,,4.58356285095215,,,6.00899984419812E-5,,,0.771600008010864,,,66.6999969482422,,,0.00389000005088747,,,0.798099994659424,,,27.0499992370605,,,3.32200002670288,,,,
"Batch standard deviation",,,0,,,0,,,0,,,0,,,0,,,0,,,0,,,0,,,0,,,0,,,0,,,,
,,,,,,,,,,,,,,,,,,,,,,,,,,,,,,,,,,,,,
"Equivalent circuit",,,,,,,,,,,,,,,,,,,,,,,,,,,,,,,,,,,,,
R1+Q2/R2+Q3/R3+Q4/R4+W5,,,,,,,,,,,,,,,,,,,,,,,,,,,,,,,,,,,,,
