,,,R1/Ohm,"Std err. R1/Ohm","Rank R1","Q2/F.s^(a - 1)","Std err. Q2/F.s^(a - 1)","Rank Q2",a2/,"Std err. a2","Rank a2",R2,"Std err. R2/Ohm","Rank R2","Q3/F.s^(a - 1)","Std err. Q3/F.s^(a - 1)","Rank Q3",a3/,"Std err. a3","Rank a3",R3,"Std err. R3/Ohm","Rank R3","Q4/F.s^(a - 1)","Std err. Q4/F.s^(a - 1)","Rank Q4",a4/,"Std err. a4","Rank a4",R4,"Std err. R4/Ohm","Rank R4",s5/Ohm.s^-1/2,"Std err. s5/Ohm.s^-1/2","Rank s5",Chi^2/|Z|^2,Chi/sqrt(N)/Ohm
C:\Users\HOME\Desktop\JupyterWorkspace\ALBATROSS_Paper\250925_EIS\4\250926220208_20(3-5).mpr,"Cycle 0",,3.60400009155273,xxxx,0.747800586510264,1.17400004455703E-5,xxxx,0.346041055718475,0.815900027751923,xxxx,0.583577712609971,4.68300008773804,xxxx,0.812316715542522,6.5120002545882E-5,xxxx,0.765395894428152,0.76230001449585,xxxx,1,64.5,xxxx,0.926686217008798,0.00431503619092631,0.000195731529016172,0.56891495601173,0.781168601064996,0.0148716337580706,0.797653958944281,27.123117237293,0.755803503317216,0.439882697947214,3.44998501647315,0.475725814504026,0.366568914956012,0.00276033725063333,0.515098365358101
,,,,,,,,,,,,,,,,,,,,,,,,,,,,,,,,,,,,,
"Batch mean",,,3.60400009155273,,,1.17400004455703E-5,,,0.815900027751923,,,4.68300008773804,,,6.5120002545882E-5,,,0.76230001449585,,,64.5,,,0.00431503634899855,,,0.781168580055237,,,27.1231174468994,,,3.44998502731323,,,,
"Batch standard deviation",,,0,,,0,,,0,,,0,,,0,,,0,,,0,,,0,,,0,,,0,,,0,,,,
,,,,,,,,,,,,,,,,,,,,,,,,,,,,,,,,,,,,,
"Equivalent circuit",,,,,,,,,,,,,,,,,,,,,,,,,,,,,,,,,,,,,
R1+Q2/R2+Q3/R3+Q4/R4+W5,,,,,,,,,,,,,,,,,,,,,,,,,,,,,,,,,,,,,
