,,,R1/Ohm,"Std err. R1/Ohm","Rank R1","Q2/F.s^(a - 1)","Std err. Q2/F.s^(a - 1)","Rank Q2",a2/,"Std err. a2","Rank a2",R2,"Std err. R2/Ohm","Rank R2","Q3/F.s^(a - 1)","Std err. Q3/F.s^(a - 1)","Rank Q3",a3/,"Std err. a3","Rank a3",R3,"Std err. R3/Ohm","Rank R3","Q4/F.s^(a - 1)","Std err. Q4/F.s^(a - 1)","Rank Q4",a4/,"Std err. a4","Rank a4",R4,"Std err. R4/Ohm","Rank R4",s5/Ohm.s^-1/2,"Std err. s5/Ohm.s^-1/2","Rank s5",Chi^2/|Z|^2,Chi/sqrt(N)/Ohm
C:\Users\HOME\Desktop\JupyterWorkspace\ALBATROSS_Paper\250925_EIS\4\250926213211_16(3-1).mpr,"Cycle 0",,3.00200009346008,xxxx,0.731563421828909,1.47099999594502E-5,xxxx,0.351032448377581,0.814599990844727,xxxx,0.59882005899705,4.68900012969971,xxxx,0.808259587020649,5.8300000091549E-5,xxxx,0.787610619469027,0.774200022220612,xxxx,1,66.3000030517578,xxxx,0.932153392330383,0.00379677099059789,0.000126785135272195,0.575221238938053,0.810718395369939,0.0100401262410313,0.799410029498525,27.5945760895259,0.586807510152621,0.442477876106195,3.05118963083544,0.425831147053213,0.371681415929204,0.00234078242480514,0.399385545140593
,,,,,,,,,,,,,,,,,,,,,,,,,,,,,,,,,,,,,
"Batch mean",,,3.00200009346008,,,1.47099999594502E-5,,,0.814599990844727,,,4.68900012969971,,,5.8300000091549E-5,,,0.774200022220612,,,66.3000030517578,,,0.00379677093587816,,,0.810718417167664,,,27.594575881958,,,3.051189661026,,,,
"Batch standard deviation",,,0,,,0,,,0,,,0,,,0,,,0,,,0,,,0,,,0,,,0,,,0,,,,
,,,,,,,,,,,,,,,,,,,,,,,,,,,,,,,,,,,,,
"Equivalent circuit",,,,,,,,,,,,,,,,,,,,,,,,,,,,,,,,,,,,,
R1+Q2/R2+Q3/R3+Q4/R4+W5,,,,,,,,,,,,,,,,,,,,,,,,,,,,,,,,,,,,,
