,,,R1/Ohm,"Std err. R1/Ohm","Rank R1","Q2/F.s^(a - 1)","Std err. Q2/F.s^(a - 1)","Rank Q2",a2/,"Std err. a2","Rank a2",R2,"Std err. R2/Ohm","Rank R2","Q3/F.s^(a - 1)","Std err. Q3/F.s^(a - 1)","Rank Q3",a3/,"Std err. a3","Rank a3",R3,"Std err. R3/Ohm","Rank R3","Q4/F.s^(a - 1)","Std err. Q4/F.s^(a - 1)","Rank Q4",a4/,"Std err. a4","Rank a4",R4,"Std err. R4/Ohm","Rank R4",s5/Ohm.s^-1/2,"Std err. s5/Ohm.s^-1/2","Rank s5",Chi^2/|Z|^2,Chi/sqrt(N)/Ohm
C:\Users\HOME\Desktop\JupyterWorkspace\ALBATROSS_Paper\250925_EIS\4\250926234854_33(5-2).mpr,"Cycle 0",,3.30299997329712,xxxx,0.752941176470588,1.02900003184914E-5,xxxx,0.332352941176471,0.836000025272369,xxxx,0.567647058823529,3.63199996948242,xxxx,0.797058823529412,6.0819998907391E-5,xxxx,0.776470588235294,0.769800007343292,xxxx,1,59.1300010681152,xxxx,0.932352941176471,0.00462868693247799,0.00022105448924505,0.594117647058824,0.750526379490814,0.0130763789519691,0.814705882352941,25.1277297835605,0.557777465418348,0.458823529411765,2.35242031965836,0.339212372826786,0.35,0.0029520210402452,0.476919753503935
,,,,,,,,,,,,,,,,,,,,,,,,,,,,,,,,,,,,,
"Batch mean",,,3.30299997329712,,,1.02900003184914E-5,,,0.836000025272369,,,3.63199996948242,,,6.0819998907391E-5,,,0.769800007343292,,,59.1300010681152,,,0.00462868670001626,,,0.750526368618011,,,25.1277294158936,,,2.35242033004761,,,,
"Batch standard deviation",,,0,,,0,,,0,,,0,,,0,,,0,,,0,,,0,,,0,,,0,,,0,,,,
,,,,,,,,,,,,,,,,,,,,,,,,,,,,,,,,,,,,,
"Equivalent circuit",,,,,,,,,,,,,,,,,,,,,,,,,,,,,,,,,,,,,
R1+Q2/R2+Q3/R3+Q4/R4+W5,,,,,,,,,,,,,,,,,,,,,,,,,,,,,,,,,,,,,
