,,,R1/Ohm,"Std err. R1/Ohm","Rank R1","Q2/F.s^(a - 1)","Std err. Q2/F.s^(a - 1)","Rank Q2",a2/,"Std err. a2","Rank a2",R2,"Std err. R2/Ohm","Rank R2","Q3/F.s^(a - 1)","Std err. Q3/F.s^(a - 1)","Rank Q3",a3/,"Std err. a3","Rank a3",R3,"Std err. R3/Ohm","Rank R3","Q4/F.s^(a - 1)","Std err. Q4/F.s^(a - 1)","Rank Q4",a4/,"Std err. a4","Rank a4",R4,"Std err. R4/Ohm","Rank R4",s5/Ohm.s^-1/2,"Std err. s5/Ohm.s^-1/2","Rank s5",Chi^2/|Z|^2,Chi/sqrt(N)/Ohm
C:\Users\HOME\Desktop\JupyterWorkspace\ALBATROSS_Paper\250925_EIS\4\250926214641_18(3-3).mpr,"Cycle 0",,3.28999996185303,xxxx,0.736686390532544,5.61200022275443E-6,xxxx,0.35207100591716,0.896799981594086,xxxx,0.594674556213018,4.68200016021729,xxxx,0.813609467455621,6.2150000303518E-5,xxxx,0.781065088757396,0.766499996185303,xxxx,1,65.3000030517578,xxxx,0.940828402366864,0.00379349472578557,0.000194776792868271,0.556213017751479,0.819600567858295,0.0149170541668488,0.792899408284024,26.8961392254802,0.698944657210711,0.440828402366864,4.2381618705226,0.479115244005312,0.411242603550296,0.00243628968942403,0.461032130193816
,,,,,,,,,,,,,,,,,,,,,,,,,,,,,,,,,,,,,
"Batch mean",,,3.28999996185303,,,5.61200022275443E-6,,,0.896799981594086,,,4.68200016021729,,,6.2150000303518E-5,,,0.766499996185303,,,65.3000030517578,,,0.0037934947758913,,,0.819600582122803,,,26.8961391448975,,,4.23816204071045,,,,
"Batch standard deviation",,,0,,,0,,,0,,,0,,,0,,,0,,,0,,,0,,,0,,,0,,,0,,,,
,,,,,,,,,,,,,,,,,,,,,,,,,,,,,,,,,,,,,
"Equivalent circuit",,,,,,,,,,,,,,,,,,,,,,,,,,,,,,,,,,,,,
R1+Q2/R2+Q3/R3+Q4/R4+W5,,,,,,,,,,,,,,,,,,,,,,,,,,,,,,,,,,,,,
