,,,R1/Ohm,"Std err. R1/Ohm","Rank R1","Q2/F.s^(a - 1)","Std err. Q2/F.s^(a - 1)","Rank Q2",a2/,"Std err. a2","Rank a2",R2,"Std err. R2/Ohm","Rank R2","Q3/F.s^(a - 1)","Std err. Q3/F.s^(a - 1)","Rank Q3",a3/,"Std err. a3","Rank a3",R3,"Std err. R3/Ohm","Rank R3","Q4/F.s^(a - 1)","Std err. Q4/F.s^(a - 1)","Rank Q4",a4/,"Std err. a4","Rank a4",R4,"Std err. R4/Ohm","Rank R4",s5/Ohm.s^-1/2,"Std err. s5/Ohm.s^-1/2","Rank s5",Chi^2/|Z|^2,Chi/sqrt(N)/Ohm
C:\Users\HOME\Desktop\JupyterWorkspace\ALBATROSS_Paper\250925_EIS\4\250926203211_8(2-1).mpr,"Cycle 0",,2.98752127599856,0.0659005985869858,0.733727810650888,7.50973152440755E-6,1.42400686282257E-6,0.35207100591716,0.876466454414017,0.0180919225617638,0.597633136094675,4.50472469020913,0.0955282026414953,0.801775147928994,6.35499964118935E-5,xxxx,0.789940828402367,0.764599978923798,xxxx,1,64.8300018310547,xxxx,0.940828402366864,0.00342700001783669,xxxx,0.562130177514793,0.829500019550323,xxxx,0.79585798816568,26.0200004577637,xxxx,0.443786982248521,3.74900007247925,xxxx,0.402366863905325,0.00334966309560349,0.40696416321304
,,,,,,,,,,,,,,,,,,,,,,,,,,,,,,,,,,,,,
"Batch mean",,,2.98752117156982,,,7.50973140384303E-6,,,0.876466453075409,,,4.50472450256348,,,6.35499964118935E-5,,,0.764599978923798,,,64.8300018310547,,,0.00342700001783669,,,0.829500019550323,,,26.0200004577637,,,3.74900007247925,,,,
"Batch standard deviation",,,0,,,0,,,0,,,0,,,0,,,0,,,0,,,0,,,0,,,0,,,0,,,,
,,,,,,,,,,,,,,,,,,,,,,,,,,,,,,,,,,,,,
"Equivalent circuit",,,,,,,,,,,,,,,,,,,,,,,,,,,,,,,,,,,,,
R1+Q2/R2+Q3/R3+Q4/R4+W5,,,,,,,,,,,,,,,,,,,,,,,,,,,,,,,,,,,,,
