,,,R1/Ohm,"Std err. R1/Ohm","Rank R1","Q2/F.s^(a - 1)","Std err. Q2/F.s^(a - 1)","Rank Q2",a2/,"Std err. a2","Rank a2",R2,"Std err. R2/Ohm","Rank R2","Q3/F.s^(a - 1)","Std err. Q3/F.s^(a - 1)","Rank Q3",a3/,"Std err. a3","Rank a3",R3,"Std err. R3/Ohm","Rank R3","Q4/F.s^(a - 1)","Std err. Q4/F.s^(a - 1)","Rank Q4",a4/,"Std err. a4","Rank a4",R4,"Std err. R4/Ohm","Rank R4",s5/Ohm.s^-1/2,"Std err. s5/Ohm.s^-1/2","Rank s5",Chi^2/|Z|^2,Chi/sqrt(N)/Ohm
C:\Users\HOME\Desktop\JupyterWorkspace\ALBATROSS_Paper\250925_EIS\4\250926211621_14(2-7).mpr,"Cycle 0",,3.13599991798401,xxxx,0.730205278592375,5.14100020154729E-6,xxxx,0.340175953079179,0.912999987602234,xxxx,0.580645161290323,4.26599979400635,xxxx,0.785923753665689,6.62000020383857E-5,xxxx,0.785923753665689,0.759999990463257,xxxx,1,64.6399993896484,xxxx,0.92375366568915,0.00411925854393917,0.00015909768899683,0.586510263929619,0.773826682612079,0.0114568845458397,0.797653958944281,26.5458007740147,0.640975153130195,0.448680351906158,3.43183883987128,0.435550222743887,0.375366568914956,0.00301090636799686,0.427452614413014
,,,,,,,,,,,,,,,,,,,,,,,,,,,,,,,,,,,,,
"Batch mean",,,3.13599991798401,,,5.14100020154729E-6,,,0.912999987602234,,,4.26599979400635,,,6.62000020383857E-5,,,0.759999990463257,,,64.6399993896484,,,0.00411925837397575,,,0.773826658725739,,,26.5458011627197,,,3.43183875083923,,,,
"Batch standard deviation",,,0,,,0,,,0,,,0,,,0,,,0,,,0,,,0,,,0,,,0,,,0,,,,
,,,,,,,,,,,,,,,,,,,,,,,,,,,,,,,,,,,,,
"Equivalent circuit",,,,,,,,,,,,,,,,,,,,,,,,,,,,,,,,,,,,,
R1+Q2/R2+Q3/R3+Q4/R4+W5,,,,,,,,,,,,,,,,,,,,,,,,,,,,,,,,,,,,,
