,,,R1/Ohm,"Std err. R1/Ohm","Rank R1","Q2/F.s^(a - 1)","Std err. Q2/F.s^(a - 1)","Rank Q2",a2/,"Std err. a2","Rank a2",R2,"Std err. R2/Ohm","Rank R2","Q3/F.s^(a - 1)","Std err. Q3/F.s^(a - 1)","Rank Q3",a3/,"Std err. a3","Rank a3",R3,"Std err. R3/Ohm","Rank R3","Q4/F.s^(a - 1)","Std err. Q4/F.s^(a - 1)","Rank Q4",a4/,"Std err. a4","Rank a4",R4,"Std err. R4/Ohm","Rank R4",s5/Ohm.s^-1/2,"Std err. s5/Ohm.s^-1/2","Rank s5",Chi^2/|Z|^2,Chi/sqrt(N)/Ohm
C:\Users\HOME\Desktop\JupyterWorkspace\ALBATROSS_Paper\250925_EIS\4\250927010639_44(6-5).mpr,"Cycle 0",,4.18800020217896,xxxx,0.872781065088757,2.83700001091347E-6,xxxx,0.328402366863905,0.960200011730194,xxxx,0.56508875739645,3.43300008773804,xxxx,0.70414201183432,6.73699978506193E-5,xxxx,0.769230769230769,0.759599983692169,xxxx,1,53.4599990844727,xxxx,0.943786982248521,0.00517098835113468,0.000283158172322495,0.597633136094675,0.727026280140283,0.0156811308302089,0.816568047337278,22.7524375715738,0.489744059368254,0.464497041420118,2.40782936526589,0.264305922847633,0.357988165680473,0.0035432682940582,0.432687154414591
,,,,,,,,,,,,,,,,,,,,,,,,,,,,,,,,,,,,,
"Batch mean",,,4.18800020217896,,,2.83700001091347E-6,,,0.960200011730194,,,3.43300008773804,,,6.73699978506193E-5,,,0.759599983692169,,,53.4599990844727,,,0.00517098838463426,,,0.727026283740997,,,22.7524375915527,,,2.40782928466797,,,,
"Batch standard deviation",,,0,,,0,,,0,,,0,,,0,,,0,,,0,,,0,,,0,,,0,,,0,,,,
,,,,,,,,,,,,,,,,,,,,,,,,,,,,,,,,,,,,,
"Equivalent circuit",,,,,,,,,,,,,,,,,,,,,,,,,,,,,,,,,,,,,
R1+Q2/R2+Q3/R3+Q4/R4+W5,,,,,,,,,,,,,,,,,,,,,,,,,,,,,,,,,,,,,
