,,,R1/Ohm,"Std err. R1/Ohm","Rank R1","Q2/F.s^(a - 1)","Std err. Q2/F.s^(a - 1)","Rank Q2",a2/,"Std err. a2","Rank a2",R2,"Std err. R2/Ohm","Rank R2","Q3/F.s^(a - 1)","Std err. Q3/F.s^(a - 1)","Rank Q3",a3/,"Std err. a3","Rank a3",R3,"Std err. R3/Ohm","Rank R3","Q4/F.s^(a - 1)","Std err. Q4/F.s^(a - 1)","Rank Q4",a4/,"Std err. a4","Rank a4",R4,"Std err. R4/Ohm","Rank R4",s5/Ohm.s^-1/2,"Std err. s5/Ohm.s^-1/2","Rank s5",Chi^2/|Z|^2,Chi/sqrt(N)/Ohm
C:\Users\HOME\Desktop\JupyterWorkspace\ALBATROSS_Paper\250925_EIS\4\250926212432_15(2-8).mpr,"Cycle 0",,3.90883200915814,0.0310159193334633,0.764011799410029,7.97747531532119E-6,8.40437750526753E-7,0.351032448377581,0.866972493698486,0.00979932399264559,0.592920353982301,4.55392058750112,0.056554574734492,0.8023598820059,5.66700000490528E-5,xxxx,0.772861356932153,0.77649998664856,xxxx,1,65.0500030517578,xxxx,0.929203539823009,0.00415899977087975,xxxx,0.578171091445428,0.782599985599518,xxxx,0.799410029498525,27.0599994659424,xxxx,0.445427728613569,3.18099999427795,xxxx,0.36283185840708,0.0022644875737103,0.48005784568192
,,,,,,,,,,,,,,,,,,,,,,,,,,,,,,,,,,,,,
"Batch mean",,,3.90883207321167,,,7.97747543401783E-6,,,0.866972506046295,,,4.55392074584961,,,5.66700000490528E-5,,,0.77649998664856,,,65.0500030517578,,,0.00415899977087975,,,0.782599985599518,,,27.0599994659424,,,3.18099999427795,,,,
"Batch standard deviation",,,0,,,0,,,0,,,0,,,0,,,0,,,0,,,0,,,0,,,0,,,0,,,,
,,,,,,,,,,,,,,,,,,,,,,,,,,,,,,,,,,,,,
"Equivalent circuit",,,,,,,,,,,,,,,,,,,,,,,,,,,,,,,,,,,,,
R1+Q2/R2+Q3/R3+Q4/R4+W5,,,,,,,,,,,,,,,,,,,,,,,,,,,,,,,,,,,,,
