,,,R1/Ohm,"Std err. R1/Ohm","Rank R1","Q2/F.s^(a - 1)","Std err. Q2/F.s^(a - 1)","Rank Q2",a2/,"Std err. a2","Rank a2",R2,"Std err. R2/Ohm","Rank R2","Q3/F.s^(a - 1)","Std err. Q3/F.s^(a - 1)","Rank Q3",a3/,"Std err. a3","Rank a3",R3,"Std err. R3/Ohm","Rank R3","Q4/F.s^(a - 1)","Std err. Q4/F.s^(a - 1)","Rank Q4",a4/,"Std err. a4","Rank a4",R4,"Std err. R4/Ohm","Rank R4",s5/Ohm.s^-1/2,"Std err. s5/Ohm.s^-1/2","Rank s5",Chi^2/|Z|^2,Chi/sqrt(N)/Ohm
C:\Users\HOME\Desktop\JupyterWorkspace\ALBATROSS_Paper\250925_EIS\4\250926233239_31(4-8).mpr,"Cycle 0",,3.44000005722046,xxxx,0.756446991404012,4.74999978905544E-6,xxxx,0.355300859598854,0.904999971389771,xxxx,0.593123209169054,4.39799976348877,xxxx,0.810888252148997,6.26499968348071E-5,xxxx,0.770773638968481,0.765600025653839,xxxx,1,59.75,xxxx,0.91404011461318,0.00437099998816848,xxxx,0.587392550143267,0.760900020599365,xxxx,0.796561604584527,26.0200004577637,xxxx,0.446991404011461,2.41016913159575,0.520952622414862,0.343839541547278,0.680121178354596,1.60067637868195
,,,,,,,,,,,,,,,,,,,,,,,,,,,,,,,,,,,,,
"Batch mean",,,3.44000005722046,,,4.74999978905544E-6,,,0.904999971389771,,,4.39799976348877,,,6.26499968348071E-5,,,0.765600025653839,,,59.75,,,0.00437099998816848,,,0.760900020599365,,,26.0200004577637,,,2.41016912460327,,,,
"Batch standard deviation",,,0,,,0,,,0,,,0,,,0,,,0,,,0,,,0,,,0,,,0,,,0,,,,
,,,,,,,,,,,,,,,,,,,,,,,,,,,,,,,,,,,,,
"Equivalent circuit",,,,,,,,,,,,,,,,,,,,,,,,,,,,,,,,,,,,,
R1+Q2/R2+Q3/R3+Q4/R4+W5,,,,,,,,,,,,,,,,,,,,,,,,,,,,,,,,,,,,,
