,,,R1/Ohm,"Std err. R1/Ohm","Rank R1","Q2/F.s^(a - 1)","Std err. Q2/F.s^(a - 1)","Rank Q2",a2/,"Std err. a2","Rank a2",R2,"Std err. R2/Ohm","Rank R2","Q3/F.s^(a - 1)","Std err. Q3/F.s^(a - 1)","Rank Q3",a3/,"Std err. a3","Rank a3",R3,"Std err. R3/Ohm","Rank R3","Q4/F.s^(a - 1)","Std err. Q4/F.s^(a - 1)","Rank Q4",a4/,"Std err. a4","Rank a4",R4,"Std err. R4/Ohm","Rank R4",s5/Ohm.s^-1/2,"Std err. s5/Ohm.s^-1/2","Rank s5",Chi^2/|Z|^2,Chi/sqrt(N)/Ohm
C:\Users\HOME\Desktop\JupyterWorkspace\ALBATROSS_Paper\250925_EIS\4\250926210824_13(2-6).mpr,"Cycle 0",,3.12400007247925,xxxx,0.727810650887574,5.01900012750411E-6,xxxx,0.355029585798817,0.91100001335144,xxxx,0.597633136094675,4.66599988937378,xxxx,0.813609467455621,6.34500029264018E-5,xxxx,0.781065088757396,0.763599991798401,xxxx,1,64.5100021362305,xxxx,0.940828402366864,0.00377618021759282,0.000183936311990326,0.568047337278106,0.812726300099388,0.0133757711186546,0.79585798816568,27.23799145433,0.661866506653355,0.443786982248521,3.76456662355796,0.444946193879892,0.396449704142012,0.00339702323826639,0.485786100887679
,,,,,,,,,,,,,,,,,,,,,,,,,,,,,,,,,,,,,
"Batch mean",,,3.12400007247925,,,5.01900012750411E-6,,,0.91100001335144,,,4.66599988937378,,,6.34500029264018E-5,,,0.763599991798401,,,64.5100021362305,,,0.00377618032507598,,,0.812726318836212,,,27.2379913330078,,,3.76456665992737,,,,
"Batch standard deviation",,,0,,,0,,,0,,,0,,,0,,,0,,,0,,,0,,,0,,,0,,,0,,,,
,,,,,,,,,,,,,,,,,,,,,,,,,,,,,,,,,,,,,
"Equivalent circuit",,,,,,,,,,,,,,,,,,,,,,,,,,,,,,,,,,,,,
R1+Q2/R2+Q3/R3+Q4/R4+W5,,,,,,,,,,,,,,,,,,,,,,,,,,,,,,,,,,,,,
