,,,R1/Ohm,"Std err. R1/Ohm","Rank R1","Q2/F.s^(a - 1)","Std err. Q2/F.s^(a - 1)","Rank Q2",a2/,"Std err. a2","Rank a2",R2,"Std err. R2/Ohm","Rank R2","Q3/F.s^(a - 1)","Std err. Q3/F.s^(a - 1)","Rank Q3",a3/,"Std err. a3","Rank a3",R3,"Std err. R3/Ohm","Rank R3","Q4/F.s^(a - 1)","Std err. Q4/F.s^(a - 1)","Rank Q4",a4/,"Std err. a4","Rank a4",R4,"Std err. R4/Ohm","Rank R4",s5/Ohm.s^-1/2,"Std err. s5/Ohm.s^-1/2","Rank s5",Chi^2/|Z|^2,Chi/sqrt(N)/Ohm
C:\Users\HOME\Desktop\JupyterWorkspace\ALBATROSS_Paper\250925_EIS\4\250926225821_27(4-4).mpr,"Cycle 0",,3.05800008773804,xxxx,0.731563421828909,7.32499984223978E-6,xxxx,0.342182890855457,0.871399998664856,xxxx,0.581120943952802,4.29099988937378,xxxx,0.8023598820059,6.66900014039129E-5,xxxx,0.781710914454277,0.759100019931793,xxxx,1,62.2200012207031,xxxx,0.932153392330383,0.00444740100729957,0.000177200941756963,0.59882005899705,0.748035309459912,0.0108262503807925,0.820058997050147,27.1773897284085,0.646539976351619,0.457227138643068,2.79329763659624,0.435575674576495,0.351032448377581,0.00241933523192534,0.460156219532187
,,,,,,,,,,,,,,,,,,,,,,,,,,,,,,,,,,,,,
"Batch mean",,,3.05800008773804,,,7.32499984223978E-6,,,0.871399998664856,,,4.29099988937378,,,6.66900014039129E-5,,,0.759100019931793,,,62.2200012207031,,,0.00444740103557706,,,0.748035311698914,,,27.1773891448975,,,2.79329752922058,,,,
"Batch standard deviation",,,0,,,0,,,0,,,0,,,0,,,0,,,0,,,0,,,0,,,0,,,0,,,,
,,,,,,,,,,,,,,,,,,,,,,,,,,,,,,,,,,,,,
"Equivalent circuit",,,,,,,,,,,,,,,,,,,,,,,,,,,,,,,,,,,,,
R1+Q2/R2+Q3/R3+Q4/R4+W5,,,,,,,,,,,,,,,,,,,,,,,,,,,,,,,,,,,,,
