,,,R1/Ohm,"Std err. R1/Ohm","Rank R1","Q2/F.s^(a - 1)","Std err. Q2/F.s^(a - 1)","Rank Q2",a2/,"Std err. a2","Rank a2",R2,"Std err. R2/Ohm","Rank R2","Q3/F.s^(a - 1)","Std err. Q3/F.s^(a - 1)","Rank Q3",a3/,"Std err. a3","Rank a3",R3,"Std err. R3/Ohm","Rank R3","Q4/F.s^(a - 1)","Std err. Q4/F.s^(a - 1)","Rank Q4",a4/,"Std err. a4","Rank a4",R4,"Std err. R4/Ohm","Rank R4",s5/Ohm.s^-1/2,"Std err. s5/Ohm.s^-1/2","Rank s5",Chi^2/|Z|^2,Chi/sqrt(N)/Ohm
C:\Users\HOME\Desktop\JupyterWorkspace\ALBATROSS_Paper\250925_EIS\4\250927012405_46(6-7).mpr,"Cycle 0",,4.43900012969971,xxxx,0.796407185628743,2.76899991149548E-5,xxxx,0.356287425149701,0.719799995422363,xxxx,0.61377245508982,6.18400001525879,xxxx,0.877245508982036,4.93900006404147E-5,xxxx,0.739520958083832,0.792800009250641,xxxx,1,53.3699989318848,xxxx,0.931137724550898,0.00734314814215332,0.000222766657686923,0.598802395209581,0.627719022727563,0.00737795494372768,0.823353293413174,23.3447161458722,0.349512756837028,0.467065868263473,1.60190110908341,0.153534473277715,0.305389221556886,0.0009200727107229,0.257099593375855
,,,,,,,,,,,,,,,,,,,,,,,,,,,,,,,,,,,,,
"Batch mean",,,4.43900012969971,,,2.76899991149548E-5,,,0.719799995422363,,,6.18400001525879,,,4.93900006404147E-5,,,0.792800009250641,,,53.3699989318848,,,0.00734314834699035,,,0.627719044685364,,,23.3447170257568,,,1.60190105438232,,,,
"Batch standard deviation",,,0,,,0,,,0,,,0,,,0,,,0,,,0,,,0,,,0,,,0,,,0,,,,
,,,,,,,,,,,,,,,,,,,,,,,,,,,,,,,,,,,,,
"Equivalent circuit",,,,,,,,,,,,,,,,,,,,,,,,,,,,,,,,,,,,,
R1+Q2/R2+Q3/R3+Q4/R4+W5,,,,,,,,,,,,,,,,,,,,,,,,,,,,,,,,,,,,,
