,,,R1/Ohm,"Std err. R1/Ohm","Rank R1","Q2/F.s^(a - 1)","Std err. Q2/F.s^(a - 1)","Rank Q2",a2/,"Std err. a2","Rank a2",R2,"Std err. R2/Ohm","Rank R2","Q3/F.s^(a - 1)","Std err. Q3/F.s^(a - 1)","Rank Q3",a3/,"Std err. a3","Rank a3",R3,"Std err. R3/Ohm","Rank R3","Q4/F.s^(a - 1)","Std err. Q4/F.s^(a - 1)","Rank Q4",a4/,"Std err. a4","Rank a4",R4,"Std err. R4/Ohm","Rank R4",s5/Ohm.s^-1/2,"Std err. s5/Ohm.s^-1/2","Rank s5",Chi^2/|Z|^2,Chi/sqrt(N)/Ohm
C:\Users\HOME\Desktop\JupyterWorkspace\ALBATROSS_Paper\250925_EIS\4\250927031757_47(6-8).mpr,"Cycle 0",,3.4300000667572,xxxx,0.857988165680473,2.55700001616788E-6,xxxx,0.316568047337278,0.972699999809265,xxxx,0.553254437869823,3.03699994087219,xxxx,0.686390532544379,8.2589998783078E-5,xxxx,0.77810650887574,0.739300012588501,xxxx,1,45.939998626709,xxxx,0.940828402366864,0.00652512195853967,0.00033331292678493,0.624260355029586,0.659275589664449,0.013273265268467,0.846153846153846,22.096559362267,0.412048467986869,0.482248520710059,1.77983871586615,0.17787545561421,0.334319526627219,0.00447177616777009,0.456851559444688
,,,,,,,,,,,,,,,,,,,,,,,,,,,,,,,,,,,,,
"Batch mean",,,3.4300000667572,,,2.55700001616788E-6,,,0.972699999809265,,,3.03699994087219,,,8.2589998783078E-5,,,0.739300012588501,,,45.939998626709,,,0.00652512209489942,,,0.659275591373444,,,22.0965595245361,,,1.77983868122101,,,,
"Batch standard deviation",,,0,,,0,,,0,,,0,,,0,,,0,,,0,,,0,,,0,,,0,,,0,,,,
,,,,,,,,,,,,,,,,,,,,,,,,,,,,,,,,,,,,,
"Equivalent circuit",,,,,,,,,,,,,,,,,,,,,,,,,,,,,,,,,,,,,
R1+Q2/R2+Q3/R3+Q4/R4+W5,,,,,,,,,,,,,,,,,,,,,,,,,,,,,,,,,,,,,
