,,,R1/Ohm,"Std err. R1/Ohm","Rank R1","Q2/F.s^(a - 1)","Std err. Q2/F.s^(a - 1)","Rank Q2",a2/,"Std err. a2","Rank a2",R2,"Std err. R2/Ohm","Rank R2","Q3/F.s^(a - 1)","Std err. Q3/F.s^(a - 1)","Rank Q3",a3/,"Std err. a3","Rank a3",R3,"Std err. R3/Ohm","Rank R3","Q4/F.s^(a - 1)","Std err. Q4/F.s^(a - 1)","Rank Q4",a4/,"Std err. a4","Rank a4",R4,"Std err. R4/Ohm","Rank R4",s5/Ohm.s^-1/2,"Std err. s5/Ohm.s^-1/2","Rank s5",Chi^2/|Z|^2,Chi/sqrt(N)/Ohm
C:\Users\HOME\Desktop\JupyterWorkspace\ALBATROSS_Paper\250925_EIS\4\250927004124_40(6-1).mpr,"Cycle 0",,3.8529999256134,xxxx,0.785074626865672,6.84899987390963E-6,xxxx,0.346268656716418,0.878799974918365,xxxx,0.591044776119403,4.44199991226196,xxxx,0.826865671641791,5.42900015716441E-5,xxxx,0.767164179104478,0.779799997806549,xxxx,1,54.9599990844727,xxxx,0.946268656716418,0.00478096814017996,0.000212411438500727,0.588059701492537,0.743557280138628,0.012496025366898,0.814925373134328,22.888044515634,0.414552481011742,0.465671641791045,2.4566215135509,0.23062282077228,0.355223880597015,0.00188802658455212,0.368990630034288
,,,,,,,,,,,,,,,,,,,,,,,,,,,,,,,,,,,,,
"Batch mean",,,3.8529999256134,,,6.84899987390963E-6,,,0.878799974918365,,,4.44199991226196,,,5.42900015716441E-5,,,0.779799997806549,,,54.9599990844727,,,0.00478096818551421,,,0.743557274341583,,,22.8880443572998,,,2.45662140846252,,,,
"Batch standard deviation",,,0,,,0,,,0,,,0,,,0,,,0,,,0,,,0,,,0,,,0,,,0,,,,
,,,,,,,,,,,,,,,,,,,,,,,,,,,,,,,,,,,,,
"Equivalent circuit",,,,,,,,,,,,,,,,,,,,,,,,,,,,,,,,,,,,,
R1+Q2/R2+Q3/R3+Q4/R4+W5,,,,,,,,,,,,,,,,,,,,,,,,,,,,,,,,,,,,,
