,,,R1/Ohm,"Std err. R1/Ohm","Rank R1","Q2/F.s^(a - 1)","Std err. Q2/F.s^(a - 1)","Rank Q2",a2/,"Std err. a2","Rank a2",R2,"Std err. R2/Ohm","Rank R2","Q3/F.s^(a - 1)","Std err. Q3/F.s^(a - 1)","Rank Q3",a3/,"Std err. a3","Rank a3",R3,"Std err. R3/Ohm","Rank R3","Q4/F.s^(a - 1)","Std err. Q4/F.s^(a - 1)","Rank Q4",a4/,"Std err. a4","Rank a4",R4,"Std err. R4/Ohm","Rank R4",s5/Ohm.s^-1/2,"Std err. s5/Ohm.s^-1/2","Rank s5",Chi^2/|Z|^2,Chi/sqrt(N)/Ohm
C:\Users\HOME\Desktop\JupyterWorkspace\ALBATROSS_Paper\250925_EIS\4\250926201705_6(1-7).mpr,"Cycle 0",,2.75399994850159,xxxx,0.711764705882353,3.59600016963668E-5,xxxx,0.364705882352941,0.70990002155304,xxxx,0.605882352941176,5.83199977874756,xxxx,0.847058823529412,5.51900011487305E-5,xxxx,0.758823529411765,0.780499994754791,xxxx,1,66.3499984741211,xxxx,0.932352941176471,0.00359648958100899,0.000144532324753028,0.552941176470588,0.826751372808994,0.0119561542642057,0.785294117647059,26.5040014668481,0.575703041237008,0.435294117647059,3.71850586464845,0.448697915345102,0.382352941176471,0.00309429746694821,0.444346497661902
,,,,,,,,,,,,,,,,,,,,,,,,,,,,,,,,,,,,,
"Batch mean",,,2.75399994850159,,,3.59600016963668E-5,,,0.70990002155304,,,5.83199977874756,,,5.51900011487305E-5,,,0.780499994754791,,,66.3499984741211,,,0.00359648955054581,,,0.826751351356506,,,26.5040016174316,,,3.718505859375,,,,
"Batch standard deviation",,,0,,,0,,,0,,,0,,,0,,,0,,,0,,,0,,,0,,,0,,,0,,,,
,,,,,,,,,,,,,,,,,,,,,,,,,,,,,,,,,,,,,
"Equivalent circuit",,,,,,,,,,,,,,,,,,,,,,,,,,,,,,,,,,,,,
R1+Q2/R2+Q3/R3+Q4/R4+W5,,,,,,,,,,,,,,,,,,,,,,,,,,,,,,,,,,,,,
