,,,R1/Ohm,"Std err. R1/Ohm","Rank R1","Q2/F.s^(a - 1)","Std err. Q2/F.s^(a - 1)","Rank Q2",a2/,"Std err. a2","Rank a2",R2,"Std err. R2/Ohm","Rank R2","Q3/F.s^(a - 1)","Std err. Q3/F.s^(a - 1)","Rank Q3",a3/,"Std err. a3","Rank a3",R3,"Std err. R3/Ohm","Rank R3","Q4/F.s^(a - 1)","Std err. Q4/F.s^(a - 1)","Rank Q4",a4/,"Std err. a4","Rank a4",R4,"Std err. R4/Ohm","Rank R4",s5/Ohm.s^-1/2,"Std err. s5/Ohm.s^-1/2","Rank s5",Chi^2/|Z|^2,Chi/sqrt(N)/Ohm
C:\Users\HOME\Desktop\JupyterWorkspace\ALBATROSS_Paper\250925_EIS\4\250926224239_25(4-2).mpr,"Cycle 0",,3.31299996376038,xxxx,0.742603550295858,6.67499989503995E-6,xxxx,0.355029585798817,0.882300019264221,xxxx,0.594674556213018,4.82000017166138,xxxx,0.807692307692308,6.64399995002896E-5,xxxx,0.775147928994083,0.759500026702881,xxxx,1,62.9799995422363,xxxx,0.931952662721894,0.0039533500224762,0.000184215473856604,0.582840236686391,0.778078045204275,0.0132305124833069,0.801775147928994,26.3615899103802,0.674172738513677,0.452662721893491,3.68324271385406,0.485636407988282,0.375739644970414,0.00291456233749804,0.495335546845739
,,,,,,,,,,,,,,,,,,,,,,,,,,,,,,,,,,,,,
"Batch mean",,,3.31299996376038,,,6.67499989503995E-6,,,0.882300019264221,,,4.82000017166138,,,6.64399995002896E-5,,,0.759500026702881,,,62.9799995422363,,,0.00395335024222732,,,0.778078019618988,,,26.3615894317627,,,3.68324279785156,,,,
"Batch standard deviation",,,0,,,0,,,0,,,0,,,0,,,0,,,0,,,0,,,0,,,0,,,0,,,,
,,,,,,,,,,,,,,,,,,,,,,,,,,,,,,,,,,,,,
"Equivalent circuit",,,,,,,,,,,,,,,,,,,,,,,,,,,,,,,,,,,,,
R1+Q2/R2+Q3/R3+Q4/R4+W5,,,,,,,,,,,,,,,,,,,,,,,,,,,,,,,,,,,,,
