,,,R1/Ohm,"Std err. R1/Ohm","Rank R1","Q2/F.s^(a - 1)","Std err. Q2/F.s^(a - 1)","Rank Q2",a2/,"Std err. a2","Rank a2",R2,"Std err. R2/Ohm","Rank R2","Q3/F.s^(a - 1)","Std err. Q3/F.s^(a - 1)","Rank Q3",a3/,"Std err. a3","Rank a3",R3,"Std err. R3/Ohm","Rank R3","Q4/F.s^(a - 1)","Std err. Q4/F.s^(a - 1)","Rank Q4",a4/,"Std err. a4","Rank a4",R4,"Std err. R4/Ohm","Rank R4",s5/Ohm.s^-1/2,"Std err. s5/Ohm.s^-1/2","Rank s5",Chi^2/|Z|^2,Chi/sqrt(N)/Ohm
C:\Users\HOME\Desktop\JupyterWorkspace\ALBATROSS_Paper\250925_EIS\4\250927003238_39(5-8).mpr,"Cycle 0",,3.59999990463257,xxxx,0.761904761904762,7.41599978937302E-6,xxxx,0.345238095238095,0.827099978923798,xxxx,0.586309523809524,5.58599996566772,xxxx,0.875,6.20999999227934E-5,xxxx,0.75,0.766799986362457,xxxx,1,55.939998626709,xxxx,0.94047619047619,0.00502245556421066,0.000262226823254194,0.580357142857143,0.733093745079914,0.0151340441811776,0.800595238095238,22.9717242738505,0.565299476600346,0.461309523809524,2.97908412141363,0.355562160375907,0.363095238095238,0.00276037633027007,0.50367564554704
,,,,,,,,,,,,,,,,,,,,,,,,,,,,,,,,,,,,,
"Batch mean",,,3.59999990463257,,,7.41599978937302E-6,,,0.827099978923798,,,5.58599996566772,,,6.20999999227934E-5,,,0.766799986362457,,,55.939998626709,,,0.00502245547249913,,,0.733093738555908,,,22.9717235565186,,,2.97908401489258,,,,
"Batch standard deviation",,,0,,,0,,,0,,,0,,,0,,,0,,,0,,,0,,,0,,,0,,,0,,,,
,,,,,,,,,,,,,,,,,,,,,,,,,,,,,,,,,,,,,
"Equivalent circuit",,,,,,,,,,,,,,,,,,,,,,,,,,,,,,,,,,,,,
R1+Q2/R2+Q3/R3+Q4/R4+W5,,,,,,,,,,,,,,,,,,,,,,,,,,,,,,,,,,,,,
