,,,R1/Ohm,"Std err. R1/Ohm","Rank R1","Q2/F.s^(a - 1)","Std err. Q2/F.s^(a - 1)","Rank Q2",a2/,"Std err. a2","Rank a2",R2,"Std err. R2/Ohm","Rank R2","Q3/F.s^(a - 1)","Std err. Q3/F.s^(a - 1)","Rank Q3",a3/,"Std err. a3","Rank a3",R3,"Std err. R3/Ohm","Rank R3","Q4/F.s^(a - 1)","Std err. Q4/F.s^(a - 1)","Rank Q4",a4/,"Std err. a4","Rank a4",R4,"Std err. R4/Ohm","Rank R4",s5/Ohm.s^-1/2,"Std err. s5/Ohm.s^-1/2","Rank s5",Chi^2/|Z|^2,Chi/sqrt(N)/Ohm
C:\Users\HOME\Desktop\JupyterWorkspace\ALBATROSS_Paper\250925_EIS\4\250926200209_4(1-5).mpr,"Cycle 0",,2.85599994659424,xxxx,0.724340175953079,1.31999995574006E-5,xxxx,0.331378299120235,0.821300029754639,xxxx,0.56891495601173,3.56500005722046,xxxx,0.774193548387097,5.92299984418787E-5,xxxx,0.788856304985337,0.768599987030029,xxxx,1,62.7400016784668,xxxx,0.932551319648094,0.00427011119712056,0.000204975151729355,0.595307917888563,0.765143075851085,0.0148199148224213,0.81524926686217,26.9518975231722,0.620070766240541,0.454545454545455,2.94568979934156,0.372155928208039,0.36950146627566,0.00385090912942578,0.483762909904961
,,,,,,,,,,,,,,,,,,,,,,,,,,,,,,,,,,,,,
"Batch mean",,,2.85599994659424,,,1.31999995574006E-5,,,0.821300029754639,,,3.56500005722046,,,5.92299984418787E-5,,,0.768599987030029,,,62.7400016784668,,,0.00427011121064425,,,0.765143096446991,,,26.9518966674805,,,2.94568991661072,,,,
"Batch standard deviation",,,0,,,0,,,0,,,0,,,0,,,0,,,0,,,0,,,0,,,0,,,0,,,,
,,,,,,,,,,,,,,,,,,,,,,,,,,,,,,,,,,,,,
"Equivalent circuit",,,,,,,,,,,,,,,,,,,,,,,,,,,,,,,,,,,,,
R1+Q2/R2+Q3/R3+Q4/R4+W5,,,,,,,,,,,,,,,,,,,,,,,,,,,,,,,,,,,,,
