,,,R1/Ohm,"Std err. R1/Ohm","Rank R1","Q2/F.s^(a - 1)","Std err. Q2/F.s^(a - 1)","Rank Q2",a2/,"Std err. a2","Rank a2",R2,"Std err. R2/Ohm","Rank R2","Q3/F.s^(a - 1)","Std err. Q3/F.s^(a - 1)","Rank Q3",a3/,"Std err. a3","Rank a3",R3,"Std err. R3/Ohm","Rank R3","Q4/F.s^(a - 1)","Std err. Q4/F.s^(a - 1)","Rank Q4",a4/,"Std err. a4","Rank a4",R4,"Std err. R4/Ohm","Rank R4",s5/Ohm.s^-1/2,"Std err. s5/Ohm.s^-1/2","Rank s5",Chi^2/|Z|^2,Chi/sqrt(N)/Ohm
C:\Users\HOME\Desktop\JupyterWorkspace\ALBATROSS_Paper\250925_EIS\4\250926221834_22(3-7).mpr,"Cycle 0",,3.21000003814697,xxxx,0.742603550295858,1.09499997051898E-5,xxxx,0.36094674556213,0.839900016784668,xxxx,0.606508875739645,5.03999996185303,xxxx,0.807692307692308,6.63099999655969E-5,xxxx,0.78698224852071,0.760599970817566,xxxx,1,64.6900024414063,xxxx,0.940828402366864,0.00321417193470977,0.000206178232477393,0.538461538461538,0.856235742827144,0.0185150830134489,0.784023668639053,26.7326647304786,0.748888964603807,0.440828402366864,4.27738057877507,0.544316669186461,0.411242603550296,0.00667404588578762,0.6450943526795
,,,,,,,,,,,,,,,,,,,,,,,,,,,,,,,,,,,,,
"Batch mean",,,3.21000003814697,,,1.09499997051898E-5,,,0.839900016784668,,,5.03999996185303,,,6.63099999655969E-5,,,0.760599970817566,,,64.6900024414063,,,0.00321417185477912,,,0.85623574256897,,,26.7326641082764,,,4.27738046646118,,,,
"Batch standard deviation",,,0,,,0,,,0,,,0,,,0,,,0,,,0,,,0,,,0,,,0,,,0,,,,
,,,,,,,,,,,,,,,,,,,,,,,,,,,,,,,,,,,,,
"Equivalent circuit",,,,,,,,,,,,,,,,,,,,,,,,,,,,,,,,,,,,,
R1+Q2/R2+Q3/R3+Q4/R4+W5,,,,,,,,,,,,,,,,,,,,,,,,,,,,,,,,,,,,,
