,,,R1/Ohm,"Std err. R1/Ohm","Rank R1","Q2/F.s^(a - 1)","Std err. Q2/F.s^(a - 1)","Rank Q2",a2/,"Std err. a2","Rank a2",R2,"Std err. R2/Ohm","Rank R2","Q3/F.s^(a - 1)","Std err. Q3/F.s^(a - 1)","Rank Q3",a3/,"Std err. a3","Rank a3",R3,"Std err. R3/Ohm","Rank R3","Q4/F.s^(a - 1)","Std err. Q4/F.s^(a - 1)","Rank Q4",a4/,"Std err. a4","Rank a4",R4,"Std err. R4/Ohm","Rank R4",s5/Ohm.s^-1/2,"Std err. s5/Ohm.s^-1/2","Rank s5",Chi^2/|Z|^2,Chi/sqrt(N)/Ohm
C:\Users\HOME\Desktop\JupyterWorkspace\ALBATROSS_Paper\250925_EIS\4\250926205312_11(2-4).mpr,"Cycle 0",,3.07500004768372,xxxx,0.732352941176471,9.79499964159913E-6,xxxx,0.338235294117647,0.856599986553192,xxxx,0.570588235294118,3.57200002670288,xxxx,0.773529411764706,5.77499995415565E-5,xxxx,0.788235294117647,0.773999989032745,xxxx,1,65.0999984741211,xxxx,0.932352941176471,0.00394741123996134,0.000153096197938142,0.585294117647059,0.798173652136661,0.0120761461675697,0.808823529411765,26.7756859740628,0.597330209864542,0.45,3.73362002255838,0.410026648359639,0.397058823529412,0.00338883095876532,0.43032236494944
,,,,,,,,,,,,,,,,,,,,,,,,,,,,,,,,,,,,,
"Batch mean",,,3.07500004768372,,,9.79499964159913E-6,,,0.856599986553192,,,3.57200002670288,,,5.77499995415565E-5,,,0.773999989032745,,,65.0999984741211,,,0.00394741119816899,,,0.798173666000366,,,26.7756862640381,,,3.73361992835999,,,,
"Batch standard deviation",,,0,,,0,,,0,,,0,,,0,,,0,,,0,,,0,,,0,,,0,,,0,,,,
,,,,,,,,,,,,,,,,,,,,,,,,,,,,,,,,,,,,,
"Equivalent circuit",,,,,,,,,,,,,,,,,,,,,,,,,,,,,,,,,,,,,
R1+Q2/R2+Q3/R3+Q4/R4+W5,,,,,,,,,,,,,,,,,,,,,,,,,,,,,,,,,,,,,
