,,,R1/Ohm,"Std err. R1/Ohm","Rank R1","Q2/F.s^(a - 1)","Std err. Q2/F.s^(a - 1)","Rank Q2",a2/,"Std err. a2","Rank a2",R2,"Std err. R2/Ohm","Rank R2","Q3/F.s^(a - 1)","Std err. Q3/F.s^(a - 1)","Rank Q3",a3/,"Std err. a3","Rank a3",R3,"Std err. R3/Ohm","Rank R3","Q4/F.s^(a - 1)","Std err. Q4/F.s^(a - 1)","Rank Q4",a4/,"Std err. a4","Rank a4",R4,"Std err. R4/Ohm","Rank R4",s5/Ohm.s^-1/2,"Std err. s5/Ohm.s^-1/2","Rank s5",Chi^2/|Z|^2,Chi/sqrt(N)/Ohm
C:\Users\HOME\Desktop\JupyterWorkspace\ALBATROSS_Paper\250925_EIS\4\250926232343_30(4-7).mpr,"Cycle 0",,3.44000005722046,xxxx,0.751479289940828,4.74999978905544E-6,xxxx,0.340236686390533,0.904999971389771,xxxx,0.579881656804734,4.39799976348877,xxxx,0.813609467455621,6.26499968348071E-5,xxxx,0.772189349112426,0.765600025653839,xxxx,1,59.75,xxxx,0.937869822485207,0.00437131271217213,0.000189814425178771,0.591715976331361,0.760949760675716,0.0113468476087971,0.807692307692308,26.0242464120524,0.537782180099244,0.455621301775148,2.98355056512034,0.353364189448273,0.369822485207101,0.00255812091572419,0.428154403120678
,,,,,,,,,,,,,,,,,,,,,,,,,,,,,,,,,,,,,
"Batch mean",,,3.44000005722046,,,4.74999978905544E-6,,,0.904999971389771,,,4.39799976348877,,,6.26499968348071E-5,,,0.765600025653839,,,59.75,,,0.00437131291255355,,,0.760949790477753,,,26.0242462158203,,,2.98355054855347,,,,
"Batch standard deviation",,,0,,,0,,,0,,,0,,,0,,,0,,,0,,,0,,,0,,,0,,,0,,,,
,,,,,,,,,,,,,,,,,,,,,,,,,,,,,,,,,,,,,
"Equivalent circuit",,,,,,,,,,,,,,,,,,,,,,,,,,,,,,,,,,,,,
R1+Q2/R2+Q3/R3+Q4/R4+W5,,,,,,,,,,,,,,,,,,,,,,,,,,,,,,,,,,,,,
