,,,R1/Ohm,"Std err. R1/Ohm","Rank R1","Q2/F.s^(a - 1)","Std err. Q2/F.s^(a - 1)","Rank Q2",a2/,"Std err. a2","Rank a2",R2,"Std err. R2/Ohm","Rank R2","Q3/F.s^(a - 1)","Std err. Q3/F.s^(a - 1)","Rank Q3",a3/,"Std err. a3","Rank a3",R3,"Std err. R3/Ohm","Rank R3","Q4/F.s^(a - 1)","Std err. Q4/F.s^(a - 1)","Rank Q4",a4/,"Std err. a4","Rank a4",R4,"Std err. R4/Ohm","Rank R4",s5/Ohm.s^-1/2,"Std err. s5/Ohm.s^-1/2","Rank s5",Chi^2/|Z|^2,Chi/sqrt(N)/Ohm
C:\Users\HOME\Desktop\JupyterWorkspace\ALBATROSS_Paper\250925_EIS\4\250927004938_41(6-2).mpr,"Cycle 0",,3.77457136691689,0.0377287567945713,0.770833333333333,7.47202615313414E-6,7.30895404279723E-7,0.348214285714286,0.859136567595713,0.00932407463111906,0.586309523809524,4.7834749294949,0.0597283289882695,0.839285714285714,6.04400011070538E-5,xxxx,0.758928571428571,0.768700003623962,xxxx,1,54.6500015258789,xxxx,0.943452380952381,0.00496499985456467,xxxx,0.583333333333333,0.737999975681305,xxxx,0.803571428571429,22.3500003814697,xxxx,0.464285714285714,3.21000003814697,xxxx,0.366071428571429,0.00168009691569393,0.364175434580064
,,,,,,,,,,,,,,,,,,,,,,,,,,,,,,,,,,,,,
"Batch mean",,,3.77457141876221,,,7.47202602724428E-6,,,0.859136581420898,,,4.78347492218018,,,6.04400011070538E-5,,,0.768700003623962,,,54.6500015258789,,,0.00496499985456467,,,0.737999975681305,,,22.3500003814697,,,3.21000003814697,,,,
"Batch standard deviation",,,0,,,0,,,0,,,0,,,0,,,0,,,0,,,0,,,0,,,0,,,0,,,,
,,,,,,,,,,,,,,,,,,,,,,,,,,,,,,,,,,,,,
"Equivalent circuit",,,,,,,,,,,,,,,,,,,,,,,,,,,,,,,,,,,,,
R1+Q2/R2+Q3/R3+Q4/R4+W5,,,,,,,,,,,,,,,,,,,,,,,,,,,,,,,,,,,,,
