,,,R1/Ohm,"Std err. R1/Ohm","Rank R1","Q2/F.s^(a - 1)","Std err. Q2/F.s^(a - 1)","Rank Q2",a2/,"Std err. a2","Rank a2",R2,"Std err. R2/Ohm","Rank R2","Q3/F.s^(a - 1)","Std err. Q3/F.s^(a - 1)","Rank Q3",a3/,"Std err. a3","Rank a3",R3,"Std err. R3/Ohm","Rank R3","Q4/F.s^(a - 1)","Std err. Q4/F.s^(a - 1)","Rank Q4",a4/,"Std err. a4","Rank a4",R4,"Std err. R4/Ohm","Rank R4",s5/Ohm.s^-1/2,"Std err. s5/Ohm.s^-1/2","Rank s5",Chi^2/|Z|^2,Chi/sqrt(N)/Ohm
C:\Users\HOME\Desktop\JupyterWorkspace\ALBATROSS_Paper\250925_EIS\4\250927001416_37(5-6).mpr,"Cycle 0",,2.99900007247925,xxxx,0.738505747126437,8.10399978945497E-6,xxxx,0.364942528735632,0.824500024318695,xxxx,0.609195402298851,5.73600006103516,xxxx,0.85632183908046,5.8410001656739E-5,xxxx,0.75,0.773000001907349,xxxx,1,57.5800018310547,xxxx,0.910919540229885,0.00493100006133318,xxxx,0.580459770114943,0.736800014972687,xxxx,0.795977011494253,24.1700000762939,xxxx,0.448275862068966,2.38508725282279,0.688566968378782,0.341954022988506,1.23462238437693,1.41902236343674
,,,,,,,,,,,,,,,,,,,,,,,,,,,,,,,,,,,,,
"Batch mean",,,2.99900007247925,,,8.10399978945497E-6,,,0.824500024318695,,,5.73600006103516,,,5.8410001656739E-5,,,0.773000001907349,,,57.5800018310547,,,0.00493100006133318,,,0.736800014972687,,,24.1700000762939,,,2.38508725166321,,,,
"Batch standard deviation",,,0,,,0,,,0,,,0,,,0,,,0,,,0,,,0,,,0,,,0,,,0,,,,
,,,,,,,,,,,,,,,,,,,,,,,,,,,,,,,,,,,,,
"Equivalent circuit",,,,,,,,,,,,,,,,,,,,,,,,,,,,,,,,,,,,,
R1+Q2/R2+Q3/R3+Q4/R4+W5,,,,,,,,,,,,,,,,,,,,,,,,,,,,,,,,,,,,,
