,,,R1/Ohm,"Std err. R1/Ohm","Rank R1","Q2/F.s^(a - 1)","Std err. Q2/F.s^(a - 1)","Rank Q2",a2/,"Std err. a2","Rank a2",R2,"Std err. R2/Ohm","Rank R2","Q3/F.s^(a - 1)","Std err. Q3/F.s^(a - 1)","Rank Q3",a3/,"Std err. a3","Rank a3",R3,"Std err. R3/Ohm","Rank R3","Q4/F.s^(a - 1)","Std err. Q4/F.s^(a - 1)","Rank Q4",a4/,"Std err. a4","Rank a4",R4,"Std err. R4/Ohm","Rank R4",s5/Ohm.s^-1/2,"Std err. s5/Ohm.s^-1/2","Rank s5",Chi^2/|Z|^2,Chi/sqrt(N)/Ohm
C:\Users\HOME\Desktop\JupyterWorkspace\ALBATROSS_Paper\250925_EIS\4\250926234103_32(5-1).mpr,"Cycle 0",,3.42499995231628,xxxx,0.751479289940828,5.94399989495287E-6,xxxx,0.340236686390533,0.889999985694885,xxxx,0.579881656804734,4.19799995422363,xxxx,0.810650887573965,5.82700013183057E-5,xxxx,0.772189349112426,0.77319997549057,xxxx,1,59.1300010681152,xxxx,0.937869822485207,0.00429029954185359,0.000203275908425372,0.591715976331361,0.769838028210526,0.0131759793485704,0.807692307692308,24.7288556705643,0.472947224754931,0.458579881656805,2.92881204394023,0.303910990723134,0.369822485207101,0.00257160312733682,0.456297396234485
,,,,,,,,,,,,,,,,,,,,,,,,,,,,,,,,,,,,,
"Batch mean",,,3.42499995231628,,,5.94399989495287E-6,,,0.889999985694885,,,4.19799995422363,,,5.82700013183057E-5,,,0.77319997549057,,,59.1300010681152,,,0.00429029949009418,,,0.769838035106659,,,24.7288551330566,,,2.92881202697754,,,,
"Batch standard deviation",,,0,,,0,,,0,,,0,,,0,,,0,,,0,,,0,,,0,,,0,,,0,,,,
,,,,,,,,,,,,,,,,,,,,,,,,,,,,,,,,,,,,,
"Equivalent circuit",,,,,,,,,,,,,,,,,,,,,,,,,,,,,,,,,,,,,
R1+Q2/R2+Q3/R3+Q4/R4+W5,,,,,,,,,,,,,,,,,,,,,,,,,,,,,,,,,,,,,
