,,,R1/Ohm,"Std err. R1/Ohm","Rank R1","Q2/F.s^(a - 1)","Std err. Q2/F.s^(a - 1)","Rank Q2",a2/,"Std err. a2","Rank a2",R2,"Std err. R2/Ohm","Rank R2","Q3/F.s^(a - 1)","Std err. Q3/F.s^(a - 1)","Rank Q3",a3/,"Std err. a3","Rank a3",R3,"Std err. R3/Ohm","Rank R3","Q4/F.s^(a - 1)","Std err. Q4/F.s^(a - 1)","Rank Q4",a4/,"Std err. a4","Rank a4",R4,"Std err. R4/Ohm","Rank R4",s5/Ohm.s^-1/2,"Std err. s5/Ohm.s^-1/2","Rank s5",Chi^2/|Z|^2,Chi/sqrt(N)/Ohm
C:\Users\HOME\Desktop\JupyterWorkspace\ALBATROSS_Paper\250925_EIS\4\250927011515_45(6-6).mpr,"Cycle 0",,3.4539999961853,xxxx,0.755223880597015,1.50300002133008E-5,xxxx,0.346268656716418,0.758599996566772,xxxx,0.6,6.49499988555908,xxxx,0.898507462686567,5.23999988217838E-5,xxxx,0.740298507462687,0.78710001707077,xxxx,1,53.7299995422363,xxxx,0.925373134328358,0.00682452668212159,0.000221111627807519,0.591044776119403,0.642516094981447,0.00742052741711653,0.823880597014925,21.9702036728467,0.336769589687447,0.465671641791045,2.40807506034592,0.162365728509487,0.340298507462687,0.00122673707942835,0.23919811965338
,,,,,,,,,,,,,,,,,,,,,,,,,,,,,,,,,,,,,
"Batch mean",,,3.4539999961853,,,1.50300002133008E-5,,,0.758599996566772,,,6.49499988555908,,,5.23999988217838E-5,,,0.78710001707077,,,53.7299995422363,,,0.00682452647015452,,,0.642516076564789,,,21.9702033996582,,,2.40807509422302,,,,
"Batch standard deviation",,,0,,,0,,,0,,,0,,,0,,,0,,,0,,,0,,,0,,,0,,,0,,,,
,,,,,,,,,,,,,,,,,,,,,,,,,,,,,,,,,,,,,
"Equivalent circuit",,,,,,,,,,,,,,,,,,,,,,,,,,,,,,,,,,,,,
R1+Q2/R2+Q3/R3+Q4/R4+W5,,,,,,,,,,,,,,,,,,,,,,,,,,,,,,,,,,,,,
