,,,R1/Ohm,"Std err. R1/Ohm","Rank R1","Q2/F.s^(a - 1)","Std err. Q2/F.s^(a - 1)","Rank Q2",a2/,"Std err. a2","Rank a2",R2,"Std err. R2/Ohm","Rank R2","Q3/F.s^(a - 1)","Std err. Q3/F.s^(a - 1)","Rank Q3",a3/,"Std err. a3","Rank a3",R3,"Std err. R3/Ohm","Rank R3","Q4/F.s^(a - 1)","Std err. Q4/F.s^(a - 1)","Rank Q4",a4/,"Std err. a4","Rank a4",R4,"Std err. R4/Ohm","Rank R4",s5/Ohm.s^-1/2,"Std err. s5/Ohm.s^-1/2","Rank s5",Chi^2/|Z|^2,Chi/sqrt(N)/Ohm
C:\Users\HOME\Desktop\JupyterWorkspace\ALBATROSS_Paper\250925_EIS\4\250926221014_21(3-6).mpr,"Cycle 0",,2.95300006866455,xxxx,0.727810650887574,3.92900001315866E-5,xxxx,0.369822485207101,0.707400023937225,xxxx,0.618343195266272,5.89499998092651,xxxx,0.843195266272189,5.46900009794626E-5,xxxx,0.763313609467456,0.782700002193451,xxxx,1,66.0800018310547,xxxx,0.928994082840237,0.00408941113287533,0.000181092029359021,0.56508875739645,0.79855590217488,0.0120975471165115,0.798816568047337,26.7260216767519,0.584500153893132,0.437869822485207,3.36310374731835,0.399161192837517,0.366863905325444,0.00303255798248265,0.423169977974859
,,,,,,,,,,,,,,,,,,,,,,,,,,,,,,,,,,,,,
"Batch mean",,,2.95300006866455,,,3.92900001315866E-5,,,0.707400023937225,,,5.89499998092651,,,5.46900009794626E-5,,,0.782700002193451,,,66.0800018310547,,,0.00408941134810448,,,0.798555910587311,,,26.7260208129883,,,3.36310362815857,,,,
"Batch standard deviation",,,0,,,0,,,0,,,0,,,0,,,0,,,0,,,0,,,0,,,0,,,0,,,,
,,,,,,,,,,,,,,,,,,,,,,,,,,,,,,,,,,,,,
"Equivalent circuit",,,,,,,,,,,,,,,,,,,,,,,,,,,,,,,,,,,,,
R1+Q2/R2+Q3/R3+Q4/R4+W5,,,,,,,,,,,,,,,,,,,,,,,,,,,,,,,,,,,,,
