,,,R1/Ohm,"Std err. R1/Ohm","Rank R1","Q2/F.s^(a - 1)","Std err. Q2/F.s^(a - 1)","Rank Q2",a2/,"Std err. a2","Rank a2",R2,"Std err. R2/Ohm","Rank R2","Q3/F.s^(a - 1)","Std err. Q3/F.s^(a - 1)","Rank Q3",a3/,"Std err. a3","Rank a3",R3,"Std err. R3/Ohm","Rank R3","Q4/F.s^(a - 1)","Std err. Q4/F.s^(a - 1)","Rank Q4",a4/,"Std err. a4","Rank a4",R4,"Std err. R4/Ohm","Rank R4",s5/Ohm.s^-1/2,"Std err. s5/Ohm.s^-1/2","Rank s5",Chi^2/|Z|^2,Chi/sqrt(N)/Ohm
C:\Users\HOME\Desktop\JupyterWorkspace\ALBATROSS_Paper\250925_EIS\4\250927000527_36(5-5).mpr,"Cycle 0",,2.99900007247925,xxxx,0.729970326409496,8.10399978945497E-6,xxxx,0.350148367952522,0.824500024318695,xxxx,0.593471810089021,5.73600006103516,xxxx,0.86646884272997,5.8410001656739E-5,xxxx,0.753709198813056,0.773000001907349,xxxx,1,57.5800018310547,xxxx,0.934718100890208,0.00493140782335715,0.000297304852054489,0.584569732937685,0.736822042433818,0.0154178483517919,0.807121661721068,24.1694171258027,0.689868674772022,0.459940652818991,3.00959225475218,0.426645933691416,0.362017804154303,0.00274845514527861,0.479530192246622
,,,,,,,,,,,,,,,,,,,,,,,,,,,,,,,,,,,,,
"Batch mean",,,2.99900007247925,,,8.10399978945497E-6,,,0.824500024318695,,,5.73600006103516,,,5.8410001656739E-5,,,0.773000001907349,,,57.5800018310547,,,0.00493140798062086,,,0.736822068691254,,,24.1694164276123,,,3.00959229469299,,,,
"Batch standard deviation",,,0,,,0,,,0,,,0,,,0,,,0,,,0,,,0,,,0,,,0,,,0,,,,
,,,,,,,,,,,,,,,,,,,,,,,,,,,,,,,,,,,,,
"Equivalent circuit",,,,,,,,,,,,,,,,,,,,,,,,,,,,,,,,,,,,,
R1+Q2/R2+Q3/R3+Q4/R4+W5,,,,,,,,,,,,,,,,,,,,,,,,,,,,,,,,,,,,,
