,,,R1/Ohm,"Std err. R1/Ohm","Rank R1","Q2/F.s^(a - 1)","Std err. Q2/F.s^(a - 1)","Rank Q2",a2/,"Std err. a2","Rank a2",R2,"Std err. R2/Ohm","Rank R2","Q3/F.s^(a - 1)","Std err. Q3/F.s^(a - 1)","Rank Q3",a3/,"Std err. a3","Rank a3",R3,"Std err. R3/Ohm","Rank R3","Q4/F.s^(a - 1)","Std err. Q4/F.s^(a - 1)","Rank Q4",a4/,"Std err. a4","Rank a4",R4,"Std err. R4/Ohm","Rank R4",s5/Ohm.s^-1/2,"Std err. s5/Ohm.s^-1/2","Rank s5",Chi^2/|Z|^2,Chi/sqrt(N)/Ohm
C:\Users\HOME\Desktop\JupyterWorkspace\ALBATROSS_Paper\250925_EIS\4\250926223510_24(4-1).mpr,"Cycle 0",,3.24300003051758,xxxx,0.742603550295858,5.40800010639941E-6,xxxx,0.340236686390533,0.903900027275085,xxxx,0.582840236686391,4.30399990081787,xxxx,0.801775147928994,6.22399966232479E-5,xxxx,0.781065088757396,0.766499996185303,xxxx,1,63.4500007629395,xxxx,0.93491124260355,0.00413137770250265,0.00019571142126925,0.597633136094675,0.775311699716862,0.0133870197918317,0.801775147928994,26.9167325979128,0.680776403944441,0.452662721893491,3.66367064375059,0.437849573057315,0.384615384615385,0.00324224001374797,0.432618104881815
,,,,,,,,,,,,,,,,,,,,,,,,,,,,,,,,,,,,,
"Batch mean",,,3.24300003051758,,,5.40800010639941E-6,,,0.903900027275085,,,4.30399990081787,,,6.22399966232479E-5,,,0.766499996185303,,,63.4500007629395,,,0.00413137767463923,,,0.775311708450317,,,26.9167327880859,,,3.66367053985596,,,,
"Batch standard deviation",,,0,,,0,,,0,,,0,,,0,,,0,,,0,,,0,,,0,,,0,,,0,,,,
,,,,,,,,,,,,,,,,,,,,,,,,,,,,,,,,,,,,,
"Equivalent circuit",,,,,,,,,,,,,,,,,,,,,,,,,,,,,,,,,,,,,
R1+Q2/R2+Q3/R3+Q4/R4+W5,,,,,,,,,,,,,,,,,,,,,,,,,,,,,,,,,,,,,
