,,,R1/Ohm,"Std err. R1/Ohm","Rank R1","Q2/F.s^(a - 1)","Std err. Q2/F.s^(a - 1)","Rank Q2",a2/,"Std err. a2","Rank a2",R2,"Std err. R2/Ohm","Rank R2","Q3/F.s^(a - 1)","Std err. Q3/F.s^(a - 1)","Rank Q3",a3/,"Std err. a3","Rank a3",R3,"Std err. R3/Ohm","Rank R3","Q4/F.s^(a - 1)","Std err. Q4/F.s^(a - 1)","Rank Q4",a4/,"Std err. a4","Rank a4",R4,"Std err. R4/Ohm","Rank R4",s5/Ohm.s^-1/2,"Std err. s5/Ohm.s^-1/2","Rank s5",Chi^2/|Z|^2,Chi/sqrt(N)/Ohm
C:\Users\HOME\Desktop\JupyterWorkspace\ALBATROSS_Paper\250925_EIS\4\250926200929_5(1-6).mpr,"Cycle 0",,3.10800004005432,xxxx,0.73900293255132,6.92499997967388E-6,xxxx,0.334310850439883,0.879700005054474,xxxx,0.563049853372434,3.57100009918213,xxxx,0.774193548387097,6.65900006424636E-5,xxxx,0.788856304985337,0.758199989795685,xxxx,1,64.2900009155273,xxxx,0.929618768328446,0.00399666619207101,0.000193093339814764,0.589442815249267,0.78636553425245,0.0128052569096848,0.806451612903226,26.4532608803663,0.616712467549352,0.451612903225806,3.41641114951871,0.437338068399588,0.378299120234604,0.0045068895571178,0.483571100763941
,,,,,,,,,,,,,,,,,,,,,,,,,,,,,,,,,,,,,
"Batch mean",,,3.10800004005432,,,6.92499997967388E-6,,,0.879700005054474,,,3.57100009918213,,,6.65900006424636E-5,,,0.758199989795685,,,64.2900009155273,,,0.00399666605517268,,,0.786365509033203,,,26.4532604217529,,,3.41641116142273,,,,
"Batch standard deviation",,,0,,,0,,,0,,,0,,,0,,,0,,,0,,,0,,,0,,,0,,,0,,,,
,,,,,,,,,,,,,,,,,,,,,,,,,,,,,,,,,,,,,
"Equivalent circuit",,,,,,,,,,,,,,,,,,,,,,,,,,,,,,,,,,,,,
R1+Q2/R2+Q3/R3+Q4/R4+W5,,,,,,,,,,,,,,,,,,,,,,,,,,,,,,,,,,,,,
