,,,R1/Ohm,"Std err. R1/Ohm","Rank R1","Q2/F.s^(a - 1)","Std err. Q2/F.s^(a - 1)","Rank Q2",a2/,"Std err. a2","Rank a2",R2,"Std err. R2/Ohm","Rank R2","Q3/F.s^(a - 1)","Std err. Q3/F.s^(a - 1)","Rank Q3",a3/,"Std err. a3","Rank a3",R3,"Std err. R3/Ohm","Rank R3","Q4/F.s^(a - 1)","Std err. Q4/F.s^(a - 1)","Rank Q4",a4/,"Std err. a4","Rank a4",R4,"Std err. R4/Ohm","Rank R4",s5/Ohm.s^-1/2,"Std err. s5/Ohm.s^-1/2","Rank s5",Chi^2/|Z|^2,Chi/sqrt(N)/Ohm
C:\Users\HOME\Desktop\JupyterWorkspace\ALBATROSS_Paper\250925_EIS\4\250926195502_3(1-4).mpr,"Cycle 0",,3.30399990081787,xxxx,0.736070381231672,4.85000009575742E-6,xxxx,0.337243401759531,0.916800022125244,xxxx,0.577712609970675,4.04500007629395,xxxx,0.777126099706745,7.0809997851029E-5,xxxx,0.788856304985337,0.752300024032593,xxxx,1,65.0400009155273,xxxx,0.929618768328446,0.00380176213335109,0.000194652828555439,0.574780058651026,0.800859472544316,0.0135472857156519,0.797653958944281,27.0419270902734,0.642875426622136,0.448680351906158,3.67943094859097,0.447191971408137,0.387096774193548,0.00229714533299414,0.47136426728629
,,,,,,,,,,,,,,,,,,,,,,,,,,,,,,,,,,,,,
"Batch mean",,,3.30399990081787,,,4.85000009575742E-6,,,0.916800022125244,,,4.04500007629395,,,7.0809997851029E-5,,,0.752300024032593,,,65.0400009155273,,,0.00380176212638617,,,0.800859451293945,,,27.0419273376465,,,3.67943096160889,,,,
"Batch standard deviation",,,0,,,0,,,0,,,0,,,0,,,0,,,0,,,0,,,0,,,0,,,0,,,,
,,,,,,,,,,,,,,,,,,,,,,,,,,,,,,,,,,,,,
"Equivalent circuit",,,,,,,,,,,,,,,,,,,,,,,,,,,,,,,,,,,,,
R1+Q2/R2+Q3/R3+Q4/R4+W5,,,,,,,,,,,,,,,,,,,,,,,,,,,,,,,,,,,,,
