,,,R1/Ohm,"Std err. R1/Ohm","Rank R1","Q2/F.s^(a - 1)","Std err. Q2/F.s^(a - 1)","Rank Q2",a2/,"Std err. a2","Rank a2",R2,"Std err. R2/Ohm","Rank R2","Q3/F.s^(a - 1)","Std err. Q3/F.s^(a - 1)","Rank Q3",a3/,"Std err. a3","Rank a3",R3,"Std err. R3/Ohm","Rank R3","Q4/F.s^(a - 1)","Std err. Q4/F.s^(a - 1)","Rank Q4",a4/,"Std err. a4","Rank a4",R4,"Std err. R4/Ohm","Rank R4",s5/Ohm.s^-1/2,"Std err. s5/Ohm.s^-1/2","Rank s5",Chi^2/|Z|^2,Chi/sqrt(N)/Ohm
C:\Users\HOME\Desktop\JupyterWorkspace\ALBATROSS_Paper\250925_EIS\4\250926215417_19(3-4).mpr,"Cycle 0",,3.46199989318848,xxxx,0.755162241887906,2.26800002565142E-5,xxxx,0.348082595870207,0.774999976158142,xxxx,0.589970501474926,4.24399995803833,xxxx,0.787610619469027,5.28800010215491E-5,xxxx,0.781710914454277,0.783900022506714,xxxx,1,66.4400024414063,xxxx,0.929203539823009,0.00410570760835034,0.000197186567145144,0.584070796460177,0.791171138333793,0.0137421650603521,0.805309734513274,27.4699772222998,0.796544002598851,0.442477876106195,3.29528503031932,0.567270097748249,0.374631268436578,0.00339857811672119,0.522186071990014
,,,,,,,,,,,,,,,,,,,,,,,,,,,,,,,,,,,,,
"Batch mean",,,3.46199989318848,,,2.26800002565142E-5,,,0.774999976158142,,,4.24399995803833,,,5.28800010215491E-5,,,0.783900022506714,,,66.4400024414063,,,0.0041057076305151,,,0.791171133518219,,,27.4699764251709,,,3.29528498649597,,,,
"Batch standard deviation",,,0,,,0,,,0,,,0,,,0,,,0,,,0,,,0,,,0,,,0,,,0,,,,
,,,,,,,,,,,,,,,,,,,,,,,,,,,,,,,,,,,,,
"Equivalent circuit",,,,,,,,,,,,,,,,,,,,,,,,,,,,,,,,,,,,,
R1+Q2/R2+Q3/R3+Q4/R4+W5,,,,,,,,,,,,,,,,,,,,,,,,,,,,,,,,,,,,,
