,,,R1/Ohm,"Std err. R1/Ohm","Rank R1","Q2/F.s^(a - 1)","Std err. Q2/F.s^(a - 1)","Rank Q2",a2/,"Std err. a2","Rank a2",R2,"Std err. R2/Ohm","Rank R2","Q3/F.s^(a - 1)","Std err. Q3/F.s^(a - 1)","Rank Q3",a3/,"Std err. a3","Rank a3",R3,"Std err. R3/Ohm","Rank R3","Q4/F.s^(a - 1)","Std err. Q4/F.s^(a - 1)","Rank Q4",a4/,"Std err. a4","Rank a4",R4,"Std err. R4/Ohm","Rank R4",s5/Ohm.s^-1/2,"Std err. s5/Ohm.s^-1/2","Rank s5",Chi^2/|Z|^2,Chi/sqrt(N)/Ohm
C:\Users\HOME\Desktop\JupyterWorkspace\ALBATROSS_Paper\250925_EIS\4\250926235659_34(5-3).mpr,"Cycle 0",,4.11299991607666,xxxx,0.783382789317507,1.17099998533376E-5,xxxx,0.350148367952522,0.81879997253418,xxxx,0.587537091988131,4.66300010681152,xxxx,0.818991097922849,5.96399986534379E-5,xxxx,0.768545994065282,0.771700024604797,xxxx,1,58.9799995422363,xxxx,0.940652818991098,0.00445023937847563,0.000193690291903183,0.578635014836795,0.769239658893363,0.0127650252147532,0.798219584569733,24.4975430442652,0.538496137415333,0.451038575667656,3.13028484816723,0.330816617319132,0.364985163204748,0.00166022007998238,0.413388142351849
,,,,,,,,,,,,,,,,,,,,,,,,,,,,,,,,,,,,,
"Batch mean",,,4.11299991607666,,,1.17099998533376E-5,,,0.81879997253418,,,4.66300010681152,,,5.96399986534379E-5,,,0.771700024604797,,,58.9799995422363,,,0.0044502392411232,,,0.769239664077759,,,24.4975433349609,,,3.13028478622437,,,,
"Batch standard deviation",,,0,,,0,,,0,,,0,,,0,,,0,,,0,,,0,,,0,,,0,,,0,,,,
,,,,,,,,,,,,,,,,,,,,,,,,,,,,,,,,,,,,,
"Equivalent circuit",,,,,,,,,,,,,,,,,,,,,,,,,,,,,,,,,,,,,
R1+Q2/R2+Q3/R3+Q4/R4+W5,,,,,,,,,,,,,,,,,,,,,,,,,,,,,,,,,,,,,
