,,,R1/Ohm,"Std err. R1/Ohm","Rank R1","Q2/F.s^(a - 1)","Std err. Q2/F.s^(a - 1)","Rank Q2",a2/,"Std err. a2","Rank a2",R2,"Std err. R2/Ohm","Rank R2","Q3/F.s^(a - 1)","Std err. Q3/F.s^(a - 1)","Rank Q3",a3/,"Std err. a3","Rank a3",R3,"Std err. R3/Ohm","Rank R3","Q4/F.s^(a - 1)","Std err. Q4/F.s^(a - 1)","Rank Q4",a4/,"Std err. a4","Rank a4",R4,"Std err. R4/Ohm","Rank R4",s5/Ohm.s^-1/2,"Std err. s5/Ohm.s^-1/2","Rank s5",Chi^2/|Z|^2,Chi/sqrt(N)/Ohm
C:\Users\HOME\Desktop\JupyterWorkspace\ALBATROSS_Paper\250925_EIS\4\250926210042_12(2-5).mpr,"Cycle 0",,3.55599999427795,xxxx,0.773529411764706,1.16600003821077E-5,xxxx,0.338235294117647,0.839600026607513,xxxx,0.567647058823529,3.60700011253357,xxxx,0.755882352941176,5.85599991609342E-5,xxxx,0.782352941176471,0.77319997549057,xxxx,1,65.7399978637695,xxxx,0.932352941176471,0.00399009078565489,0.000221787298989305,0.579411764705882,0.796684839920173,0.0153129893538957,0.805882352941176,26.9053700306607,0.767131350006368,0.45,3.57660577870458,0.513691165036629,0.391176470588235,0.00273117743547699,0.542295195984449
,,,,,,,,,,,,,,,,,,,,,,,,,,,,,,,,,,,,,
"Batch mean",,,3.55599999427795,,,1.16600003821077E-5,,,0.839600026607513,,,3.60700011253357,,,5.85599991609342E-5,,,0.77319997549057,,,65.7399978637695,,,0.0039900909177959,,,0.796684861183167,,,26.9053707122803,,,3.57660579681396,,,,
"Batch standard deviation",,,0,,,0,,,0,,,0,,,0,,,0,,,0,,,0,,,0,,,0,,,0,,,,
,,,,,,,,,,,,,,,,,,,,,,,,,,,,,,,,,,,,,
"Equivalent circuit",,,,,,,,,,,,,,,,,,,,,,,,,,,,,,,,,,,,,
R1+Q2/R2+Q3/R3+Q4/R4+W5,,,,,,,,,,,,,,,,,,,,,,,,,,,,,,,,,,,,,
