,,,R1/Ohm,"Std err. R1/Ohm","Rank R1","Q2/F.s^(a - 1)","Std err. Q2/F.s^(a - 1)","Rank Q2",a2/,"Std err. a2","Rank a2",R2,"Std err. R2/Ohm","Rank R2","Q3/F.s^(a - 1)","Std err. Q3/F.s^(a - 1)","Rank Q3",a3/,"Std err. a3","Rank a3",R3,"Std err. R3/Ohm","Rank R3","Q4/F.s^(a - 1)","Std err. Q4/F.s^(a - 1)","Rank Q4",a4/,"Std err. a4","Rank a4",R4,"Std err. R4/Ohm","Rank R4",s5/Ohm.s^-1/2,"Std err. s5/Ohm.s^-1/2","Rank s5",Chi^2/|Z|^2,Chi/sqrt(N)/Ohm
C:\Users\HOME\Desktop\JupyterWorkspace\ALBATROSS_Paper\250925_EIS\4\250927002320_38(5-7).mpr,"Cycle 0",,4.2960000038147,xxxx,0.791666666666667,5.92700007473468E-6,xxxx,0.339285714285714,0.850199997425079,xxxx,0.577380952380952,4.86700010299683,xxxx,0.842261904761905,5.98699989495799E-5,xxxx,0.755952380952381,0.769599974155426,xxxx,1,55.9799995422363,xxxx,0.943452380952381,0.00495706435731869,0.000275973039486623,0.583333333333333,0.751100549378129,0.016241159905853,0.803571428571429,23.8032506749288,0.674149773006017,0.455357142857143,3.20883192999871,0.419444209623933,0.37202380952381,0.00310578690632824,0.497200769005158
,,,,,,,,,,,,,,,,,,,,,,,,,,,,,,,,,,,,,
"Batch mean",,,4.2960000038147,,,5.92700007473468E-6,,,0.850199997425079,,,4.86700010299683,,,5.98699989495799E-5,,,0.769599974155426,,,55.9799995422363,,,0.00495706452056766,,,0.751100540161133,,,23.8032512664795,,,3.20883202552795,,,,
"Batch standard deviation",,,0,,,0,,,0,,,0,,,0,,,0,,,0,,,0,,,0,,,0,,,0,,,,
,,,,,,,,,,,,,,,,,,,,,,,,,,,,,,,,,,,,,
"Equivalent circuit",,,,,,,,,,,,,,,,,,,,,,,,,,,,,,,,,,,,,
R1+Q2/R2+Q3/R3+Q4/R4+W5,,,,,,,,,,,,,,,,,,,,,,,,,,,,,,,,,,,,,
