,,,R1/Ohm,"Std err. R1/Ohm","Rank R1","Q2/F.s^(a - 1)","Std err. Q2/F.s^(a - 1)","Rank Q2",a2/,"Std err. a2","Rank a2",R2,"Std err. R2/Ohm","Rank R2","Q3/F.s^(a - 1)","Std err. Q3/F.s^(a - 1)","Rank Q3",a3/,"Std err. a3","Rank a3",R3,"Std err. R3/Ohm","Rank R3","Q4/F.s^(a - 1)","Std err. Q4/F.s^(a - 1)","Rank Q4",a4/,"Std err. a4","Rank a4",R4,"Std err. R4/Ohm","Rank R4",s5/Ohm.s^-1/2,"Std err. s5/Ohm.s^-1/2","Rank s5",Chi^2/|Z|^2,Chi/sqrt(N)/Ohm
C:\Users\HOME\Desktop\JupyterWorkspace\ALBATROSS_Paper\250925_EIS\4\250926213919_17(3-2).mpr,"Cycle 0",,3.04399991035461,xxxx,0.733727810650888,4.9680002121022E-6,xxxx,0.340236686390533,0.910399973392487,xxxx,0.582840236686391,4.2189998626709,xxxx,0.801775147928994,5.85000016144477E-5,xxxx,0.78698224852071,0.772700011730194,xxxx,1,65.0299987792969,xxxx,0.937869822485207,0.00404507280878035,0.000196482210848428,0.591715976331361,0.789874046075485,0.013410716290038,0.810650887573965,26.8938056746135,0.673728098824127,0.449704142011834,3.41819953294818,0.435356344505566,0.384615384615385,0.00657971471128713,0.46468920490952
,,,,,,,,,,,,,,,,,,,,,,,,,,,,,,,,,,,,,
"Batch mean",,,3.04399991035461,,,4.9680002121022E-6,,,0.910399973392487,,,4.2189998626709,,,5.85000016144477E-5,,,0.772700011730194,,,65.0299987792969,,,0.00404507294297218,,,0.789874017238617,,,26.8938064575195,,,3.41819953918457,,,,
"Batch standard deviation",,,0,,,0,,,0,,,0,,,0,,,0,,,0,,,0,,,0,,,0,,,0,,,,
,,,,,,,,,,,,,,,,,,,,,,,,,,,,,,,,,,,,,
"Equivalent circuit",,,,,,,,,,,,,,,,,,,,,,,,,,,,,,,,,,,,,
R1+Q2/R2+Q3/R3+Q4/R4+W5,,,,,,,,,,,,,,,,,,,,,,,,,,,,,,,,,,,,,
