,,,R1/Ohm,"Std err. R1/Ohm","Rank R1","Q2/F.s^(a - 1)","Std err. Q2/F.s^(a - 1)","Rank Q2",a2/,"Std err. a2","Rank a2",R2,"Std err. R2/Ohm","Rank R2","Q3/F.s^(a - 1)","Std err. Q3/F.s^(a - 1)","Rank Q3",a3/,"Std err. a3","Rank a3",R3,"Std err. R3/Ohm","Rank R3","Q4/F.s^(a - 1)","Std err. Q4/F.s^(a - 1)","Rank Q4",a4/,"Std err. a4","Rank a4",R4,"Std err. R4/Ohm","Rank R4",s5/Ohm.s^-1/2,"Std err. s5/Ohm.s^-1/2","Rank s5",Chi^2/|Z|^2,Chi/sqrt(N)/Ohm
C:\Users\HOME\Desktop\JupyterWorkspace\ALBATROSS_Paper\250925_EIS\4\250926230634_28(4-5).mpr,"Cycle 0",,3.13100004196167,xxxx,0.741935483870968,1.07400001070346E-5,xxxx,0.32258064516129,0.82779997587204,xxxx,0.563049853372434,3.50399994850159,xxxx,0.780058651026393,6.23500018264167E-5,xxxx,0.774193548387097,0.763899981975555,xxxx,1,59.9599990844727,xxxx,0.935483870967742,0.00432110725176808,0.000195377457201551,0.598240469208211,0.751243946855237,0.0116415057006178,0.818181818181818,26.4669236795307,0.731230936379078,0.457478005865103,2.81278767369121,0.476783422366046,0.363636363636364,0.0023731623653943,0.445674036012775
,,,,,,,,,,,,,,,,,,,,,,,,,,,,,,,,,,,,,
"Batch mean",,,3.13100004196167,,,1.07400001070346E-5,,,0.82779997587204,,,3.50399994850159,,,6.23500018264167E-5,,,0.763899981975555,,,59.9599990844727,,,0.00432110717520118,,,0.751243948936462,,,26.4669227600098,,,2.81278777122498,,,,
"Batch standard deviation",,,0,,,0,,,0,,,0,,,0,,,0,,,0,,,0,,,0,,,0,,,0,,,,
,,,,,,,,,,,,,,,,,,,,,,,,,,,,,,,,,,,,,
"Equivalent circuit",,,,,,,,,,,,,,,,,,,,,,,,,,,,,,,,,,,,,
R1+Q2/R2+Q3/R3+Q4/R4+W5,,,,,,,,,,,,,,,,,,,,,,,,,,,,,,,,,,,,,
