,,,R1/Ohm,"Std err. R1/Ohm","Rank R1","Q2/F.s^(a - 1)","Std err. Q2/F.s^(a - 1)","Rank Q2",a2/,"Std err. a2","Rank a2",R2,"Std err. R2/Ohm","Rank R2","Q3/F.s^(a - 1)","Std err. Q3/F.s^(a - 1)","Rank Q3",a3/,"Std err. a3","Rank a3",R3,"Std err. R3/Ohm","Rank R3","Q4/F.s^(a - 1)","Std err. Q4/F.s^(a - 1)","Rank Q4",a4/,"Std err. a4","Rank a4",R4,"Std err. R4/Ohm","Rank R4",s5/Ohm.s^-1/2,"Std err. s5/Ohm.s^-1/2","Rank s5",Chi^2/|Z|^2,Chi/sqrt(N)/Ohm
C:\Users\HOME\Desktop\JupyterWorkspace\ALBATROSS_Paper\250925_EIS\4\250926194810_2(1-3).mpr,"Cycle 0",,3.43300008773804,xxxx,0.738235294117647,4.31599983130582E-6,xxxx,0.338235294117647,0.925700008869171,xxxx,0.579411764705882,4.2189998626709,xxxx,0.782352941176471,6.9200003053993E-5,xxxx,0.791176470588235,0.754800021648407,xxxx,1,65.3600006103516,xxxx,0.929411764705882,0.00395341507796537,0.000185052736693165,0.576470588235294,0.795687364712785,0.0137965042986172,0.8,26.9958581487649,0.738051083492654,0.447058823529412,4.03545549194215,0.45925898294074,0.394117647058823,0.00276132323031842,0.478501829876499
,,,,,,,,,,,,,,,,,,,,,,,,,,,,,,,,,,,,,
"Batch mean",,,3.43300008773804,,,4.31599983130582E-6,,,0.925700008869171,,,4.2189998626709,,,6.9200003053993E-5,,,0.754800021648407,,,65.3600006103516,,,0.00395341496914625,,,0.79568737745285,,,26.9958572387695,,,4.03545570373535,,,,
"Batch standard deviation",,,0,,,0,,,0,,,0,,,0,,,0,,,0,,,0,,,0,,,0,,,0,,,,
,,,,,,,,,,,,,,,,,,,,,,,,,,,,,,,,,,,,,
"Equivalent circuit",,,,,,,,,,,,,,,,,,,,,,,,,,,,,,,,,,,,,
R1+Q2/R2+Q3/R3+Q4/R4+W5,,,,,,,,,,,,,,,,,,,,,,,,,,,,,,,,,,,,,
