,,,R1/Ohm,"Std err. R1/Ohm","Rank R1","Q2/F.s^(a - 1)","Std err. Q2/F.s^(a - 1)","Rank Q2",a2/,"Std err. a2","Rank a2",R2,"Std err. R2/Ohm","Rank R2","Q3/F.s^(a - 1)","Std err. Q3/F.s^(a - 1)","Rank Q3",a3/,"Std err. a3","Rank a3",R3,"Std err. R3/Ohm","Rank R3","Q4/F.s^(a - 1)","Std err. Q4/F.s^(a - 1)","Rank Q4",a4/,"Std err. a4","Rank a4",R4,"Std err. R4/Ohm","Rank R4",s5/Ohm.s^-1/2,"Std err. s5/Ohm.s^-1/2","Rank s5",Chi^2/|Z|^2,Chi/sqrt(N)/Ohm
C:\Users\HOME\Desktop\JupyterWorkspace\ALBATROSS_Paper\250925_EIS\4\250926194133_1(1-2).mpr,"Cycle 0",,2.98200011253357,xxxx,0.719298245614035,7.99999997980194E-6,xxxx,0.339181286549708,0.863600015640259,xxxx,0.578947368421053,4.33199977874756,xxxx,0.786549707602339,6.68700013193302E-5,xxxx,0.786549707602339,0.75900000333786,xxxx,1,66.0999984741211,xxxx,0.921052631578947,0.00443149866224588,0.000266099686895982,0.590643274853801,0.758234432522563,0.0172813529138196,0.807017543859649,27.9754569266678,0.778353693957764,0.447368421052632,3.02829695929726,0.501306287813319,0.35672514619883,0.00470859175157594,0.619212324479464
,,,,,,,,,,,,,,,,,,,,,,,,,,,,,,,,,,,,,
"Batch mean",,,2.98200011253357,,,7.99999997980194E-6,,,0.863600015640259,,,4.33199977874756,,,6.68700013193302E-5,,,0.75900000333786,,,66.0999984741211,,,0.0044314987026155,,,0.758234441280365,,,27.975456237793,,,3.02829694747925,,,,
"Batch standard deviation",,,0,,,0,,,0,,,0,,,0,,,0,,,0,,,0,,,0,,,0,,,0,,,,
,,,,,,,,,,,,,,,,,,,,,,,,,,,,,,,,,,,,,
"Equivalent circuit",,,,,,,,,,,,,,,,,,,,,,,,,,,,,,,,,,,,,
R1+Q2/R2+Q3/R3+Q4/R4+W5,,,,,,,,,,,,,,,,,,,,,,,,,,,,,,,,,,,,,
