,,,R1/Ohm,"Std err. R1/Ohm","Rank R1","Q2/F.s^(a - 1)","Std err. Q2/F.s^(a - 1)","Rank Q2",a2/,"Std err. a2","Rank a2",R2,"Std err. R2/Ohm","Rank R2","Q3/F.s^(a - 1)","Std err. Q3/F.s^(a - 1)","Rank Q3",a3/,"Std err. a3","Rank a3",R3,"Std err. R3/Ohm","Rank R3","Q4/F.s^(a - 1)","Std err. Q4/F.s^(a - 1)","Rank Q4",a4/,"Std err. a4","Rank a4",R4,"Std err. R4/Ohm","Rank R4",s5/Ohm.s^-1/2,"Std err. s5/Ohm.s^-1/2","Rank s5",Chi^2/|Z|^2,Chi/sqrt(N)/Ohm
C:\Users\HOME\Desktop\JupyterWorkspace\ALBATROSS_Paper\250925_EIS\4\250926231501_29(4-6).mpr,"Cycle 0",,5.15548617069903,0.0545685260718298,0.886904761904762,9.4045827643178E-6,1.16024915673245E-6,0.354166666666667,0.842593942326922,0.011873671267668,0.592261904761905,4.93138821643508,0.0829371403370937,0.735119047619048,5.88199982303195E-5,xxxx,0.761904761904762,0.772199988365173,xxxx,1,60.2599983215332,xxxx,0.94047619047619,0.0044539999216795,xxxx,0.577380952380952,0.751699984073639,xxxx,0.803571428571429,25.8999996185303,xxxx,0.455357142857143,2.96000003814697,xxxx,0.357142857142857,0.00284876903976268,0.503901719095681
,,,,,,,,,,,,,,,,,,,,,,,,,,,,,,,,,,,,,
"Batch mean",,,5.15548610687256,,,9.40458266995847E-6,,,0.842593967914581,,,4.93138837814331,,,5.88199982303195E-5,,,0.772199988365173,,,60.2599983215332,,,0.0044539999216795,,,0.751699984073639,,,25.8999996185303,,,2.96000003814697,,,,
"Batch standard deviation",,,0,,,0,,,0,,,0,,,0,,,0,,,0,,,0,,,0,,,0,,,0,,,,
,,,,,,,,,,,,,,,,,,,,,,,,,,,,,,,,,,,,,
"Equivalent circuit",,,,,,,,,,,,,,,,,,,,,,,,,,,,,,,,,,,,,
R1+Q2/R2+Q3/R3+Q4/R4+W5,,,,,,,,,,,,,,,,,,,,,,,,,,,,,,,,,,,,,
