,,,R1/Ohm,"Std err. R1/Ohm","Rank R1","Q2/F.s^(a - 1)","Std err. Q2/F.s^(a - 1)","Rank Q2",a2/,"Std err. a2","Rank a2",R2,"Std err. R2/Ohm","Rank R2","Q3/F.s^(a - 1)","Std err. Q3/F.s^(a - 1)","Rank Q3",a3/,"Std err. a3","Rank a3",R3,"Std err. R3/Ohm","Rank R3","Q4/F.s^(a - 1)","Std err. Q4/F.s^(a - 1)","Rank Q4",a4/,"Std err. a4","Rank a4",R4,"Std err. R4/Ohm","Rank R4",s5/Ohm.s^-1/2,"Std err. s5/Ohm.s^-1/2","Rank s5",Chi^2/|Z|^2,Chi/sqrt(N)/Ohm
C:\Users\HOME\Desktop\JupyterWorkspace\ALBATROSS_Paper\250925_EIS\4\250926225023_26(4-3).mpr,"Cycle 0",,3.11133912180652,0.0679812801726113,0.736070381231672,5.53510221556884E-6,1.17791311876522E-6,0.334310850439883,0.905754800369644,0.0203352396677774,0.565982404692082,3.46200949453848,0.0909085511209205,0.771260997067449,6.53699971735477E-5,xxxx,0.785923753665689,0.760999977588654,xxxx,1,62.7700004577637,xxxx,0.929618768328446,0.00430899998173118,xxxx,0.601173020527859,0.757200002670288,xxxx,0.81524926686217,27.5,xxxx,0.457478005865103,2.84500002861023,xxxx,0.357771260997067,0.00355986274354342,0.425050020712066
,,,,,,,,,,,,,,,,,,,,,,,,,,,,,,,,,,,,,
"Batch mean",,,3.11133909225464,,,5.53510199097218E-6,,,0.905754804611206,,,3.46200942993164,,,6.53699971735477E-5,,,0.760999977588654,,,62.7700004577637,,,0.00430899998173118,,,0.757200002670288,,,27.5,,,2.84500002861023,,,,
"Batch standard deviation",,,0,,,0,,,0,,,0,,,0,,,0,,,0,,,0,,,0,,,0,,,0,,,,
,,,,,,,,,,,,,,,,,,,,,,,,,,,,,,,,,,,,,
"Equivalent circuit",,,,,,,,,,,,,,,,,,,,,,,,,,,,,,,,,,,,,
R1+Q2/R2+Q3/R3+Q4/R4+W5,,,,,,,,,,,,,,,,,,,,,,,,,,,,,,,,,,,,,
