,,,R1/Ohm,"Std err. R1/Ohm","Rank R1","Q2/F.s^(a - 1)","Std err. Q2/F.s^(a - 1)","Rank Q2",a2/,"Std err. a2","Rank a2",R2,"Std err. R2/Ohm","Rank R2","Q3/F.s^(a - 1)","Std err. Q3/F.s^(a - 1)","Rank Q3",a3/,"Std err. a3","Rank a3",R3,"Std err. R3/Ohm","Rank R3","Q4/F.s^(a - 1)","Std err. Q4/F.s^(a - 1)","Rank Q4",a4/,"Std err. a4","Rank a4",R4,"Std err. R4/Ohm","Rank R4",s5/Ohm.s^-1/2,"Std err. s5/Ohm.s^-1/2","Rank s5",Chi^2/|Z|^2,Chi/sqrt(N)/Ohm
C:\Users\HOME\Desktop\JupyterWorkspace\ALBATROSS_Paper\250925_EIS\4\250926204558_10(2-3).mpr,"Cycle 0",,3.02699995040894,xxxx,0.728613569321534,1.90699993254384E-5,xxxx,0.36283185840708,0.763400018215179,xxxx,0.607669616519174,5.88399982452393,xxxx,0.846607669616519,5.7119999837596E-5,xxxx,0.75811209439528,0.776000022888184,xxxx,1,65.9100036621094,xxxx,0.926253687315634,0.00375428086032404,0.000178979416377466,0.563421828908554,0.798511519241071,0.0130491003347574,0.790560471976401,26.2944483669434,0.583147402791614,0.448377581120944,3.3065431234476,0.415376159401249,0.365781710914454,0.00225039910955651,0.470750803514994
,,,,,,,,,,,,,,,,,,,,,,,,,,,,,,,,,,,,,
"Batch mean",,,3.02699995040894,,,1.90699993254384E-5,,,0.763400018215179,,,5.88399982452393,,,5.7119999837596E-5,,,0.776000022888184,,,65.9100036621094,,,0.00375428097322583,,,0.798511505126953,,,26.2944488525391,,,3.30654311180115,,,,
"Batch standard deviation",,,0,,,0,,,0,,,0,,,0,,,0,,,0,,,0,,,0,,,0,,,0,,,,
,,,,,,,,,,,,,,,,,,,,,,,,,,,,,,,,,,,,,
"Equivalent circuit",,,,,,,,,,,,,,,,,,,,,,,,,,,,,,,,,,,,,
R1+Q2/R2+Q3/R3+Q4/R4+W5,,,,,,,,,,,,,,,,,,,,,,,,,,,,,,,,,,,,,
