,,,R1/Ohm,"Std err. R1/Ohm","Rank R1","Q2/F.s^(a - 1)","Std err. Q2/F.s^(a - 1)","Rank Q2",a2/,"Std err. a2","Rank a2",R2,"Std err. R2/Ohm","Rank R2","Q3/F.s^(a - 1)","Std err. Q3/F.s^(a - 1)","Rank Q3",a3/,"Std err. a3","Rank a3",R3,"Std err. R3/Ohm","Rank R3","Q4/F.s^(a - 1)","Std err. Q4/F.s^(a - 1)","Rank Q4",a4/,"Std err. a4","Rank a4",R4,"Std err. R4/Ohm","Rank R4",s5/Ohm.s^-1/2,"Std err. s5/Ohm.s^-1/2","Rank s5",Chi^2/|Z|^2,Chi/sqrt(N)/Ohm
C:\Users\HOME\Desktop\JupyterWorkspace\ALBATROSS_Paper\250925_EIS\4\250927005806_42(6-3).mpr,"Cycle 0",,3.27800011634827,xxxx,0.744047619047619,1.26599998111487E-5,xxxx,0.351190476190476,0.777599990367889,xxxx,0.598214285714286,5.93499994277954,xxxx,0.883928571428571,5.36100014869589E-5,xxxx,0.744047619047619,0.782000005245209,xxxx,1,55.1300010681152,xxxx,0.93452380952381,0.00557244492655945,0.00024638526390488,0.592261904761905,0.709106229316822,0.0112972643219892,0.8125,23.61809032822,0.501860911714343,0.458333333333333,2.2606448410117,0.27681890185967,0.345238095238095,0.00239650356809029,0.329413812282408
,,,,,,,,,,,,,,,,,,,,,,,,,,,,,,,,,,,,,
"Batch mean",,,3.27800011634827,,,1.26599998111487E-5,,,0.777599990367889,,,5.93499994277954,,,5.36100014869589E-5,,,0.782000005245209,,,55.1300010681152,,,0.00557244475930929,,,0.709106206893921,,,23.6180896759033,,,2.26064491271973,,,,
"Batch standard deviation",,,0,,,0,,,0,,,0,,,0,,,0,,,0,,,0,,,0,,,0,,,0,,,,
,,,,,,,,,,,,,,,,,,,,,,,,,,,,,,,,,,,,,
"Equivalent circuit",,,,,,,,,,,,,,,,,,,,,,,,,,,,,,,,,,,,,
R1+Q2/R2+Q3/R3+Q4/R4+W5,,,,,,,,,,,,,,,,,,,,,,,,,,,,,,,,,,,,,
