,,,R1/Ohm,"Std err. R1/Ohm","Rank R1","Q2/F.s^(a - 1)","Std err. Q2/F.s^(a - 1)","Rank Q2",a2/,"Std err. a2","Rank a2",R2,"Std err. R2/Ohm","Rank R2","Q3/F.s^(a - 1)","Std err. Q3/F.s^(a - 1)","Rank Q3",a3/,"Std err. a3","Rank a3",R3,"Std err. R3/Ohm","Rank R3","Q4/F.s^(a - 1)","Std err. Q4/F.s^(a - 1)","Rank Q4",a4/,"Std err. a4","Rank a4",R4,"Std err. R4/Ohm","Rank R4",s5/Ohm.s^-1/2,"Std err. s5/Ohm.s^-1/2","Rank s5",Chi^2/|Z|^2,Chi/sqrt(N)/Ohm
C:\Users\HOME\Desktop\JupyterWorkspace\ALBATROSS_Paper\250925_EIS\4\250926202454_7(1-8).mpr,"Cycle 0",,3.08500003814697,xxxx,0.736686390532544,7.45699981052894E-6,xxxx,0.35207100591716,0.871999979019165,xxxx,0.597633136094675,4.6560001373291,xxxx,0.813609467455621,5.76700003875885E-5,xxxx,0.77810650887574,0.774999976158142,xxxx,1,64.6699981689453,xxxx,0.93491124260355,0.00377778699060954,0.000175161375114884,0.576923076923077,0.800152043017566,0.0127361319618445,0.801775147928994,25.9783176729883,0.541201562942494,0.449704142011834,3.34368047120415,0.359590330545304,0.378698224852071,0.00291102074721571,0.458139693401161
,,,,,,,,,,,,,,,,,,,,,,,,,,,,,,,,,,,,,
"Batch mean",,,3.08500003814697,,,7.45699981052894E-6,,,0.871999979019165,,,4.6560001373291,,,5.76700003875885E-5,,,0.774999976158142,,,64.6699981689453,,,0.00377778708934784,,,0.800152063369751,,,25.9783172607422,,,3.3436803817749,,,,
"Batch standard deviation",,,0,,,0,,,0,,,0,,,0,,,0,,,0,,,0,,,0,,,0,,,0,,,,
,,,,,,,,,,,,,,,,,,,,,,,,,,,,,,,,,,,,,
"Equivalent circuit",,,,,,,,,,,,,,,,,,,,,,,,,,,,,,,,,,,,,
R1+Q2/R2+Q3/R3+Q4/R4+W5,,,,,,,,,,,,,,,,,,,,,,,,,,,,,,,,,,,,,
