,,,R1/Ohm,"Std err. R1/Ohm","Rank R1","Q2/F.s^(a - 1)","Std err. Q2/F.s^(a - 1)","Rank Q2",a2/,"Std err. a2","Rank a2",R2,"Std err. R2/Ohm","Rank R2","Q3/F.s^(a - 1)","Std err. Q3/F.s^(a - 1)","Rank Q3",a3/,"Std err. a3","Rank a3",R3,"Std err. R3/Ohm","Rank R3","Q4/F.s^(a - 1)","Std err. Q4/F.s^(a - 1)","Rank Q4",a4/,"Std err. a4","Rank a4",R4,"Std err. R4/Ohm","Rank R4",s5/Ohm.s^-1/2,"Std err. s5/Ohm.s^-1/2","Rank s5",Chi^2/|Z|^2,Chi/sqrt(N)/Ohm
C:\Users\HOME\Desktop\JupyterWorkspace\ALBATROSS_Paper\250925_EIS\4\250926222708_23(3-8).mpr,"Cycle 0",,3.39400005340576,xxxx,0.735119047619048,3.71700002688158E-6,xxxx,0.363095238095238,0.866900026798248,xxxx,0.610119047619048,8.05599975585938,xxxx,0.895833333333333,6.09900016570464E-5,xxxx,0.74702380952381,0.769900023937225,xxxx,1,65.3199996948242,xxxx,0.931547619047619,0.00395943923054987,0.00019257573968148,0.571428571428571,0.790062746843676,0.0121918419864353,0.791666666666667,27.4797989849342,0.609815013604595,0.443452380952381,3.48814187571369,0.422287600616528,0.375,0.00320221536633207,0.465781023212398
,,,,,,,,,,,,,,,,,,,,,,,,,,,,,,,,,,,,,
"Batch mean",,,3.39400005340576,,,3.71700002688158E-6,,,0.866900026798248,,,8.05599975585938,,,6.09900016570464E-5,,,0.769900023937225,,,65.3199996948242,,,0.00395943922922015,,,0.790062725543976,,,27.4797992706299,,,3.48814177513123,,,,
"Batch standard deviation",,,0,,,0,,,0,,,0,,,0,,,0,,,0,,,0,,,0,,,0,,,0,,,,
,,,,,,,,,,,,,,,,,,,,,,,,,,,,,,,,,,,,,
"Equivalent circuit",,,,,,,,,,,,,,,,,,,,,,,,,,,,,,,,,,,,,
R1+Q2/R2+Q3/R3+Q4/R4+W5,,,,,,,,,,,,,,,,,,,,,,,,,,,,,,,,,,,,,
