,,,R1/Ohm,"Std err. R1/Ohm","Rank R1","Q2/F.s^(a - 1)","Std err. Q2/F.s^(a - 1)","Rank Q2",a2/,"Std err. a2","Rank a2",R2,"Std err. R2/Ohm","Rank R2","Q3/F.s^(a - 1)","Std err. Q3/F.s^(a - 1)","Rank Q3",a3/,"Std err. a3","Rank a3",R3,"Std err. R3/Ohm","Rank R3","Q4/F.s^(a - 1)","Std err. Q4/F.s^(a - 1)","Rank Q4",a4/,"Std err. a4","Rank a4",R4,"Std err. R4/Ohm","Rank R4",s5/Ohm.s^-1/2,"Std err. s5/Ohm.s^-1/2","Rank s5",Chi^2/|Z|^2,Chi/sqrt(N)/Ohm
C:\Users\HOME\Desktop\JupyterWorkspace\ALBATROSS_Paper\250925_EIS\1\250926015151_2(1-3).mpr,"Cycle 0",,2.77500009536743,xxxx,0.717717717717718,6.67399990561535E-6,xxxx,0.354354354354354,0.895699977874756,xxxx,0.597597597597598,4.4980001449585,xxxx,0.78978978978979,5.30600009369664E-5,xxxx,0.786786786786787,0.756099998950958,xxxx,1,56.8800010681152,xxxx,0.984984984984985,0.00360974677894319,5.97941412576405E-5,0.612612612612613,0.807331456425644,0.00690055117959275,0.837837837837838,55.223494489498,1.22779471380274,0.429429429429429,5.28194417490662,0.665547833388416,0.42042042042042,0.00479859381464291,0.375799821602162
,,,,,,,,,,,,,,,,,,,,,,,,,,,,,,,,,,,,,
"Batch mean",,,2.77500009536743,,,6.67399990561535E-6,,,0.895699977874756,,,4.4980001449585,,,5.30600009369664E-5,,,0.756099998950958,,,56.8800010681152,,,0.00360974669456482,,,0.807331442832947,,,55.2234954833984,,,5.28194427490234,,,,
"Batch standard deviation",,,0,,,0,,,0,,,0,,,0,,,0,,,0,,,0,,,0,,,0,,,0,,,,
,,,,,,,,,,,,,,,,,,,,,,,,,,,,,,,,,,,,,
"Equivalent circuit",,,,,,,,,,,,,,,,,,,,,,,,,,,,,,,,,,,,,
R1+Q2/R2+Q3/R3+Q4/R4+W5,,,,,,,,,,,,,,,,,,,,,,,,,,,,,,,,,,,,,
