,,,R1/Ohm,"Std err. R1/Ohm","Rank R1","Q2/F.s^(a - 1)","Std err. Q2/F.s^(a - 1)","Rank Q2",a2/,"Std err. a2","Rank a2",R2,"Std err. R2/Ohm","Rank R2","Q3/F.s^(a - 1)","Std err. Q3/F.s^(a - 1)","Rank Q3",a3/,"Std err. a3","Rank a3",R3,"Std err. R3/Ohm","Rank R3","Q4/F.s^(a - 1)","Std err. Q4/F.s^(a - 1)","Rank Q4",a4/,"Std err. a4","Rank a4",R4,"Std err. R4/Ohm","Rank R4",s5/Ohm.s^-1/2,"Std err. s5/Ohm.s^-1/2","Rank s5",Chi^2/|Z|^2,Chi/sqrt(N)/Ohm
C:\Users\HOME\Desktop\JupyterWorkspace\ALBATROSS_Paper\250925_EIS\1\250926051732_28(4-5).mpr,"Cycle 0",,3.17899990081787,xxxx,0.841791044776119,4.04599995817989E-6,xxxx,0.307462686567164,0.925700008869171,xxxx,0.537313432835821,2.46499991416931,xxxx,0.677611940298508,5.71499986108392E-5,xxxx,0.773134328358209,0.746500015258789,xxxx,0.985074626865672,42.5,xxxx,1,0.00410400234102242,7.83423286453521E-5,0.629850746268657,0.801335672155885,0.00700364996267699,0.853731343283582,47.8449630606263,1.07787921958994,0.444776119402985,4.61846908272694,0.610988914756309,0.435820895522388,0.00176162971733678,0.370662728396301
,,,,,,,,,,,,,,,,,,,,,,,,,,,,,,,,,,,,,
"Batch mean",,,3.17899990081787,,,4.04599995817989E-6,,,0.925700008869171,,,2.46499991416931,,,5.71499986108392E-5,,,0.746500015258789,,,42.5,,,0.00410400237888098,,,0.801335692405701,,,47.8449630737305,,,4.61846923828125,,,,
"Batch standard deviation",,,0,,,0,,,0,,,0,,,0,,,0,,,0,,,0,,,0,,,0,,,0,,,,
,,,,,,,,,,,,,,,,,,,,,,,,,,,,,,,,,,,,,
"Equivalent circuit",,,,,,,,,,,,,,,,,,,,,,,,,,,,,,,,,,,,,
R1+Q2/R2+Q3/R3+Q4/R4+W5,,,,,,,,,,,,,,,,,,,,,,,,,,,,,,,,,,,,,
