,,,R1/Ohm,"Std err. R1/Ohm","Rank R1","Q2/F.s^(a - 1)","Std err. Q2/F.s^(a - 1)","Rank Q2",a2/,"Std err. a2","Rank a2",R2,"Std err. R2/Ohm","Rank R2","Q3/F.s^(a - 1)","Std err. Q3/F.s^(a - 1)","Rank Q3",a3/,"Std err. a3","Rank a3",R3,"Std err. R3/Ohm","Rank R3","Q4/F.s^(a - 1)","Std err. Q4/F.s^(a - 1)","Rank Q4",a4/,"Std err. a4","Rank a4",R4,"Std err. R4/Ohm","Rank R4",s5/Ohm.s^-1/2,"Std err. s5/Ohm.s^-1/2","Rank s5",Chi^2/|Z|^2,Chi/sqrt(N)/Ohm
C:\Users\HOME\Desktop\JupyterWorkspace\ALBATROSS_Paper\250925_EIS\1\250926055947_33(5-2).mpr,"Cycle 0",,2.91899991035461,xxxx,0.835820895522388,3.73500006389804E-6,xxxx,0.307462686567164,0.941500008106232,xxxx,0.543283582089552,2.53900003433228,xxxx,0.686567164179105,5.69799994991627E-5,xxxx,0.773134328358209,0.75,xxxx,0.985074626865672,42.1699981689453,xxxx,1,0.0040498855606928,7.20555102796482E-5,0.617910447761194,0.81977026709578,0.00759679591942041,0.847761194029851,44.8389170246726,0.903504528677829,0.438805970149254,5.06023160462683,0.513333117422612,0.450746268656716,0.00326838043889096,0.39419812060922
,,,,,,,,,,,,,,,,,,,,,,,,,,,,,,,,,,,,,
"Batch mean",,,2.91899991035461,,,3.73500006389804E-6,,,0.941500008106232,,,2.53900003433228,,,5.69799994991627E-5,,,0.75,,,42.1699981689453,,,0.00404988555237651,,,0.819770276546478,,,44.8389167785645,,,5.06023168563843,,,,
"Batch standard deviation",,,0,,,0,,,0,,,0,,,0,,,0,,,0,,,0,,,0,,,0,,,0,,,,
,,,,,,,,,,,,,,,,,,,,,,,,,,,,,,,,,,,,,
"Equivalent circuit",,,,,,,,,,,,,,,,,,,,,,,,,,,,,,,,,,,,,
R1+Q2/R2+Q3/R3+Q4/R4+W5,,,,,,,,,,,,,,,,,,,,,,,,,,,,,,,,,,,,,
