,,,R1/Ohm,"Std err. R1/Ohm","Rank R1","Q2/F.s^(a - 1)","Std err. Q2/F.s^(a - 1)","Rank Q2",a2/,"Std err. a2","Rank a2",R2,"Std err. R2/Ohm","Rank R2","Q3/F.s^(a - 1)","Std err. Q3/F.s^(a - 1)","Rank Q3",a3/,"Std err. a3","Rank a3",R3,"Std err. R3/Ohm","Rank R3","Q4/F.s^(a - 1)","Std err. Q4/F.s^(a - 1)","Rank Q4",a4/,"Std err. a4","Rank a4",R4,"Std err. R4/Ohm","Rank R4",s5/Ohm.s^-1/2,"Std err. s5/Ohm.s^-1/2","Rank s5",Chi^2/|Z|^2,Chi/sqrt(N)/Ohm
C:\Users\HOME\Desktop\JupyterWorkspace\ALBATROSS_Paper\250925_EIS\1\250926032635_14(2-7).mpr,"Cycle 0",,2.71499991416931,xxxx,0.725903614457831,2.37299991567852E-6,xxxx,0.325301204819277,0.99099999666214,xxxx,0.575301204819277,3.41300010681152,xxxx,0.786144578313253,5.72200005990453E-5,xxxx,0.798192771084337,0.745599985122681,xxxx,1,50.5,xxxx,1,0.00385450190379977,6.79451382855834E-5,0.626506024096386,0.798643051933785,0.00648131741238791,0.852409638554217,50.9302237980296,1.00536999971555,0.442771084337349,4.6406972699207,0.568539206786038,0.421686746987952,0.00322245515649115,0.389458678043496
,,,,,,,,,,,,,,,,,,,,,,,,,,,,,,,,,,,,,
"Batch mean",,,2.71499991416931,,,2.37299991567852E-6,,,0.99099999666214,,,3.41300010681152,,,5.72200005990453E-5,,,0.745599985122681,,,50.5,,,0.00385450199246407,,,0.798643052577972,,,50.9302253723145,,,4.64069747924805,,,,
"Batch standard deviation",,,0,,,0,,,0,,,0,,,0,,,0,,,0,,,0,,,0,,,0,,,0,,,,
,,,,,,,,,,,,,,,,,,,,,,,,,,,,,,,,,,,,,
"Equivalent circuit",,,,,,,,,,,,,,,,,,,,,,,,,,,,,,,,,,,,,
R1+Q2/R2+Q3/R3+Q4/R4+W5,,,,,,,,,,,,,,,,,,,,,,,,,,,,,,,,,,,,,
