,,,R1/Ohm,"Std err. R1/Ohm","Rank R1","Q2/F.s^(a - 1)","Std err. Q2/F.s^(a - 1)","Rank Q2",a2/,"Std err. a2","Rank a2",R2,"Std err. R2/Ohm","Rank R2","Q3/F.s^(a - 1)","Std err. Q3/F.s^(a - 1)","Rank Q3",a3/,"Std err. a3","Rank a3",R3,"Std err. R3/Ohm","Rank R3","Q4/F.s^(a - 1)","Std err. Q4/F.s^(a - 1)","Rank Q4",a4/,"Std err. a4","Rank a4",R4,"Std err. R4/Ohm","Rank R4",s5/Ohm.s^-1/2,"Std err. s5/Ohm.s^-1/2","Rank s5",Chi^2/|Z|^2,Chi/sqrt(N)/Ohm
C:\Users\HOME\Desktop\JupyterWorkspace\ALBATROSS_Paper\250925_EIS\1\250926073450_46(6-7).mpr,"Cycle 0",,4.71000003814697,xxxx,0.869047619047619,2.74400008493103E-6,xxxx,0.324404761904762,0.941500008106232,xxxx,0.553571428571429,3.44700002670288,xxxx,0.696428571428571,5.04400013596751E-5,xxxx,0.758928571428571,0.750400006771088,xxxx,0.979166666666667,46.810001373291,xxxx,1,0.00371943246298607,8.40265600240845E-5,0.583333333333333,0.854418465822068,0.00893380778069375,0.818452380952381,44.3294845752508,0.867339298128829,0.425595238095238,5.70318505754755,0.493937622464647,0.455357142857143,0.00321165443125688,0.489551034363048
,,,,,,,,,,,,,,,,,,,,,,,,,,,,,,,,,,,,,
"Batch mean",,,4.71000003814697,,,2.74400008493103E-6,,,0.941500008106232,,,3.44700002670288,,,5.04400013596751E-5,,,0.750400006771088,,,46.810001373291,,,0.00371943251229823,,,0.854418456554413,,,44.3294830322266,,,5.70318508148193,,,,
"Batch standard deviation",,,0,,,0,,,0,,,0,,,0,,,0,,,0,,,0,,,0,,,0,,,0,,,,
,,,,,,,,,,,,,,,,,,,,,,,,,,,,,,,,,,,,,
"Equivalent circuit",,,,,,,,,,,,,,,,,,,,,,,,,,,,,,,,,,,,,
R1+Q2/R2+Q3/R3+Q4/R4+W5,,,,,,,,,,,,,,,,,,,,,,,,,,,,,,,,,,,,,
