,,,R1/Ohm,"Std err. R1/Ohm","Rank R1","Q2/F.s^(a - 1)","Std err. Q2/F.s^(a - 1)","Rank Q2",a2/,"Std err. a2","Rank a2",R2,"Std err. R2/Ohm","Rank R2","Q3/F.s^(a - 1)","Std err. Q3/F.s^(a - 1)","Rank Q3",a3/,"Std err. a3","Rank a3",R3,"Std err. R3/Ohm","Rank R3","Q4/F.s^(a - 1)","Std err. Q4/F.s^(a - 1)","Rank Q4",a4/,"Std err. a4","Rank a4",R4,"Std err. R4/Ohm","Rank R4",s5/Ohm.s^-1/2,"Std err. s5/Ohm.s^-1/2","Rank s5",Chi^2/|Z|^2,Chi/sqrt(N)/Ohm
C:\Users\HOME\Desktop\JupyterWorkspace\ALBATROSS_Paper\250925_EIS\1\250926053439_30(4-7).mpr,"Cycle 0",,3.03900003433228,xxxx,0.744744744744745,4.20400010625599E-6,xxxx,0.339339339339339,0.929700016975403,xxxx,0.582582582582583,3.82100009918213,xxxx,0.795795795795796,5.70500014873687E-5,xxxx,0.75975975975976,0.749899983406067,xxxx,0.981981981981982,43.7400016784668,xxxx,1,0.00374111038455361,7.96134946311682E-5,0.60960960960961,0.827410338355146,0.00818092886706539,0.840840840840841,46.0126095348135,1.0526577290796,0.435435435435435,5.21081767150348,0.65984346595726,0.441441441441441,0.00223257942979445,0.468935564848956
,,,,,,,,,,,,,,,,,,,,,,,,,,,,,,,,,,,,,
"Batch mean",,,3.03900003433228,,,4.20400010625599E-6,,,0.929700016975403,,,3.82100009918213,,,5.70500014873687E-5,,,0.749899983406067,,,43.7400016784668,,,0.00374111044220626,,,0.827410340309143,,,46.0126113891602,,,5.21081781387329,,,,
"Batch standard deviation",,,0,,,0,,,0,,,0,,,0,,,0,,,0,,,0,,,0,,,0,,,0,,,,
,,,,,,,,,,,,,,,,,,,,,,,,,,,,,,,,,,,,,
"Equivalent circuit",,,,,,,,,,,,,,,,,,,,,,,,,,,,,,,,,,,,,
R1+Q2/R2+Q3/R3+Q4/R4+W5,,,,,,,,,,,,,,,,,,,,,,,,,,,,,,,,,,,,,
