,,,R1/Ohm,"Std err. R1/Ohm","Rank R1","Q2/F.s^(a - 1)","Std err. Q2/F.s^(a - 1)","Rank Q2",a2/,"Std err. a2","Rank a2",R2,"Std err. R2/Ohm","Rank R2","Q3/F.s^(a - 1)","Std err. Q3/F.s^(a - 1)","Rank Q3",a3/,"Std err. a3","Rank a3",R3,"Std err. R3/Ohm","Rank R3","Q4/F.s^(a - 1)","Std err. Q4/F.s^(a - 1)","Rank Q4",a4/,"Std err. a4","Rank a4",R4,"Std err. R4/Ohm","Rank R4",s5/Ohm.s^-1/2,"Std err. s5/Ohm.s^-1/2","Rank s5",Chi^2/|Z|^2,Chi/sqrt(N)/Ohm
C:\Users\HOME\Desktop\JupyterWorkspace\ALBATROSS_Paper\250925_EIS\1\250926033447_15(2-8).mpr,"Cycle 0",,3.05999994277954,xxxx,0.747747747747748,2.4890000531741E-6,xxxx,0.324324324324324,0.981599986553192,xxxx,0.570570570570571,3.24600005149841,xxxx,0.774774774774775,5.13699997100048E-5,xxxx,0.792792792792793,0.756099998950958,xxxx,0.990990990990991,49.5699996948242,xxxx,1,0.00374148198891172,8.82140940817099E-5,0.60960960960961,0.824524278783909,0.00960979275968209,0.843843843843844,47.4472654601721,1.25865963463932,0.438438438438438,5.01045977925182,0.718133480844022,0.438438438438438,0.00342074946319995,0.485101103826728
,,,,,,,,,,,,,,,,,,,,,,,,,,,,,,,,,,,,,
"Batch mean",,,3.05999994277954,,,2.4890000531741E-6,,,0.981599986553192,,,3.24600005149841,,,5.13699997100048E-5,,,0.756099998950958,,,49.5699996948242,,,0.00374148203991354,,,0.824524283409119,,,47.447265625,,,5.01045989990234,,,,
"Batch standard deviation",,,0,,,0,,,0,,,0,,,0,,,0,,,0,,,0,,,0,,,0,,,0,,,,
,,,,,,,,,,,,,,,,,,,,,,,,,,,,,,,,,,,,,
"Equivalent circuit",,,,,,,,,,,,,,,,,,,,,,,,,,,,,,,,,,,,,
R1+Q2/R2+Q3/R3+Q4/R4+W5,,,,,,,,,,,,,,,,,,,,,,,,,,,,,,,,,,,,,
