,,,R1/Ohm,"Std err. R1/Ohm","Rank R1","Q2/F.s^(a - 1)","Std err. Q2/F.s^(a - 1)","Rank Q2",a2/,"Std err. a2","Rank a2",R2,"Std err. R2/Ohm","Rank R2","Q3/F.s^(a - 1)","Std err. Q3/F.s^(a - 1)","Rank Q3",a3/,"Std err. a3","Rank a3",R3,"Std err. R3/Ohm","Rank R3","Q4/F.s^(a - 1)","Std err. Q4/F.s^(a - 1)","Rank Q4",a4/,"Std err. a4","Rank a4",R4,"Std err. R4/Ohm","Rank R4",s5/Ohm.s^-1/2,"Std err. s5/Ohm.s^-1/2","Rank s5",Chi^2/|Z|^2,Chi/sqrt(N)/Ohm
C:\Users\HOME\Desktop\JupyterWorkspace\ALBATROSS_Paper\250925_EIS\1\250926042117_21(3-6).mpr,"Cycle 0",,3.11800003051758,xxxx,0.75,7.85999964136863E-6,xxxx,0.343373493975904,0.859600007534027,xxxx,0.581325301204819,3.94300007820129,xxxx,0.798192771084337,5.2180998528912E-5,6.25143030780733E-7,0.780120481927711,0.759692318521885,0.00113218806558873,1,49.1779567940576,0.145011914254028,0.996987951807229,0.00368300010450184,xxxx,0.593373493975904,0.846700012683868,xxxx,0.831325301204819,45.689998626709,xxxx,0.430722891566265,5.38899993896484,xxxx,0.448795180722892,0.00282771963565386,0.580155208827838
,,,,,,,,,,,,,,,,,,,,,,,,,,,,,,,,,,,,,
"Batch mean",,,3.11800003051758,,,7.85999964136863E-6,,,0.859600007534027,,,3.94300007820129,,,5.21809997735545E-5,,,0.759692311286926,,,49.1779556274414,,,0.00368300010450184,,,0.846700012683868,,,45.689998626709,,,5.38899993896484,,,,
"Batch standard deviation",,,0,,,0,,,0,,,0,,,0,,,0,,,0,,,0,,,0,,,0,,,0,,,,
,,,,,,,,,,,,,,,,,,,,,,,,,,,,,,,,,,,,,
"Equivalent circuit",,,,,,,,,,,,,,,,,,,,,,,,,,,,,,,,,,,,,
R1+Q2/R2+Q3/R3+Q4/R4+W5,,,,,,,,,,,,,,,,,,,,,,,,,,,,,,,,,,,,,
