,,,R1/Ohm,"Std err. R1/Ohm","Rank R1","Q2/F.s^(a - 1)","Std err. Q2/F.s^(a - 1)","Rank Q2",a2/,"Std err. a2","Rank a2",R2,"Std err. R2/Ohm","Rank R2","Q3/F.s^(a - 1)","Std err. Q3/F.s^(a - 1)","Rank Q3",a3/,"Std err. a3","Rank a3",R3,"Std err. R3/Ohm","Rank R3","Q4/F.s^(a - 1)","Std err. Q4/F.s^(a - 1)","Rank Q4",a4/,"Std err. a4","Rank a4",R4,"Std err. R4/Ohm","Rank R4",s5/Ohm.s^-1/2,"Std err. s5/Ohm.s^-1/2","Rank s5",Chi^2/|Z|^2,Chi/sqrt(N)/Ohm
C:\Users\HOME\Desktop\JupyterWorkspace\ALBATROSS_Paper\250925_EIS\1\250926024506_9(2-2).mpr,"Cycle 0",,3.27699995040894,xxxx,0.748502994011976,2.40000008489005E-6,xxxx,0.320359281437126,0.986299991607666,xxxx,0.568862275449102,3.37299990653992,xxxx,0.769461077844311,5.22800000908319E-5,xxxx,0.790419161676647,0.756399989128113,xxxx,1,52.6699981689453,xxxx,0.985029940119761,0.00373487195681574,8.6829749062158E-5,0.61377245508982,0.812368692142257,0.00871494515967096,0.841317365269461,50.1690994923418,1.23953278029364,0.437125748502994,5.05897528243153,0.713320655547697,0.434131736526946,0.0133175803696854,0.473616907227175
,,,,,,,,,,,,,,,,,,,,,,,,,,,,,,,,,,,,,
"Batch mean",,,3.27699995040894,,,2.40000008489005E-6,,,0.986299991607666,,,3.37299990653992,,,5.22800000908319E-5,,,0.756399989128113,,,52.6699981689453,,,0.0037348719779402,,,0.81236869096756,,,50.1690979003906,,,5.05897521972656,,,,
"Batch standard deviation",,,0,,,0,,,0,,,0,,,0,,,0,,,0,,,0,,,0,,,0,,,0,,,,
,,,,,,,,,,,,,,,,,,,,,,,,,,,,,,,,,,,,,
"Equivalent circuit",,,,,,,,,,,,,,,,,,,,,,,,,,,,,,,,,,,,,
R1+Q2/R2+Q3/R3+Q4/R4+W5,,,,,,,,,,,,,,,,,,,,,,,,,,,,,,,,,,,,,
