,,,R1/Ohm,"Std err. R1/Ohm","Rank R1","Q2/F.s^(a - 1)","Std err. Q2/F.s^(a - 1)","Rank Q2",a2/,"Std err. a2","Rank a2",R2,"Std err. R2/Ohm","Rank R2","Q3/F.s^(a - 1)","Std err. Q3/F.s^(a - 1)","Rank Q3",a3/,"Std err. a3","Rank a3",R3,"Std err. R3/Ohm","Rank R3","Q4/F.s^(a - 1)","Std err. Q4/F.s^(a - 1)","Rank Q4",a4/,"Std err. a4","Rank a4",R4,"Std err. R4/Ohm","Rank R4",s5/Ohm.s^-1/2,"Std err. s5/Ohm.s^-1/2","Rank s5",Chi^2/|Z|^2,Chi/sqrt(N)/Ohm
C:\Users\HOME\Desktop\JupyterWorkspace\ALBATROSS_Paper\250925_EIS\1\250926055157_32(5-1).mpr,"Cycle 0",,3.16599988937378,xxxx,0.835820895522388,2.52299992098415E-6,xxxx,0.313432835820896,0.978999972343445,xxxx,0.567164179104478,3.13599991798401,xxxx,0.68955223880597,5.8450001233723E-5,xxxx,0.773134328358209,0.74779999256134,xxxx,0.97910447761194,43.4199981689453,xxxx,1,0.00396887777743182,6.96579569525283E-5,0.62089552238806,0.806039925390044,0.00724158750356372,0.844776119402985,46.88741014507,0.926440564913341,0.438805970149254,4.54038977635954,0.528037023612899,0.423880597014925,0.00333953948903783,0.364195958688369
,,,,,,,,,,,,,,,,,,,,,,,,,,,,,,,,,,,,,
"Batch mean",,,3.16599988937378,,,2.52299992098415E-6,,,0.978999972343445,,,3.13599991798401,,,5.8450001233723E-5,,,0.74779999256134,,,43.4199981689453,,,0.00396887771785259,,,0.806039929389954,,,46.8874092102051,,,4.54039001464844,,,,
"Batch standard deviation",,,0,,,0,,,0,,,0,,,0,,,0,,,0,,,0,,,0,,,0,,,0,,,,
,,,,,,,,,,,,,,,,,,,,,,,,,,,,,,,,,,,,,
"Equivalent circuit",,,,,,,,,,,,,,,,,,,,,,,,,,,,,,,,,,,,,
R1+Q2/R2+Q3/R3+Q4/R4+W5,,,,,,,,,,,,,,,,,,,,,,,,,,,,,,,,,,,,,
