,,,R1/Ohm,"Std err. R1/Ohm","Rank R1","Q2/F.s^(a - 1)","Std err. Q2/F.s^(a - 1)","Rank Q2",a2/,"Std err. a2","Rank a2",R2,"Std err. R2/Ohm","Rank R2","Q3/F.s^(a - 1)","Std err. Q3/F.s^(a - 1)","Rank Q3",a3/,"Std err. a3","Rank a3",R3,"Std err. R3/Ohm","Rank R3","Q4/F.s^(a - 1)","Std err. Q4/F.s^(a - 1)","Rank Q4",a4/,"Std err. a4","Rank a4",R4,"Std err. R4/Ohm","Rank R4",s5/Ohm.s^-1/2,"Std err. s5/Ohm.s^-1/2","Rank s5",Chi^2/|Z|^2,Chi/sqrt(N)/Ohm
C:\Users\HOME\Desktop\JupyterWorkspace\ALBATROSS_Paper\250925_EIS\1\250926070854_42(6-3).mpr,"Cycle 0",,2.95499992370605,xxxx,0.745454545454546,6.01400006416952E-6,xxxx,0.345454545454545,0.852699995040894,xxxx,0.596969696969697,4.86499977111816,xxxx,0.848484848484849,4.61800009361468E-5,xxxx,0.742424242424242,0.775099992752075,xxxx,0.987878787878788,43.0999984741211,xxxx,1,0.00386726312346575,7.96999585200703E-5,0.609090909090909,0.818421862274616,0.00848000450984928,0.845454545454545,47.1143307061256,1.07104321608915,0.439393939393939,5.04068815558138,0.638996111359815,0.439393939393939,0.00293498496788545,0.405683431714831
,,,,,,,,,,,,,,,,,,,,,,,,,,,,,,,,,,,,,
"Batch mean",,,2.95499992370605,,,6.01400006416952E-6,,,0.852699995040894,,,4.86499977111816,,,4.61800009361468E-5,,,0.775099992752075,,,43.0999984741211,,,0.00386726320721209,,,0.818421840667725,,,47.114330291748,,,5.04068803787231,,,,
"Batch standard deviation",,,0,,,0,,,0,,,0,,,0,,,0,,,0,,,0,,,0,,,0,,,0,,,,
,,,,,,,,,,,,,,,,,,,,,,,,,,,,,,,,,,,,,
"Equivalent circuit",,,,,,,,,,,,,,,,,,,,,,,,,,,,,,,,,,,,,
R1+Q2/R2+Q3/R3+Q4/R4+W5,,,,,,,,,,,,,,,,,,,,,,,,,,,,,,,,,,,,,
