,,,R1/Ohm,"Std err. R1/Ohm","Rank R1","Q2/F.s^(a - 1)","Std err. Q2/F.s^(a - 1)","Rank Q2",a2/,"Std err. a2","Rank a2",R2,"Std err. R2/Ohm","Rank R2","Q3/F.s^(a - 1)","Std err. Q3/F.s^(a - 1)","Rank Q3",a3/,"Std err. a3","Rank a3",R3,"Std err. R3/Ohm","Rank R3","Q4/F.s^(a - 1)","Std err. Q4/F.s^(a - 1)","Rank Q4",a4/,"Std err. a4","Rank a4",R4,"Std err. R4/Ohm","Rank R4",s5/Ohm.s^-1/2,"Std err. s5/Ohm.s^-1/2","Rank s5",Chi^2/|Z|^2,Chi/sqrt(N)/Ohm
C:\Users\HOME\Desktop\JupyterWorkspace\ALBATROSS_Paper\250925_EIS\1\250926042937_22(3-7).mpr,"Cycle 0",,2.87700009346008,xxxx,0.737951807228916,3.02200010082743E-6,xxxx,0.325301204819277,0.963800013065338,xxxx,0.575301204819277,3.50500011444092,xxxx,0.783132530120482,5.62300010642502E-5,xxxx,0.783132530120482,0.74779999256134,xxxx,0.987951807228916,46,xxxx,1,0.00339985771998806,7.29189131981415E-5,0.617469879518072,0.826065867519311,0.00866109478252037,0.852409638554217,48.5437900579523,1.21153114910299,0.44578313253012,5.23298574099884,0.755490772544921,0.44578313253012,0.00301833106877045,0.542614588383754
,,,,,,,,,,,,,,,,,,,,,,,,,,,,,,,,,,,,,
"Batch mean",,,2.87700009346008,,,3.02200010082743E-6,,,0.963800013065338,,,3.50500011444092,,,5.62300010642502E-5,,,0.74779999256134,,,46,,,0.00339985778555274,,,0.826065838336945,,,48.5437889099121,,,5.23298597335815,,,,
"Batch standard deviation",,,0,,,0,,,0,,,0,,,0,,,0,,,0,,,0,,,0,,,0,,,0,,,,
,,,,,,,,,,,,,,,,,,,,,,,,,,,,,,,,,,,,,
"Equivalent circuit",,,,,,,,,,,,,,,,,,,,,,,,,,,,,,,,,,,,,
R1+Q2/R2+Q3/R3+Q4/R4+W5,,,,,,,,,,,,,,,,,,,,,,,,,,,,,,,,,,,,,
