,,,R1/Ohm,"Std err. R1/Ohm","Rank R1","Q2/F.s^(a - 1)","Std err. Q2/F.s^(a - 1)","Rank Q2",a2/,"Std err. a2","Rank a2",R2,"Std err. R2/Ohm","Rank R2","Q3/F.s^(a - 1)","Std err. Q3/F.s^(a - 1)","Rank Q3",a3/,"Std err. a3","Rank a3",R3,"Std err. R3/Ohm","Rank R3","Q4/F.s^(a - 1)","Std err. Q4/F.s^(a - 1)","Rank Q4",a4/,"Std err. a4","Rank a4",R4,"Std err. R4/Ohm","Rank R4",s5/Ohm.s^-1/2,"Std err. s5/Ohm.s^-1/2","Rank s5",Chi^2/|Z|^2,Chi/sqrt(N)/Ohm
C:\Users\HOME\Desktop\JupyterWorkspace\ALBATROSS_Paper\250925_EIS\1\250926043811_23(3-8).mpr,"Cycle 0",,2.88100004196167,xxxx,0.726443768996961,1.67799998962437E-6,xxxx,0.35258358662614,0.941900014877319,xxxx,0.604863221884498,6.43599987030029,xxxx,0.875379939209726,6.30200011073612E-5,xxxx,0.74468085106383,0.738900005817413,xxxx,1,47.4900016784668,xxxx,1,0.00361847839756695,5.34912921430801E-5,0.613981762917933,0.809897670455157,0.00605381132116302,0.851063829787234,51.2116645839544,0.957680306149889,0.437689969604863,4.81973607233743,0.569541825341578,0.416413373860182,0.00241997836886587,0.402436589976634
,,,,,,,,,,,,,,,,,,,,,,,,,,,,,,,,,,,,,
"Batch mean",,,2.88100004196167,,,1.67799998962437E-6,,,0.941900014877319,,,6.43599987030029,,,6.30200011073612E-5,,,0.738900005817413,,,47.4900016784668,,,0.00361847830936313,,,0.809897661209106,,,51.2116661071777,,,4.81973600387573,,,,
"Batch standard deviation",,,0,,,0,,,0,,,0,,,0,,,0,,,0,,,0,,,0,,,0,,,0,,,,
,,,,,,,,,,,,,,,,,,,,,,,,,,,,,,,,,,,,,
"Equivalent circuit",,,,,,,,,,,,,,,,,,,,,,,,,,,,,,,,,,,,,
R1+Q2/R2+Q3/R3+Q4/R4+W5,,,,,,,,,,,,,,,,,,,,,,,,,,,,,,,,,,,,,
