,,,R1/Ohm,"Std err. R1/Ohm","Rank R1","Q2/F.s^(a - 1)","Std err. Q2/F.s^(a - 1)","Rank Q2",a2/,"Std err. a2","Rank a2",R2,"Std err. R2/Ohm","Rank R2","Q3/F.s^(a - 1)","Std err. Q3/F.s^(a - 1)","Rank Q3",a3/,"Std err. a3","Rank a3",R3,"Std err. R3/Ohm","Rank R3","Q4/F.s^(a - 1)","Std err. Q4/F.s^(a - 1)","Rank Q4",a4/,"Std err. a4","Rank a4",R4,"Std err. R4/Ohm","Rank R4",s5/Ohm.s^-1/2,"Std err. s5/Ohm.s^-1/2","Rank s5",Chi^2/|Z|^2,Chi/sqrt(N)/Ohm
C:\Users\HOME\Desktop\JupyterWorkspace\ALBATROSS_Paper\250925_EIS\1\250926052558_29(4-6).mpr,"Cycle 0",,3.41700005531311,xxxx,0.756756756756757,4.90299999000854E-6,xxxx,0.342342342342342,0.913600027561188,xxxx,0.588588588588589,3.96399998664856,xxxx,0.792792792792793,5.65100017411169E-5,xxxx,0.756756756756757,0.751299977302551,xxxx,0.984984984984985,44.0800018310547,xxxx,1,0.00385405316694727,8.28834479059801E-5,0.597597597597598,0.834231202002579,0.00897638841491138,0.834834834834835,45.7136651139864,1.05265071006435,0.432432432432432,5.21463172684428,0.603872636748995,0.444444444444444,0.00371059218644755,0.473317217986431
,,,,,,,,,,,,,,,,,,,,,,,,,,,,,,,,,,,,,
"Batch mean",,,3.41700005531311,,,4.90299999000854E-6,,,0.913600027561188,,,3.96399998664856,,,5.65100017411169E-5,,,0.751299977302551,,,44.0800018310547,,,0.0038540530949831,,,0.834231197834015,,,45.7136650085449,,,5.2146315574646,,,,
"Batch standard deviation",,,0,,,0,,,0,,,0,,,0,,,0,,,0,,,0,,,0,,,0,,,0,,,,
,,,,,,,,,,,,,,,,,,,,,,,,,,,,,,,,,,,,,
"Equivalent circuit",,,,,,,,,,,,,,,,,,,,,,,,,,,,,,,,,,,,,
R1+Q2/R2+Q3/R3+Q4/R4+W5,,,,,,,,,,,,,,,,,,,,,,,,,,,,,,,,,,,,,
