,,,R1/Ohm,"Std err. R1/Ohm","Rank R1","Q2/F.s^(a - 1)","Std err. Q2/F.s^(a - 1)","Rank Q2",a2/,"Std err. a2","Rank a2",R2,"Std err. R2/Ohm","Rank R2","Q3/F.s^(a - 1)","Std err. Q3/F.s^(a - 1)","Rank Q3",a3/,"Std err. a3","Rank a3",R3,"Std err. R3/Ohm","Rank R3","Q4/F.s^(a - 1)","Std err. Q4/F.s^(a - 1)","Rank Q4",a4/,"Std err. a4","Rank a4",R4,"Std err. R4/Ohm","Rank R4",s5/Ohm.s^-1/2,"Std err. s5/Ohm.s^-1/2","Rank s5",Chi^2/|Z|^2,Chi/sqrt(N)/Ohm
C:\Users\HOME\Desktop\JupyterWorkspace\ALBATROSS_Paper\250925_EIS\1\250926022313_6(1-7).mpr,"Cycle 0",,2.70700001716614,xxxx,0.724550898203593,1.87599998753285E-5,xxxx,0.350299401197605,0.777499973773956,xxxx,0.598802395209581,4.7810001373291,xxxx,0.802395209580838,4.63100004708394E-5,xxxx,0.775449101796407,0.770699977874756,xxxx,1,55.5999984741211,xxxx,0.985029940119761,0.00353565362477161,5.63066998154943E-5,0.595808383233533,0.827719921270742,0.0063418584198579,0.82934131736527,51.6392102304603,0.937560176508586,0.422155688622754,5.38987810630875,0.61115572055594,0.425149700598802,0.00307761427798781,0.402337223900111
,,,,,,,,,,,,,,,,,,,,,,,,,,,,,,,,,,,,,
"Batch mean",,,2.70700001716614,,,1.87599998753285E-5,,,0.777499973773956,,,4.7810001373291,,,4.63100004708394E-5,,,0.770699977874756,,,55.5999984741211,,,0.00353565369732678,,,0.827719926834106,,,51.6392097473145,,,5.38987827301025,,,,
"Batch standard deviation",,,0,,,0,,,0,,,0,,,0,,,0,,,0,,,0,,,0,,,0,,,0,,,,
,,,,,,,,,,,,,,,,,,,,,,,,,,,,,,,,,,,,,
"Equivalent circuit",,,,,,,,,,,,,,,,,,,,,,,,,,,,,,,,,,,,,
R1+Q2/R2+Q3/R3+Q4/R4+W5,,,,,,,,,,,,,,,,,,,,,,,,,,,,,,,,,,,,,
