,,,R1/Ohm,"Std err. R1/Ohm","Rank R1","Q2/F.s^(a - 1)","Std err. Q2/F.s^(a - 1)","Rank Q2",a2/,"Std err. a2","Rank a2",R2,"Std err. R2/Ohm","Rank R2","Q3/F.s^(a - 1)","Std err. Q3/F.s^(a - 1)","Rank Q3",a3/,"Std err. a3","Rank a3",R3,"Std err. R3/Ohm","Rank R3","Q4/F.s^(a - 1)","Std err. Q4/F.s^(a - 1)","Rank Q4",a4/,"Std err. a4","Rank a4",R4,"Std err. R4/Ohm","Rank R4",s5/Ohm.s^-1/2,"Std err. s5/Ohm.s^-1/2","Rank s5",Chi^2/|Z|^2,Chi/sqrt(N)/Ohm
C:\Users\HOME\Desktop\JupyterWorkspace\ALBATROSS_Paper\250925_EIS\1\250926045341_25(4-2).mpr,"Cycle 0",,3.01200008392334,xxxx,0.740181268882175,2.88799992631539E-6,xxxx,0.335347432024169,0.966400027275085,xxxx,0.580060422960725,3.77099990844727,xxxx,0.800604229607251,5.8680001529865E-5,xxxx,0.779456193353474,0.745000004768372,xxxx,0.993957703927492,46.1599998474121,xxxx,1,0.0039462432238882,7.02282264924749E-5,0.631419939577039,0.789210372757634,0.00718396008730799,0.858006042296072,49.2018034037645,1.10137218917641,0.444108761329305,4.39404328254143,0.62410180199777,0.413897280966767,0.00381158020206003,0.364368184237738
,,,,,,,,,,,,,,,,,,,,,,,,,,,,,,,,,,,,,
"Batch mean",,,3.01200008392334,,,2.88799992631539E-6,,,0.966400027275085,,,3.77099990844727,,,5.8680001529865E-5,,,0.745000004768372,,,46.1599998474121,,,0.00394624331966043,,,0.789210379123688,,,49.2018051147461,,,4.39404344558716,,,,
"Batch standard deviation",,,0,,,0,,,0,,,0,,,0,,,0,,,0,,,0,,,0,,,0,,,0,,,,
,,,,,,,,,,,,,,,,,,,,,,,,,,,,,,,,,,,,,
"Equivalent circuit",,,,,,,,,,,,,,,,,,,,,,,,,,,,,,,,,,,,,
R1+Q2/R2+Q3/R3+Q4/R4+W5,,,,,,,,,,,,,,,,,,,,,,,,,,,,,,,,,,,,,
