,,,R1/Ohm,"Std err. R1/Ohm","Rank R1","Q2/F.s^(a - 1)","Std err. Q2/F.s^(a - 1)","Rank Q2",a2/,"Std err. a2","Rank a2",R2,"Std err. R2/Ohm","Rank R2","Q3/F.s^(a - 1)","Std err. Q3/F.s^(a - 1)","Rank Q3",a3/,"Std err. a3","Rank a3",R3,"Std err. R3/Ohm","Rank R3","Q4/F.s^(a - 1)","Std err. Q4/F.s^(a - 1)","Rank Q4",a4/,"Std err. a4","Rank a4",R4,"Std err. R4/Ohm","Rank R4",s5/Ohm.s^-1/2,"Std err. s5/Ohm.s^-1/2","Rank s5",Chi^2/|Z|^2,Chi/sqrt(N)/Ohm
C:\Users\HOME\Desktop\JupyterWorkspace\ALBATROSS_Paper\250925_EIS\1\250926063411_38(5-7).mpr,"Cycle 0",,3.51999998092651,xxxx,0.768996960486322,6.22800007477053E-6,xxxx,0.346504559270517,0.853600025177002,xxxx,0.592705167173252,4.66599988937378,xxxx,0.838905775075988,5.18000015290454E-5,xxxx,0.750759878419453,0.763499975204468,xxxx,0.993920972644377,43.7000007629395,xxxx,1,0.00375690972124978,8.97408529014878E-5,0.60790273556231,0.827596389077287,0.00918286317176212,0.848024316109422,46.8885550990027,1.22027479020087,0.437689969604863,5.02010515401209,0.733354140933466,0.437689969604863,0.00182118261331869,0.439138589150156
,,,,,,,,,,,,,,,,,,,,,,,,,,,,,,,,,,,,,
"Batch mean",,,3.51999998092651,,,6.22800007477053E-6,,,0.853600025177002,,,4.66599988937378,,,5.18000015290454E-5,,,0.763499975204468,,,43.7000007629395,,,0.00375690963119268,,,0.827596366405487,,,46.8885536193848,,,5.02010536193848,,,,
"Batch standard deviation",,,0,,,0,,,0,,,0,,,0,,,0,,,0,,,0,,,0,,,0,,,0,,,,
,,,,,,,,,,,,,,,,,,,,,,,,,,,,,,,,,,,,,
"Equivalent circuit",,,,,,,,,,,,,,,,,,,,,,,,,,,,,,,,,,,,,
R1+Q2/R2+Q3/R3+Q4/R4+W5,,,,,,,,,,,,,,,,,,,,,,,,,,,,,,,,,,,,,
