,,,R1/Ohm,"Std err. R1/Ohm","Rank R1","Q2/F.s^(a - 1)","Std err. Q2/F.s^(a - 1)","Rank Q2",a2/,"Std err. a2","Rank a2",R2,"Std err. R2/Ohm","Rank R2","Q3/F.s^(a - 1)","Std err. Q3/F.s^(a - 1)","Rank Q3",a3/,"Std err. a3","Rank a3",R3,"Std err. R3/Ohm","Rank R3","Q4/F.s^(a - 1)","Std err. Q4/F.s^(a - 1)","Rank Q4",a4/,"Std err. a4","Rank a4",R4,"Std err. R4/Ohm","Rank R4",s5/Ohm.s^-1/2,"Std err. s5/Ohm.s^-1/2","Rank s5",Chi^2/|Z|^2,Chi/sqrt(N)/Ohm
C:\Users\HOME\Desktop\JupyterWorkspace\ALBATROSS_Paper\250925_EIS\1\250926023103_7(1-8).mpr,"Cycle 0",,2.96099996566772,xxxx,0.743202416918429,2.93199991574511E-6,xxxx,0.338368580060423,0.963500022888184,xxxx,0.577039274924471,3.57800006866455,xxxx,0.788519637462236,4.85099990328308E-5,xxxx,0.785498489425982,0.763300001621246,xxxx,1,52.1300010681152,xxxx,0.996978851963746,0.00363354405944307,6.56234364583981E-5,0.61631419939577,0.815374953565714,0.00698885467229678,0.851963746223565,49.8093658700327,0.933402353905998,0.441087613293051,5.13736831598539,0.531984865589956,0.438066465256798,0.00304753992745532,0.409115897838464
,,,,,,,,,,,,,,,,,,,,,,,,,,,,,,,,,,,,,
"Batch mean",,,2.96099996566772,,,2.93199991574511E-6,,,0.963500022888184,,,3.57800006866455,,,4.85099990328308E-5,,,0.763300001621246,,,52.1300010681152,,,0.00363354408182204,,,0.815374970436096,,,49.8093643188477,,,5.13736820220947,,,,
"Batch standard deviation",,,0,,,0,,,0,,,0,,,0,,,0,,,0,,,0,,,0,,,0,,,0,,,,
,,,,,,,,,,,,,,,,,,,,,,,,,,,,,,,,,,,,,
"Equivalent circuit",,,,,,,,,,,,,,,,,,,,,,,,,,,,,,,,,,,,,
R1+Q2/R2+Q3/R3+Q4/R4+W5,,,,,,,,,,,,,,,,,,,,,,,,,,,,,,,,,,,,,
