,,,R1/Ohm,"Std err. R1/Ohm","Rank R1","Q2/F.s^(a - 1)","Std err. Q2/F.s^(a - 1)","Rank Q2",a2/,"Std err. a2","Rank a2",R2,"Std err. R2/Ohm","Rank R2","Q3/F.s^(a - 1)","Std err. Q3/F.s^(a - 1)","Rank Q3",a3/,"Std err. a3","Rank a3",R3,"Std err. R3/Ohm","Rank R3","Q4/F.s^(a - 1)","Std err. Q4/F.s^(a - 1)","Rank Q4",a4/,"Std err. a4","Rank a4",R4,"Std err. R4/Ohm","Rank R4",s5/Ohm.s^-1/2,"Std err. s5/Ohm.s^-1/2","Rank s5",Chi^2/|Z|^2,Chi/sqrt(N)/Ohm
C:\Users\HOME\Desktop\JupyterWorkspace\ALBATROSS_Paper\250925_EIS\1\250926025206_10(2-3).mpr,"Cycle 0",,2.84800004959106,xxxx,0.726726726726727,1.016999976855E-5,xxxx,0.345345345345345,0.827899992465973,xxxx,0.594594594594595,4.64300012588501,xxxx,0.798798798798799,5.17199987370986E-5,xxxx,0.777777777777778,0.757000029087067,xxxx,1,52.2200012207031,xxxx,0.990990990990991,0.00382303042452099,5.51506885164853E-5,0.612612612612613,0.799764406507059,0.0055603677743674,0.840840840840841,50.431650205475,0.993466557850644,0.432432432432432,4.76683129772711,0.60762943426959,0.411411411411411,0.00124828667514314,0.385833217272309
,,,,,,,,,,,,,,,,,,,,,,,,,,,,,,,,,,,,,
"Batch mean",,,2.84800004959106,,,1.016999976855E-5,,,0.827899992465973,,,4.64300012588501,,,5.17199987370986E-5,,,0.757000029087067,,,52.2200012207031,,,0.00382303050719202,,,0.799764394760132,,,50.4316520690918,,,4.76683139801025,,,,
"Batch standard deviation",,,0,,,0,,,0,,,0,,,0,,,0,,,0,,,0,,,0,,,0,,,0,,,,
,,,,,,,,,,,,,,,,,,,,,,,,,,,,,,,,,,,,,
"Equivalent circuit",,,,,,,,,,,,,,,,,,,,,,,,,,,,,,,,,,,,,
R1+Q2/R2+Q3/R3+Q4/R4+W5,,,,,,,,,,,,,,,,,,,,,,,,,,,,,,,,,,,,,
