,,,R1/Ohm,"Std err. R1/Ohm","Rank R1","Q2/F.s^(a - 1)","Std err. Q2/F.s^(a - 1)","Rank Q2",a2/,"Std err. a2","Rank a2",R2,"Std err. R2/Ohm","Rank R2","Q3/F.s^(a - 1)","Std err. Q3/F.s^(a - 1)","Rank Q3",a3/,"Std err. a3","Rank a3",R3,"Std err. R3/Ohm","Rank R3","Q4/F.s^(a - 1)","Std err. Q4/F.s^(a - 1)","Rank Q4",a4/,"Std err. a4","Rank a4",R4,"Std err. R4/Ohm","Rank R4",s5/Ohm.s^-1/2,"Std err. s5/Ohm.s^-1/2","Rank s5",Chi^2/|Z|^2,Chi/sqrt(N)/Ohm
C:\Users\HOME\Desktop\JupyterWorkspace\ALBATROSS_Paper\250925_EIS\1\250926050123_26(4-3).mpr,"Cycle 0",,3.19400000572205,xxxx,0.838805970149254,2.25300004785822E-6,xxxx,0.304477611940298,1,xxxx,0.543283582089552,2.36199998855591,xxxx,0.671641791044776,6.35999967926182E-5,xxxx,0.782089552238806,0.737200021743774,xxxx,0.991044776119403,43.6800003051758,xxxx,1,0.00416580921518118,7.44566406050932E-5,0.632835820895522,0.793033511918416,0.00788277962707396,0.850746268656716,47.4537546150226,1.06579425003248,0.441791044776119,4.61968566870812,0.551543027352706,0.429850746268657,0.00354606219022833,0.407754019018748
,,,,,,,,,,,,,,,,,,,,,,,,,,,,,,,,,,,,,
"Batch mean",,,3.19400000572205,,,2.25300004785822E-6,,,1,,,2.36199998855591,,,6.35999967926182E-5,,,0.737200021743774,,,43.6800003051758,,,0.00416580913588405,,,0.793033540248871,,,47.4537544250488,,,4.61968564987183,,,,
"Batch standard deviation",,,0,,,0,,,0,,,0,,,0,,,0,,,0,,,0,,,0,,,0,,,0,,,,
,,,,,,,,,,,,,,,,,,,,,,,,,,,,,,,,,,,,,
"Equivalent circuit",,,,,,,,,,,,,,,,,,,,,,,,,,,,,,,,,,,,,
R1+Q2/R2+Q3/R3+Q4/R4+W5,,,,,,,,,,,,,,,,,,,,,,,,,,,,,,,,,,,,,
