,,,R1/Ohm,"Std err. R1/Ohm","Rank R1","Q2/F.s^(a - 1)","Std err. Q2/F.s^(a - 1)","Rank Q2",a2/,"Std err. a2","Rank a2",R2,"Std err. R2/Ohm","Rank R2","Q3/F.s^(a - 1)","Std err. Q3/F.s^(a - 1)","Rank Q3",a3/,"Std err. a3","Rank a3",R3,"Std err. R3/Ohm","Rank R3","Q4/F.s^(a - 1)","Std err. Q4/F.s^(a - 1)","Rank Q4",a4/,"Std err. a4","Rank a4",R4,"Std err. R4/Ohm","Rank R4",s5/Ohm.s^-1/2,"Std err. s5/Ohm.s^-1/2","Rank s5",Chi^2/|Z|^2,Chi/sqrt(N)/Ohm
C:\Users\HOME\Desktop\JupyterWorkspace\ALBATROSS_Paper\250925_EIS\1\250926044612_24(4-1).mpr,"Cycle 0",,2.88380434520054,0.0613511084572026,0.720364741641337,2.29342671678234E-6,1.08285030921628E-7,0.297872340425532,0.999999999999994,1.76097561802065E-15,0.544072948328267,3.16389709691737,0.0503361078847098,0.772036474164134,5.63299981877208E-5,xxxx,0.765957446808511,0.747699975967407,xxxx,0.969604863221885,45.4099998474121,xxxx,1,0.00405400013551116,xxxx,0.641337386018237,0.777800023555756,xxxx,0.857142857142857,50.5400009155273,xxxx,0.446808510638298,4.39499998092651,xxxx,0.407294832826748,0.0053801918865271,0.444825686496908
,,,,,,,,,,,,,,,,,,,,,,,,,,,,,,,,,,,,,
"Batch mean",,,2.88380432128906,,,2.29342663260468E-6,,,1,,,3.1638970375061,,,5.63299981877208E-5,,,0.747699975967407,,,45.4099998474121,,,0.00405400013551116,,,0.777800023555756,,,50.5400009155273,,,4.39499998092651,,,,
"Batch standard deviation",,,0,,,0,,,0,,,0,,,0,,,0,,,0,,,0,,,0,,,0,,,0,,,,
,,,,,,,,,,,,,,,,,,,,,,,,,,,,,,,,,,,,,
"Equivalent circuit",,,,,,,,,,,,,,,,,,,,,,,,,,,,,,,,,,,,,
R1+Q2/R2+Q3/R3+Q4/R4+W5,,,,,,,,,,,,,,,,,,,,,,,,,,,,,,,,,,,,,
