,,,R1/Ohm,"Std err. R1/Ohm","Rank R1","Q2/F.s^(a - 1)","Std err. Q2/F.s^(a - 1)","Rank Q2",a2/,"Std err. a2","Rank a2",R2,"Std err. R2/Ohm","Rank R2","Q3/F.s^(a - 1)","Std err. Q3/F.s^(a - 1)","Rank Q3",a3/,"Std err. a3","Rank a3",R3,"Std err. R3/Ohm","Rank R3","Q4/F.s^(a - 1)","Std err. Q4/F.s^(a - 1)","Rank Q4",a4/,"Std err. a4","Rank a4",R4,"Std err. R4/Ohm","Rank R4",s5/Ohm.s^-1/2,"Std err. s5/Ohm.s^-1/2","Rank s5",Chi^2/|Z|^2,Chi/sqrt(N)/Ohm
C:\Users\HOME\Desktop\JupyterWorkspace\ALBATROSS_Paper\250925_EIS\1\250926020817_4(1-5).mpr,"Cycle 0",,2.94000005722046,xxxx,0.829850746268657,4.75300021207659E-6,xxxx,0.307462686567164,0.925100028514862,xxxx,0.546268656716418,2.64599990844727,xxxx,0.671641791044776,4.73100008093752E-5,xxxx,0.794029850746269,0.763400018215179,xxxx,1,51.5,xxxx,0.994029850746269,0.00407393829332362,6.58196225203096E-5,0.626865671641791,0.79188597145697,0.00616797011088654,0.853731343283582,52.0204745557046,0.845151026805124,0.435820895522388,4.69789606835408,0.436265573805652,0.426865671641791,0.00352789815344095,0.421223799803527
,,,,,,,,,,,,,,,,,,,,,,,,,,,,,,,,,,,,,
"Batch mean",,,2.94000005722046,,,4.75300021207659E-6,,,0.925100028514862,,,2.64599990844727,,,4.73100008093752E-5,,,0.763400018215179,,,51.5,,,0.00407393835484982,,,0.79188597202301,,,52.0204734802246,,,4.69789600372314,,,,
"Batch standard deviation",,,0,,,0,,,0,,,0,,,0,,,0,,,0,,,0,,,0,,,0,,,0,,,,
,,,,,,,,,,,,,,,,,,,,,,,,,,,,,,,,,,,,,
"Equivalent circuit",,,,,,,,,,,,,,,,,,,,,,,,,,,,,,,,,,,,,
R1+Q2/R2+Q3/R3+Q4/R4+W5,,,,,,,,,,,,,,,,,,,,,,,,,,,,,,,,,,,,,
