,,,R1/Ohm,"Std err. R1/Ohm","Rank R1","Q2/F.s^(a - 1)","Std err. Q2/F.s^(a - 1)","Rank Q2",a2/,"Std err. a2","Rank a2",R2,"Std err. R2/Ohm","Rank R2","Q3/F.s^(a - 1)","Std err. Q3/F.s^(a - 1)","Rank Q3",a3/,"Std err. a3","Rank a3",R3,"Std err. R3/Ohm","Rank R3","Q4/F.s^(a - 1)","Std err. Q4/F.s^(a - 1)","Rank Q4",a4/,"Std err. a4","Rank a4",R4,"Std err. R4/Ohm","Rank R4",s5/Ohm.s^-1/2,"Std err. s5/Ohm.s^-1/2","Rank s5",Chi^2/|Z|^2,Chi/sqrt(N)/Ohm
C:\Users\HOME\Desktop\JupyterWorkspace\ALBATROSS_Paper\250925_EIS\1\250926035744_18(3-3).mpr,"Cycle 0",,2.90499997138977,xxxx,0.737160120845921,1.99600003725209E-6,xxxx,0.326283987915408,1,xxxx,0.577039274924471,3.50999999046326,xxxx,0.794561933534743,5.51999983144924E-5,xxxx,0.797583081570997,0.750400006771088,xxxx,0.996978851963746,49.3400001525879,xxxx,1,0.00361001652487313,8.16980881136243E-5,0.607250755287009,0.834981066640994,0.00906445786546193,0.845921450151057,48.2371621410817,1.15547800584918,0.438066465256798,5.52190010970709,0.69383100938068,0.45619335347432,0.00367529179683991,0.460212310165828
,,,,,,,,,,,,,,,,,,,,,,,,,,,,,,,,,,,,,
"Batch mean",,,2.90499997138977,,,1.99600003725209E-6,,,1,,,3.50999999046326,,,5.51999983144924E-5,,,0.750400006771088,,,49.3400001525879,,,0.00361001654528081,,,0.834981083869934,,,48.2371635437012,,,5.52190017700195,,,,
"Batch standard deviation",,,0,,,0,,,0,,,0,,,0,,,0,,,0,,,0,,,0,,,0,,,0,,,,
,,,,,,,,,,,,,,,,,,,,,,,,,,,,,,,,,,,,,
"Equivalent circuit",,,,,,,,,,,,,,,,,,,,,,,,,,,,,,,,,,,,,
R1+Q2/R2+Q3/R3+Q4/R4+W5,,,,,,,,,,,,,,,,,,,,,,,,,,,,,,,,,,,,,
