,,,R1/Ohm,"Std err. R1/Ohm","Rank R1","Q2/F.s^(a - 1)","Std err. Q2/F.s^(a - 1)","Rank Q2",a2/,"Std err. a2","Rank a2",R2,"Std err. R2/Ohm","Rank R2","Q3/F.s^(a - 1)","Std err. Q3/F.s^(a - 1)","Rank Q3",a3/,"Std err. a3","Rank a3",R3,"Std err. R3/Ohm","Rank R3","Q4/F.s^(a - 1)","Std err. Q4/F.s^(a - 1)","Rank Q4",a4/,"Std err. a4","Rank a4",R4,"Std err. R4/Ohm","Rank R4",s5/Ohm.s^-1/2,"Std err. s5/Ohm.s^-1/2","Rank s5",Chi^2/|Z|^2,Chi/sqrt(N)/Ohm
C:\Users\HOME\Desktop\JupyterWorkspace\ALBATROSS_Paper\250925_EIS\1\250926040520_19(3-4).mpr,"Cycle 0",,3.22300004959106,xxxx,0.843843843843844,4.47699994765571E-6,xxxx,0.312312312312312,0.929099977016449,xxxx,0.555555555555556,2.66799998283386,xxxx,0.684684684684685,4.92399994982406E-5,xxxx,0.795795795795796,0.76120001077652,xxxx,0.996996996996997,48.6100006103516,xxxx,1,0.00386645731052622,7.82553389460585E-5,0.603603603603604,0.825631693944256,0.00803863554169172,0.843843843843844,47.181696283052,1.02258505516615,0.438438438438438,5.19065671382259,0.603869517521592,0.456456456456456,0.00252843642516204,0.4752165738037
,,,,,,,,,,,,,,,,,,,,,,,,,,,,,,,,,,,,,
"Batch mean",,,3.22300004959106,,,4.47699994765571E-6,,,0.929099977016449,,,2.66799998283386,,,4.92399994982406E-5,,,0.76120001077652,,,48.6100006103516,,,0.0038664573803544,,,0.825631678104401,,,47.181697845459,,,5.1906566619873,,,,
"Batch standard deviation",,,0,,,0,,,0,,,0,,,0,,,0,,,0,,,0,,,0,,,0,,,0,,,,
,,,,,,,,,,,,,,,,,,,,,,,,,,,,,,,,,,,,,
"Equivalent circuit",,,,,,,,,,,,,,,,,,,,,,,,,,,,,,,,,,,,,
R1+Q2/R2+Q3/R3+Q4/R4+W5,,,,,,,,,,,,,,,,,,,,,,,,,,,,,,,,,,,,,
