,,,R1/Ohm,"Std err. R1/Ohm","Rank R1","Q2/F.s^(a - 1)","Std err. Q2/F.s^(a - 1)","Rank Q2",a2/,"Std err. a2","Rank a2",R2,"Std err. R2/Ohm","Rank R2","Q3/F.s^(a - 1)","Std err. Q3/F.s^(a - 1)","Rank Q3",a3/,"Std err. a3","Rank a3",R3,"Std err. R3/Ohm","Rank R3","Q4/F.s^(a - 1)","Std err. Q4/F.s^(a - 1)","Rank Q4",a4/,"Std err. a4","Rank a4",R4,"Std err. R4/Ohm","Rank R4",s5/Ohm.s^-1/2,"Std err. s5/Ohm.s^-1/2","Rank s5",Chi^2/|Z|^2,Chi/sqrt(N)/Ohm
C:\Users\HOME\Desktop\JupyterWorkspace\ALBATROSS_Paper\250925_EIS\1\250926061620_36(5-5).mpr,"Cycle 0",,2.63499999046326,xxxx,0.728915662650602,8.19799970486201E-6,xxxx,0.355421686746988,0.831300020217896,xxxx,0.596385542168675,5.38100004196167,xxxx,0.846385542168675,5.53499994566664E-5,xxxx,0.743975903614458,0.755299985408783,xxxx,0.981927710843373,43.310001373291,xxxx,1,0.00386897133341354,6.73751324642947E-5,0.602409638554217,0.824366788436631,0.0070907229931918,0.837349397590361,45.1076049036908,0.971134098157711,0.430722891566265,5.11052083881905,0.593109047297371,0.430722891566265,0.00312674451613693,0.414863864658274
,,,,,,,,,,,,,,,,,,,,,,,,,,,,,,,,,,,,,
"Batch mean",,,2.63499999046326,,,8.19799970486201E-6,,,0.831300020217896,,,5.38100004196167,,,5.53499994566664E-5,,,0.755299985408783,,,43.310001373291,,,0.00386897125281394,,,0.824366807937622,,,45.1076049804688,,,5.11052083969116,,,,
"Batch standard deviation",,,0,,,0,,,0,,,0,,,0,,,0,,,0,,,0,,,0,,,0,,,0,,,,
,,,,,,,,,,,,,,,,,,,,,,,,,,,,,,,,,,,,,
"Equivalent circuit",,,,,,,,,,,,,,,,,,,,,,,,,,,,,,,,,,,,,
R1+Q2/R2+Q3/R3+Q4/R4+W5,,,,,,,,,,,,,,,,,,,,,,,,,,,,,,,,,,,,,
