,,,R1/Ohm,"Std err. R1/Ohm","Rank R1","Q2/F.s^(a - 1)","Std err. Q2/F.s^(a - 1)","Rank Q2",a2/,"Std err. a2","Rank a2",R2,"Std err. R2/Ohm","Rank R2","Q3/F.s^(a - 1)","Std err. Q3/F.s^(a - 1)","Rank Q3",a3/,"Std err. a3","Rank a3",R3,"Std err. R3/Ohm","Rank R3","Q4/F.s^(a - 1)","Std err. Q4/F.s^(a - 1)","Rank Q4",a4/,"Std err. a4","Rank a4",R4,"Std err. R4/Ohm","Rank R4",s5/Ohm.s^-1/2,"Std err. s5/Ohm.s^-1/2","Rank s5",Chi^2/|Z|^2,Chi/sqrt(N)/Ohm
C:\Users\HOME\Desktop\JupyterWorkspace\ALBATROSS_Paper\250925_EIS\1\250926035028_16(3-1).mpr,"Cycle 0",,2.77300000190735,xxxx,0.826347305389222,2.06899994736887E-6,xxxx,0.308383233532934,1,xxxx,0.559880239520958,2.72499990463257,xxxx,0.676646706586826,5.61300003028009E-5,xxxx,0.793413173652695,0.747200012207031,xxxx,0.997005988023952,48.6399993896484,xxxx,1,0.00380176034158403,7.73110680856398E-5,0.61377245508982,0.821233239987388,0.0081745524490917,0.844311377245509,48.2166331067899,1.09890703485426,0.440119760479042,5.0804148284105,0.630014428589258,0.449101796407186,0.00320677357998883,0.375267280655968
,,,,,,,,,,,,,,,,,,,,,,,,,,,,,,,,,,,,,
"Batch mean",,,2.77300000190735,,,2.06899994736887E-6,,,1,,,2.72499990463257,,,5.61300003028009E-5,,,0.747200012207031,,,48.6399993896484,,,0.00380176026374102,,,0.821233212947845,,,48.2166328430176,,,5.08041477203369,,,,
"Batch standard deviation",,,0,,,0,,,0,,,0,,,0,,,0,,,0,,,0,,,0,,,0,,,0,,,,
,,,,,,,,,,,,,,,,,,,,,,,,,,,,,,,,,,,,,
"Equivalent circuit",,,,,,,,,,,,,,,,,,,,,,,,,,,,,,,,,,,,,
R1+Q2/R2+Q3/R3+Q4/R4+W5,,,,,,,,,,,,,,,,,,,,,,,,,,,,,,,,,,,,,
