,,,R1/Ohm,"Std err. R1/Ohm","Rank R1","Q2/F.s^(a - 1)","Std err. Q2/F.s^(a - 1)","Rank Q2",a2/,"Std err. a2","Rank a2",R2,"Std err. R2/Ohm","Rank R2","Q3/F.s^(a - 1)","Std err. Q3/F.s^(a - 1)","Rank Q3",a3/,"Std err. a3","Rank a3",R3,"Std err. R3/Ohm","Rank R3","Q4/F.s^(a - 1)","Std err. Q4/F.s^(a - 1)","Rank Q4",a4/,"Std err. a4","Rank a4",R4,"Std err. R4/Ohm","Rank R4",s5/Ohm.s^-1/2,"Std err. s5/Ohm.s^-1/2","Rank s5",Chi^2/|Z|^2,Chi/sqrt(N)/Ohm
C:\Users\HOME\Desktop\JupyterWorkspace\ALBATROSS_Paper\250925_EIS\1\250926030237_11(2-4).mpr,"Cycle 0",,2.91000008583069,xxxx,0.826865671641791,5.08499988427502E-6,xxxx,0.31044776119403,0.923600018024445,xxxx,0.561194029850746,2.79399991035461,xxxx,0.674626865671642,4.86999997519888E-5,xxxx,0.791044776119403,0.762000024318695,xxxx,1,51.9500007629395,xxxx,0.994029850746269,0.00389724083949067,7.15017173585228E-5,0.617910447761194,0.803945708939664,0.00715989666146312,0.847761194029851,51.1452848318723,1.02198016297641,0.435820895522388,4.77271086070339,0.564945164591916,0.426865671641791,0.00266296543645062,0.40703637405027
,,,,,,,,,,,,,,,,,,,,,,,,,,,,,,,,,,,,,
"Batch mean",,,2.91000008583069,,,5.08499988427502E-6,,,0.923600018024445,,,2.79399991035461,,,4.86999997519888E-5,,,0.762000024318695,,,51.9500007629395,,,0.00389724085107446,,,0.80394572019577,,,51.1452865600586,,,4.7727108001709,,,,
"Batch standard deviation",,,0,,,0,,,0,,,0,,,0,,,0,,,0,,,0,,,0,,,0,,,0,,,,
,,,,,,,,,,,,,,,,,,,,,,,,,,,,,,,,,,,,,
"Equivalent circuit",,,,,,,,,,,,,,,,,,,,,,,,,,,,,,,,,,,,,
R1+Q2/R2+Q3/R3+Q4/R4+W5,,,,,,,,,,,,,,,,,,,,,,,,,,,,,,,,,,,,,
