,,,R1/Ohm,"Std err. R1/Ohm","Rank R1","Q2/F.s^(a - 1)","Std err. Q2/F.s^(a - 1)","Rank Q2",a2/,"Std err. a2","Rank a2",R2,"Std err. R2/Ohm","Rank R2","Q3/F.s^(a - 1)","Std err. Q3/F.s^(a - 1)","Rank Q3",a3/,"Std err. a3","Rank a3",R3,"Std err. R3/Ohm","Rank R3","Q4/F.s^(a - 1)","Std err. Q4/F.s^(a - 1)","Rank Q4",a4/,"Std err. a4","Rank a4",R4,"Std err. R4/Ohm","Rank R4",s5/Ohm.s^-1/2,"Std err. s5/Ohm.s^-1/2","Rank s5",Chi^2/|Z|^2,Chi/sqrt(N)/Ohm
C:\Users\HOME\Desktop\JupyterWorkspace\ALBATROSS_Paper\250925_EIS\1\250926064328_39(5-8).mpr,"Cycle 0",,4.44000005722046,xxxx,0.788519637462236,4.51899995823624E-6,xxxx,0.344410876132931,0.876800000667572,xxxx,0.589123867069486,4.84100008010864,xxxx,0.830815709969789,5.18000015290454E-5,xxxx,0.734138972809668,0.761900007724762,xxxx,0.984894259818731,42.5200004577637,xxxx,1,0.00390352464742336,7.60065805022979E-5,0.607250755287009,0.816709481098282,0.00831013077566018,0.836858006042296,46.1207588085612,1.21785460178803,0.438066465256798,4.80639048676785,0.67242267702761,0.422960725075529,0.00224526026115465,0.405050472203876
,,,,,,,,,,,,,,,,,,,,,,,,,,,,,,,,,,,,,
"Batch mean",,,4.44000005722046,,,4.51899995823624E-6,,,0.876800000667572,,,4.84100008010864,,,5.18000015290454E-5,,,0.761900007724762,,,42.5200004577637,,,0.00390352471731603,,,0.816709458827972,,,46.1207580566406,,,4.80639028549194,,,,
"Batch standard deviation",,,0,,,0,,,0,,,0,,,0,,,0,,,0,,,0,,,0,,,0,,,0,,,,
,,,,,,,,,,,,,,,,,,,,,,,,,,,,,,,,,,,,,
"Equivalent circuit",,,,,,,,,,,,,,,,,,,,,,,,,,,,,,,,,,,,,
R1+Q2/R2+Q3/R3+Q4/R4+W5,,,,,,,,,,,,,,,,,,,,,,,,,,,,,,,,,,,,,
