,,,R1/Ohm,"Std err. R1/Ohm","Rank R1","Q2/F.s^(a - 1)","Std err. Q2/F.s^(a - 1)","Rank Q2",a2/,"Std err. a2","Rank a2",R2,"Std err. R2/Ohm","Rank R2","Q3/F.s^(a - 1)","Std err. Q3/F.s^(a - 1)","Rank Q3",a3/,"Std err. a3","Rank a3",R3,"Std err. R3/Ohm","Rank R3","Q4/F.s^(a - 1)","Std err. Q4/F.s^(a - 1)","Rank Q4",a4/,"Std err. a4","Rank a4",R4,"Std err. R4/Ohm","Rank R4",s5/Ohm.s^-1/2,"Std err. s5/Ohm.s^-1/2","Rank s5",Chi^2/|Z|^2,Chi/sqrt(N)/Ohm
C:\Users\HOME\Desktop\JupyterWorkspace\ALBATROSS_Paper\250925_EIS\1\250926031015_13(2-6).mpr,"Cycle 0",,2.8510000705719,xxxx,0.734138972809668,2.34499998441606E-6,xxxx,0.326283987915408,0.987800002098083,xxxx,0.583081570996979,3.68899989128113,xxxx,0.794561933534743,5.456000144477E-5,xxxx,0.797583081570997,0.749899983406067,xxxx,1,50.5699996948242,xxxx,1,0.00360854711771048,5.5578399876291E-5,0.610271903323263,0.821131749411382,0.007324661230227,0.845921450151057,50.4019159325266,1.2864030847249,0.438066465256798,5.46007222747823,0.782517697828148,0.447129909365559,0.00304995399838086,0.43917680862112
,,,,,,,,,,,,,,,,,,,,,,,,,,,,,,,,,,,,,
"Batch mean",,,2.8510000705719,,,2.34499998441606E-6,,,0.987800002098083,,,3.68899989128113,,,5.456000144477E-5,,,0.749899983406067,,,50.5699996948242,,,0.00360854715108871,,,0.821131765842438,,,50.4019165039063,,,5.46007204055786,,,,
"Batch standard deviation",,,0,,,0,,,0,,,0,,,0,,,0,,,0,,,0,,,0,,,0,,,0,,,,
,,,,,,,,,,,,,,,,,,,,,,,,,,,,,,,,,,,,,
"Equivalent circuit",,,,,,,,,,,,,,,,,,,,,,,,,,,,,,,,,,,,,
R1+Q2/R2+Q3/R3+Q4/R4+W5,,,,,,,,,,,,,,,,,,,,,,,,,,,,,,,,,,,,,
