,,,R1/Ohm,"Std err. R1/Ohm","Rank R1","Q2/F.s^(a - 1)","Std err. Q2/F.s^(a - 1)","Rank Q2",a2/,"Std err. a2","Rank a2",R2,"Std err. R2/Ohm","Rank R2","Q3/F.s^(a - 1)","Std err. Q3/F.s^(a - 1)","Rank Q3",a3/,"Std err. a3","Rank a3",R3,"Std err. R3/Ohm","Rank R3","Q4/F.s^(a - 1)","Std err. Q4/F.s^(a - 1)","Rank Q4",a4/,"Std err. a4","Rank a4",R4,"Std err. R4/Ohm","Rank R4",s5/Ohm.s^-1/2,"Std err. s5/Ohm.s^-1/2","Rank s5",Chi^2/|Z|^2,Chi/sqrt(N)/Ohm
C:\Users\HOME\Desktop\JupyterWorkspace\ALBATROSS_Paper\250925_EIS\1\250926072600_45(6-6).mpr,"Cycle 0",,3.43099999427795,xxxx,0.741071428571429,2.49000004259869E-6,xxxx,0.327380952380952,0.924499988555908,xxxx,0.56547619047619,4.16499996185303,xxxx,0.80952380952381,5.7460001698928E-5,xxxx,0.758928571428571,0.738900005817413,xxxx,0.982142857142857,48.9799995422363,xxxx,1,0.00368219338923017,8.45292068774123E-5,0.586309523809524,0.851142733590724,0.0101385278843847,0.821428571428571,45.4438955079573,1.1979916451773,0.425595238095238,5.5961459039168,0.740122392632852,0.446428571428571,0.00394049625767433,0.490356511187997
,,,,,,,,,,,,,,,,,,,,,,,,,,,,,,,,,,,,,
"Batch mean",,,3.43099999427795,,,2.49000004259869E-6,,,0.924499988555908,,,4.16499996185303,,,5.7460001698928E-5,,,0.738900005817413,,,48.9799995422363,,,0.00368219334632158,,,0.851142704486847,,,45.4438972473145,,,5.59614610671997,,,,
"Batch standard deviation",,,0,,,0,,,0,,,0,,,0,,,0,,,0,,,0,,,0,,,0,,,0,,,,
,,,,,,,,,,,,,,,,,,,,,,,,,,,,,,,,,,,,,
"Equivalent circuit",,,,,,,,,,,,,,,,,,,,,,,,,,,,,,,,,,,,,
R1+Q2/R2+Q3/R3+Q4/R4+W5,,,,,,,,,,,,,,,,,,,,,,,,,,,,,,,,,,,,,
