,,,R1/Ohm,"Std err. R1/Ohm","Rank R1","Q2/F.s^(a - 1)","Std err. Q2/F.s^(a - 1)","Rank Q2",a2/,"Std err. a2","Rank a2",R2,"Std err. R2/Ohm","Rank R2","Q3/F.s^(a - 1)","Std err. Q3/F.s^(a - 1)","Rank Q3",a3/,"Std err. a3","Rank a3",R3,"Std err. R3/Ohm","Rank R3","Q4/F.s^(a - 1)","Std err. Q4/F.s^(a - 1)","Rank Q4",a4/,"Std err. a4","Rank a4",R4,"Std err. R4/Ohm","Rank R4",s5/Ohm.s^-1/2,"Std err. s5/Ohm.s^-1/2","Rank s5",Chi^2/|Z|^2,Chi/sqrt(N)/Ohm
C:\Users\HOME\Desktop\JupyterWorkspace\ALBATROSS_Paper\250925_EIS\1\250926031844_12(2-5).mpr,"Cycle 0",,2.98799991607666,xxxx,0.827380952380952,3.12399993163126E-6,xxxx,0.30952380952381,0.972599983215332,xxxx,0.544642857142857,2.43099999427795,xxxx,0.663690476190476,5.23199996678159E-5,xxxx,0.791666666666667,0.755400002002716,xxxx,1,51.4599990844727,xxxx,0.991071428571429,0.00405495923306399,7.9856368785697E-5,0.62202380952381,0.799640498162335,0.00814991925609219,0.848214285714286,50.222772997019,1.17136134889749,0.4375,4.60366151494281,0.656383658604539,0.428571428571429,0.00308770541088032,0.450317075919448
,,,,,,,,,,,,,,,,,,,,,,,,,,,,,,,,,,,,,
"Batch mean",,,2.98799991607666,,,3.12399993163126E-6,,,0.972599983215332,,,2.43099999427795,,,5.23199996678159E-5,,,0.755400002002716,,,51.4599990844727,,,0.00405495939776301,,,0.799640476703644,,,50.2227745056152,,,4.60366153717041,,,,
"Batch standard deviation",,,0,,,0,,,0,,,0,,,0,,,0,,,0,,,0,,,0,,,0,,,0,,,,
,,,,,,,,,,,,,,,,,,,,,,,,,,,,,,,,,,,,,
"Equivalent circuit",,,,,,,,,,,,,,,,,,,,,,,,,,,,,,,,,,,,,
R1+Q2/R2+Q3/R3+Q4/R4+W5,,,,,,,,,,,,,,,,,,,,,,,,,,,,,,,,,,,,,
