,,,R1/Ohm,"Std err. R1/Ohm","Rank R1","Q2/F.s^(a - 1)","Std err. Q2/F.s^(a - 1)","Rank Q2",a2/,"Std err. a2","Rank a2",R2,"Std err. R2/Ohm","Rank R2","Q3/F.s^(a - 1)","Std err. Q3/F.s^(a - 1)","Rank Q3",a3/,"Std err. a3","Rank a3",R3,"Std err. R3/Ohm","Rank R3","Q4/F.s^(a - 1)","Std err. Q4/F.s^(a - 1)","Rank Q4",a4/,"Std err. a4","Rank a4",R4,"Std err. R4/Ohm","Rank R4",s5/Ohm.s^-1/2,"Std err. s5/Ohm.s^-1/2","Rank s5",Chi^2/|Z|^2,Chi/sqrt(N)/Ohm
C:\Users\HOME\Desktop\JupyterWorkspace\ALBATROSS_Paper\250925_EIS\1\250926014512_1(1-2).mpr,"Cycle 0",,3.04699993133545,xxxx,0.736526946107784,2.63700007963052E-6,xxxx,0.317365269461078,0.979200005531311,xxxx,0.568862275449102,3.32800006866455,xxxx,0.772455089820359,5.18499982717913E-5,xxxx,0.793413173652695,0.755699992179871,xxxx,1,53.9500007629395,xxxx,0.991017964071856,0.00384873936901189,6.42497131048525E-5,0.625748502994012,0.7836587511543,0.00710777782724944,0.853293413173653,55.5205419444348,0.990403787086294,0.437125748502994,4.59979426631974,0.513354397072634,0.413173652694611,0.0054656291161794,0.421003448712781
,,,,,,,,,,,,,,,,,,,,,,,,,,,,,,,,,,,,,
"Batch mean",,,3.04699993133545,,,2.63700007963052E-6,,,0.979200005531311,,,3.32800006866455,,,5.18499982717913E-5,,,0.755699992179871,,,53.9500007629395,,,0.00384873943403363,,,0.783658742904663,,,55.5205421447754,,,4.59979438781738,,,,
"Batch standard deviation",,,0,,,0,,,0,,,0,,,0,,,0,,,0,,,0,,,0,,,0,,,0,,,,
,,,,,,,,,,,,,,,,,,,,,,,,,,,,,,,,,,,,,
"Equivalent circuit",,,,,,,,,,,,,,,,,,,,,,,,,,,,,,,,,,,,,
R1+Q2/R2+Q3/R3+Q4/R4+W5,,,,,,,,,,,,,,,,,,,,,,,,,,,,,,,,,,,,,
