,,,R1/Ohm,"Std err. R1/Ohm","Rank R1","Q2/F.s^(a - 1)","Std err. Q2/F.s^(a - 1)","Rank Q2",a2/,"Std err. a2","Rank a2",R2,"Std err. R2/Ohm","Rank R2","Q3/F.s^(a - 1)","Std err. Q3/F.s^(a - 1)","Rank Q3",a3/,"Std err. a3","Rank a3",R3,"Std err. R3/Ohm","Rank R3","Q4/F.s^(a - 1)","Std err. Q4/F.s^(a - 1)","Rank Q4",a4/,"Std err. a4","Rank a4",R4,"Std err. R4/Ohm","Rank R4",s5/Ohm.s^-1/2,"Std err. s5/Ohm.s^-1/2","Rank s5",Chi^2/|Z|^2,Chi/sqrt(N)/Ohm
C:\Users\HOME\Desktop\JupyterWorkspace\ALBATROSS_Paper\250925_EIS\1\250926065214_40(6-1).mpr,"Cycle 0",,3.03200006484985,xxxx,0.748502994011976,2.53400003202842E-6,xxxx,0.335329341317365,0.978299975395203,xxxx,0.568862275449102,3.45700001716614,xxxx,0.790419161676647,4.85599994135555E-5,xxxx,0.75748502994012,0.766799986362457,xxxx,0.973053892215569,41.2400016784668,xxxx,1,0.00386361263000224,6.10867002597034E-5,0.610778443113773,0.824407138983389,0.00653009721662155,0.841317365269461,44.3056861361477,0.679644346858825,0.440119760479042,5.16746755076021,0.395907960145525,0.44311377245509,0.00430661668476437,0.330191888489649
,,,,,,,,,,,,,,,,,,,,,,,,,,,,,,,,,,,,,
"Batch mean",,,3.03200006484985,,,2.53400003202842E-6,,,0.978299975395203,,,3.45700001716614,,,4.85599994135555E-5,,,0.766799986362457,,,41.2400016784668,,,0.00386361265555024,,,0.824407160282135,,,44.3056869506836,,,5.16746759414673,,,,
"Batch standard deviation",,,0,,,0,,,0,,,0,,,0,,,0,,,0,,,0,,,0,,,0,,,0,,,,
,,,,,,,,,,,,,,,,,,,,,,,,,,,,,,,,,,,,,
"Equivalent circuit",,,,,,,,,,,,,,,,,,,,,,,,,,,,,,,,,,,,,
R1+Q2/R2+Q3/R3+Q4/R4+W5,,,,,,,,,,,,,,,,,,,,,,,,,,,,,,,,,,,,,
