,,,R1/Ohm,"Std err. R1/Ohm","Rank R1","Q2/F.s^(a - 1)","Std err. Q2/F.s^(a - 1)","Rank Q2",a2/,"Std err. a2","Rank a2",R2,"Std err. R2/Ohm","Rank R2","Q3/F.s^(a - 1)","Std err. Q3/F.s^(a - 1)","Rank Q3",a3/,"Std err. a3","Rank a3",R3,"Std err. R3/Ohm","Rank R3","Q4/F.s^(a - 1)","Std err. Q4/F.s^(a - 1)","Rank Q4",a4/,"Std err. a4","Rank a4",R4,"Std err. R4/Ohm","Rank R4",s5/Ohm.s^-1/2,"Std err. s5/Ohm.s^-1/2","Rank s5",Chi^2/|Z|^2,Chi/sqrt(N)/Ohm
C:\Users\HOME\Desktop\JupyterWorkspace\ALBATROSS_Paper\250925_EIS\1\250926021538_5(1-6).mpr,"Cycle 0",,3.0239999294281,xxxx,0.738095238095238,8.50499964144547E-6,xxxx,0.330357142857143,0.875500023365021,xxxx,0.5625,3.28699994087219,xxxx,0.761904761904762,5.24899987794925E-5,xxxx,0.782738095238095,0.755299985408783,xxxx,1,53.4599990844727,xxxx,0.985119047619048,0.00378508406806873,6.17951541523048E-5,0.607142857142857,0.818481034042222,0.00644810216638693,0.836309523809524,51.1389637996327,0.86723493401383,0.428571428571429,5.2607854925693,0.485053630326891,0.431547619047619,0.00198221594523556,0.370511732937024
,,,,,,,,,,,,,,,,,,,,,,,,,,,,,,,,,,,,,
"Batch mean",,,3.0239999294281,,,8.50499964144547E-6,,,0.875500023365021,,,3.28699994087219,,,5.24899987794925E-5,,,0.755299985408783,,,53.4599990844727,,,0.00378508400171995,,,0.818481028079987,,,51.1389656066895,,,5.2607855796814,,,,
"Batch standard deviation",,,0,,,0,,,0,,,0,,,0,,,0,,,0,,,0,,,0,,,0,,,0,,,,
,,,,,,,,,,,,,,,,,,,,,,,,,,,,,,,,,,,,,
"Equivalent circuit",,,,,,,,,,,,,,,,,,,,,,,,,,,,,,,,,,,,,
R1+Q2/R2+Q3/R3+Q4/R4+W5,,,,,,,,,,,,,,,,,,,,,,,,,,,,,,,,,,,,,
