,,,R1/Ohm,"Std err. R1/Ohm","Rank R1","Q2/F.s^(a - 1)","Std err. Q2/F.s^(a - 1)","Rank Q2",a2/,"Std err. a2","Rank a2",R2,"Std err. R2/Ohm","Rank R2","Q3/F.s^(a - 1)","Std err. Q3/F.s^(a - 1)","Rank Q3",a3/,"Std err. a3","Rank a3",R3,"Std err. R3/Ohm","Rank R3","Q4/F.s^(a - 1)","Std err. Q4/F.s^(a - 1)","Rank Q4",a4/,"Std err. a4","Rank a4",R4,"Std err. R4/Ohm","Rank R4",s5/Ohm.s^-1/2,"Std err. s5/Ohm.s^-1/2","Rank s5",Chi^2/|Z|^2,Chi/sqrt(N)/Ohm
C:\Users\HOME\Desktop\JupyterWorkspace\ALBATROSS_Paper\250925_EIS\1\250926071726_44(6-5).mpr,"Cycle 0",,3.06800007820129,xxxx,0.755287009063444,2.17999991036777E-6,xxxx,0.332326283987915,0.991599977016449,xxxx,0.574018126888218,3.23900008201599,xxxx,0.782477341389728,5.56800005142577E-5,xxxx,0.770392749244713,0.756399989128113,xxxx,0.990936555891239,42.1800003051758,xxxx,1,0.00380280122011903,6.52799687669206E-5,0.622356495468278,0.817964549598279,0.00669903286517497,0.858006042296072,47.1260225622642,0.772741352800011,0.447129909365559,4.89462034549395,0.425571207833871,0.444108761329305,0.0029588453363093,0.364744293768071
,,,,,,,,,,,,,,,,,,,,,,,,,,,,,,,,,,,,,
"Batch mean",,,3.06800007820129,,,2.17999991036777E-6,,,0.991599977016449,,,3.23900008201599,,,5.56800005142577E-5,,,0.756399989128113,,,42.1800003051758,,,0.00380280124954879,,,0.817964553833008,,,47.1260223388672,,,4.89462041854858,,,,
"Batch standard deviation",,,0,,,0,,,0,,,0,,,0,,,0,,,0,,,0,,,0,,,0,,,0,,,,
,,,,,,,,,,,,,,,,,,,,,,,,,,,,,,,,,,,,,
"Equivalent circuit",,,,,,,,,,,,,,,,,,,,,,,,,,,,,,,,,,,,,
R1+Q2/R2+Q3/R3+Q4/R4+W5,,,,,,,,,,,,,,,,,,,,,,,,,,,,,,,,,,,,,
