,,,R1/Ohm,"Std err. R1/Ohm","Rank R1","Q2/F.s^(a - 1)","Std err. Q2/F.s^(a - 1)","Rank Q2",a2/,"Std err. a2","Rank a2",R2,"Std err. R2/Ohm","Rank R2","Q3/F.s^(a - 1)","Std err. Q3/F.s^(a - 1)","Rank Q3",a3/,"Std err. a3","Rank a3",R3,"Std err. R3/Ohm","Rank R3","Q4/F.s^(a - 1)","Std err. Q4/F.s^(a - 1)","Rank Q4",a4/,"Std err. a4","Rank a4",R4,"Std err. R4/Ohm","Rank R4",s5/Ohm.s^-1/2,"Std err. s5/Ohm.s^-1/2","Rank s5",Chi^2/|Z|^2,Chi/sqrt(N)/Ohm
C:\Users\HOME\Desktop\JupyterWorkspace\ALBATROSS_Paper\250925_EIS\1\250926050921_27(4-4).mpr,"Cycle 0",,2.84568026132126,0.0339743051683762,0.736526946107784,4.65658590894819E-6,4.96421370421442E-7,0.332335329341317,0.926275214688847,0.0102612619341143,0.574850299401198,3.47142838746339,0.0469757514244818,0.784431137724551,6.14500022493303E-5,xxxx,0.772455089820359,0.742500007152557,xxxx,0.988023952095808,44.8600006103516,xxxx,1,0.00366499996744096,xxxx,0.604790419161677,0.833299994468689,xxxx,0.835329341317365,46.0499992370605,xxxx,0.437125748502994,5.25,xxxx,0.44311377245509,0.00176947304462198,0.419554798607979
,,,,,,,,,,,,,,,,,,,,,,,,,,,,,,,,,,,,,
"Batch mean",,,2.84568023681641,,,4.65658604298369E-6,,,0.926275193691254,,,3.47142839431763,,,6.14500022493303E-5,,,0.742500007152557,,,44.8600006103516,,,0.00366499996744096,,,0.833299994468689,,,46.0499992370605,,,5.25,,,,
"Batch standard deviation",,,0,,,0,,,0,,,0,,,0,,,0,,,0,,,0,,,0,,,0,,,0,,,,
,,,,,,,,,,,,,,,,,,,,,,,,,,,,,,,,,,,,,
"Equivalent circuit",,,,,,,,,,,,,,,,,,,,,,,,,,,,,,,,,,,,,
R1+Q2/R2+Q3/R3+Q4/R4+W5,,,,,,,,,,,,,,,,,,,,,,,,,,,,,,,,,,,,,
