,,,R1/Ohm,"Std err. R1/Ohm","Rank R1","Q2/F.s^(a - 1)","Std err. Q2/F.s^(a - 1)","Rank Q2",a2/,"Std err. a2","Rank a2",R2,"Std err. R2/Ohm","Rank R2","Q3/F.s^(a - 1)","Std err. Q3/F.s^(a - 1)","Rank Q3",a3/,"Std err. a3","Rank a3",R3,"Std err. R3/Ohm","Rank R3","Q4/F.s^(a - 1)","Std err. Q4/F.s^(a - 1)","Rank Q4",a4/,"Std err. a4","Rank a4",R4,"Std err. R4/Ohm","Rank R4",s5/Ohm.s^-1/2,"Std err. s5/Ohm.s^-1/2","Rank s5",Chi^2/|Z|^2,Chi/sqrt(N)/Ohm
C:\Users\HOME\Desktop\JupyterWorkspace\ALBATROSS_Paper\250925_EIS\1\250926034234_17(3-2).mpr,"Cycle 0",,2.83200001716614,xxxx,0.738738738738739,2.52099994213495E-6,xxxx,0.324324324324324,0.980799973011017,xxxx,0.570570570570571,3.21300005912781,xxxx,0.777777777777778,5.42900015716441E-5,xxxx,0.792792792792793,0.751900017261505,xxxx,0.996996996996997,49.5400009155273,xxxx,1,0.00368867852620074,8.00424041643381E-5,0.606606606606607,0.831907498594943,0.00900995902598162,0.843843843843844,47.7700319438898,1.09669935829235,0.435435435435435,5.21330532301977,0.665558755773305,0.444444444444444,0.00309359466832269,0.478392398380824
,,,,,,,,,,,,,,,,,,,,,,,,,,,,,,,,,,,,,
"Batch mean",,,2.83200001716614,,,2.52099994213495E-6,,,0.980799973011017,,,3.21300005912781,,,5.42900015716441E-5,,,0.751900017261505,,,49.5400009155273,,,0.00368867861106992,,,0.831907510757446,,,47.7700309753418,,,5.21330547332764,,,,
"Batch standard deviation",,,0,,,0,,,0,,,0,,,0,,,0,,,0,,,0,,,0,,,0,,,0,,,,
,,,,,,,,,,,,,,,,,,,,,,,,,,,,,,,,,,,,,
"Equivalent circuit",,,,,,,,,,,,,,,,,,,,,,,,,,,,,,,,,,,,,
R1+Q2/R2+Q3/R3+Q4/R4+W5,,,,,,,,,,,,,,,,,,,,,,,,,,,,,,,,,,,,,
