,,,R1/Ohm,"Std err. R1/Ohm","Rank R1","Q2/F.s^(a - 1)","Std err. Q2/F.s^(a - 1)","Rank Q2",a2/,"Std err. a2","Rank a2",R2,"Std err. R2/Ohm","Rank R2","Q3/F.s^(a - 1)","Std err. Q3/F.s^(a - 1)","Rank Q3",a3/,"Std err. a3","Rank a3",R3,"Std err. R3/Ohm","Rank R3","Q4/F.s^(a - 1)","Std err. Q4/F.s^(a - 1)","Rank Q4",a4/,"Std err. a4","Rank a4",R4,"Std err. R4/Ohm","Rank R4",s5/Ohm.s^-1/2,"Std err. s5/Ohm.s^-1/2","Rank s5",Chi^2/|Z|^2,Chi/sqrt(N)/Ohm
C:\Users\HOME\Desktop\JupyterWorkspace\ALBATROSS_Paper\250925_EIS\1\250926070026_41(6-2).mpr,"Cycle 0",,3.22199988365173,xxxx,0.761467889908257,6.3550000959367E-6,xxxx,0.357798165137615,0.884999990463257,xxxx,0.605504587155963,4.51999998092651,xxxx,0.813455657492355,5.433999831439E-5,xxxx,0.764525993883792,0.758099973201752,xxxx,1,43.0900001525879,xxxx,0.996941896024465,0.00349971193828349,7.66465334948179E-5,0.614678899082569,0.836962415972874,0.00872419665230206,0.859327217125382,48.3338533917497,1.0678820632114,0.446483180428135,5.4397367275653,0.616139811898116,0.44954128440367,0.00327073881617508,0.430762035171609
,,,,,,,,,,,,,,,,,,,,,,,,,,,,,,,,,,,,,
"Batch mean",,,3.22199988365173,,,6.3550000959367E-6,,,0.884999990463257,,,4.51999998092651,,,5.433999831439E-5,,,0.758099973201752,,,43.0900001525879,,,0.00349971186369658,,,0.836962401866913,,,48.333854675293,,,5.43973684310913,,,,
"Batch standard deviation",,,0,,,0,,,0,,,0,,,0,,,0,,,0,,,0,,,0,,,0,,,0,,,,
,,,,,,,,,,,,,,,,,,,,,,,,,,,,,,,,,,,,,
"Equivalent circuit",,,,,,,,,,,,,,,,,,,,,,,,,,,,,,,,,,,,,
R1+Q2/R2+Q3/R3+Q4/R4+W5,,,,,,,,,,,,,,,,,,,,,,,,,,,,,,,,,,,,,
