,,,R1/Ohm,"Std err. R1/Ohm","Rank R1","Q2/F.s^(a - 1)","Std err. Q2/F.s^(a - 1)","Rank Q2",a2/,"Std err. a2","Rank a2",R2,"Std err. R2/Ohm","Rank R2","Q3/F.s^(a - 1)","Std err. Q3/F.s^(a - 1)","Rank Q3",a3/,"Std err. a3","Rank a3",R3,"Std err. R3/Ohm","Rank R3","Q4/F.s^(a - 1)","Std err. Q4/F.s^(a - 1)","Rank Q4",a4/,"Std err. a4","Rank a4",R4,"Std err. R4/Ohm","Rank R4",s5/Ohm.s^-1/2,"Std err. s5/Ohm.s^-1/2","Rank s5",Chi^2/|Z|^2,Chi/sqrt(N)/Ohm
C:\Users\HOME\Desktop\JupyterWorkspace\ALBATROSS_Paper\250925_EIS\1\250926054334_31(4-8).mpr,"Cycle 0",,2.90100002288818,xxxx,0.743202416918429,4.58600015917909E-6,xxxx,0.341389728096677,0.915300011634827,xxxx,0.589123867069486,3.98799991607666,xxxx,0.803625377643505,6.32299997960217E-5,xxxx,0.773413897280967,0.741199970245361,xxxx,0.990936555891239,44.3699989318848,xxxx,1,0.00378769827796481,8.54529862767614E-5,0.613293051359517,0.820441064145588,0.00853281350270478,0.845921450151057,47.2768212726591,1.12823041263627,0.438066465256798,5.03893310733208,0.650469501138676,0.438066465256798,0.00183569877469995,0.452821456574076
,,,,,,,,,,,,,,,,,,,,,,,,,,,,,,,,,,,,,
"Batch mean",,,2.90100002288818,,,4.58600015917909E-6,,,0.915300011634827,,,3.98799991607666,,,6.32299997960217E-5,,,0.741199970245361,,,44.3699989318848,,,0.0037876982241869,,,0.820441067218781,,,47.2768211364746,,,5.03893327713013,,,,
"Batch standard deviation",,,0,,,0,,,0,,,0,,,0,,,0,,,0,,,0,,,0,,,0,,,0,,,,
,,,,,,,,,,,,,,,,,,,,,,,,,,,,,,,,,,,,,
"Equivalent circuit",,,,,,,,,,,,,,,,,,,,,,,,,,,,,,,,,,,,,
R1+Q2/R2+Q3/R3+Q4/R4+W5,,,,,,,,,,,,,,,,,,,,,,,,,,,,,,,,,,,,,
