,,,R1/Ohm,"Std err. R1/Ohm","Rank R1","Q2/F.s^(a - 1)","Std err. Q2/F.s^(a - 1)","Rank Q2",a2/,"Std err. a2","Rank a2",R2,"Std err. R2/Ohm","Rank R2","Q3/F.s^(a - 1)","Std err. Q3/F.s^(a - 1)","Rank Q3",a3/,"Std err. a3","Rank a3",R3,"Std err. R3/Ohm","Rank R3","Q4/F.s^(a - 1)","Std err. Q4/F.s^(a - 1)","Rank Q4",a4/,"Std err. a4","Rank a4",R4,"Std err. R4/Ohm","Rank R4",s5/Ohm.s^-1/2,"Std err. s5/Ohm.s^-1/2","Rank s5",Chi^2/|Z|^2,Chi/sqrt(N)/Ohm
C:\Users\HOME\Desktop\JupyterWorkspace\ALBATROSS_Paper\250925_EIS\1\250926041312_20(3-5).mpr,"Cycle 0",,3.20799994468689,xxxx,0.748502994011976,4.94799996886286E-6,xxxx,0.326347305389222,0.903900027275085,xxxx,0.568862275449102,3.39199995994568,xxxx,0.778443113772455,6.36800032225437E-5,xxxx,0.781437125748503,0.736299991607666,xxxx,0.994011976047904,47.5099983215332,xxxx,1,0.00382060212638177,7.76896160585834E-5,0.604790419161677,0.824338616058456,0.00797132626340401,0.838323353293413,46.5108685369699,1.11312195041982,0.431137724550898,5.17625756654202,0.680654785081548,0.437125748502994,0.00227287485062755,0.443347730746499
,,,,,,,,,,,,,,,,,,,,,,,,,,,,,,,,,,,,,
"Batch mean",,,3.20799994468689,,,4.94799996886286E-6,,,0.903900027275085,,,3.39199995994568,,,6.36800032225437E-5,,,0.736299991607666,,,47.5099983215332,,,0.00382060208357871,,,0.824338614940643,,,46.5108680725098,,,5.17625761032104,,,,
"Batch standard deviation",,,0,,,0,,,0,,,0,,,0,,,0,,,0,,,0,,,0,,,0,,,0,,,,
,,,,,,,,,,,,,,,,,,,,,,,,,,,,,,,,,,,,,
"Equivalent circuit",,,,,,,,,,,,,,,,,,,,,,,,,,,,,,,,,,,,,
R1+Q2/R2+Q3/R3+Q4/R4+W5,,,,,,,,,,,,,,,,,,,,,,,,,,,,,,,,,,,,,
