,,,R1/Ohm,"Std err. R1/Ohm","Rank R1","Q2/F.s^(a - 1)","Std err. Q2/F.s^(a - 1)","Rank Q2",a2/,"Std err. a2","Rank a2",R2,"Std err. R2/Ohm","Rank R2","Q3/F.s^(a - 1)","Std err. Q3/F.s^(a - 1)","Rank Q3",a3/,"Std err. a3","Rank a3",R3,"Std err. R3/Ohm","Rank R3","Q4/F.s^(a - 1)","Std err. Q4/F.s^(a - 1)","Rank Q4",a4/,"Std err. a4","Rank a4",R4,"Std err. R4/Ohm","Rank R4",s5/Ohm.s^-1/2,"Std err. s5/Ohm.s^-1/2","Rank s5",Chi^2/|Z|^2,Chi/sqrt(N)/Ohm
C:\Users\HOME\Desktop\JupyterWorkspace\ALBATROSS_Paper\250925_EIS\1\250926015844_3(1-4).mpr,"Cycle 0",,3.19000005722046,xxxx,0.74251497005988,1.99000010070449E-6,xxxx,0.31437125748503,1,xxxx,0.568862275449102,3.27099990844727,xxxx,0.766467065868264,5.49100004718639E-5,xxxx,0.796407185628743,0.750299990177155,xxxx,1,53.8400001525879,xxxx,0.994011976047904,0.00365089233062963,5.03094209634879E-5,0.622754491017964,0.798418579555426,0.00560689706298898,0.847305389221557,55.930608483888,1.012798767597,0.437125748502994,4.65893824557017,0.547931995482519,0.419161676646707,0.0031480206180742,0.330311029613248
,,,,,,,,,,,,,,,,,,,,,,,,,,,,,,,,,,,,,
"Batch mean",,,3.19000005722046,,,1.99000010070449E-6,,,1,,,3.27099990844727,,,5.49100004718639E-5,,,0.750299990177155,,,53.8400001525879,,,0.00365089229308069,,,0.798418581485748,,,55.930606842041,,,4.65893840789795,,,,
"Batch standard deviation",,,0,,,0,,,0,,,0,,,0,,,0,,,0,,,0,,,0,,,0,,,0,,,,
,,,,,,,,,,,,,,,,,,,,,,,,,,,,,,,,,,,,,
"Equivalent circuit",,,,,,,,,,,,,,,,,,,,,,,,,,,,,,,,,,,,,
R1+Q2/R2+Q3/R3+Q4/R4+W5,,,,,,,,,,,,,,,,,,,,,,,,,,,,,,,,,,,,,
