,,,R1/Ohm,"Std err. R1/Ohm","Rank R1","Q2/F.s^(a - 1)","Std err. Q2/F.s^(a - 1)","Rank Q2",a2/,"Std err. a2","Rank a2",R2,"Std err. R2/Ohm","Rank R2","Q3/F.s^(a - 1)","Std err. Q3/F.s^(a - 1)","Rank Q3",a3/,"Std err. a3","Rank a3",R3,"Std err. R3/Ohm","Rank R3","Q4/F.s^(a - 1)","Std err. Q4/F.s^(a - 1)","Rank Q4",a4/,"Std err. a4","Rank a4",R4,"Std err. R4/Ohm","Rank R4",s5/Ohm.s^-1/2,"Std err. s5/Ohm.s^-1/2","Rank s5",Chi^2/|Z|^2,Chi/sqrt(N)/Ohm
C:\Users\HOME\Desktop\JupyterWorkspace\ALBATROSS_Paper\250925_EIS\1\250926023820_8(2-1).mpr,"Cycle 0",,2.98099994659424,xxxx,0.737951807228916,2.85900000562833E-6,xxxx,0.328313253012048,0.972899973392487,xxxx,0.575301204819277,3.49399995803833,xxxx,0.786144578313253,5.22500013175886E-5,xxxx,0.798192771084337,0.755299985408783,xxxx,1,52.060001373291,xxxx,0.993975903614458,0.00361903801822344,5.87135045842024E-5,0.620481927710843,0.809226752419033,0.00622743980644022,0.849397590361446,52.21715463266,1.00524626042232,0.436746987951807,5.04079351993606,0.58661140214873,0.427710843373494,0.00343360430174355,0.374463386674859
,,,,,,,,,,,,,,,,,,,,,,,,,,,,,,,,,,,,,
"Batch mean",,,2.98099994659424,,,2.85900000562833E-6,,,0.972899973392487,,,3.49399995803833,,,5.22500013175886E-5,,,0.755299985408783,,,52.060001373291,,,0.00361903803423047,,,0.809226751327515,,,52.217155456543,,,5.04079341888428,,,,
"Batch standard deviation",,,0,,,0,,,0,,,0,,,0,,,0,,,0,,,0,,,0,,,0,,,0,,,,
,,,,,,,,,,,,,,,,,,,,,,,,,,,,,,,,,,,,,
"Equivalent circuit",,,,,,,,,,,,,,,,,,,,,,,,,,,,,,,,,,,,,
R1+Q2/R2+Q3/R3+Q4/R4+W5,,,,,,,,,,,,,,,,,,,,,,,,,,,,,,,,,,,,,
