,,,R1/Ohm,"Std err. R1/Ohm","Rank R1","Q2/F.s^(a - 1)","Std err. Q2/F.s^(a - 1)","Rank Q2",a2/,"Std err. a2","Rank a2",R2,"Std err. R2/Ohm","Rank R2","Q3/F.s^(a - 1)","Std err. Q3/F.s^(a - 1)","Rank Q3",a3/,"Std err. a3","Rank a3",R3,"Std err. R3/Ohm","Rank R3","Q4/F.s^(a - 1)","Std err. Q4/F.s^(a - 1)","Rank Q4",a4/,"Std err. a4","Rank a4",R4,"Std err. R4/Ohm","Rank R4",s5/Ohm.s^-1/2,"Std err. s5/Ohm.s^-1/2","Rank s5",Chi^2/|Z|^2,Chi/sqrt(N)/Ohm
C:\Users\HOME\Desktop\JupyterWorkspace\ALBATROSS_Paper\250925_EIS\1\250926062508_37(5-6).mpr,"Cycle 0",,3.00300002098083,xxxx,0.742424242424242,6.41799988443381E-6,xxxx,0.354545454545455,0.884800016880035,xxxx,0.603030303030303,4.48299980163574,xxxx,0.812121212121212,4.53899992862716E-5,xxxx,0.760606060606061,0.777400016784668,xxxx,0.990909090909091,44.5900001525879,xxxx,1,0.00354033880117694,7.86790029187778E-5,0.603030303030303,0.847931623838327,0.00894156798880879,0.845454545454545,46.1376311644091,1.12293600322879,0.433333333333333,5.39169875406978,0.70342414877415,0.454545454545455,0.00275566450310164,0.482924431080727
,,,,,,,,,,,,,,,,,,,,,,,,,,,,,,,,,,,,,
"Batch mean",,,3.00300002098083,,,6.41799988443381E-6,,,0.884800016880035,,,4.48299980163574,,,4.53899992862716E-5,,,0.777400016784668,,,44.5900001525879,,,0.00354033871553838,,,0.847931623458862,,,46.1376304626465,,,5.39169883728027,,,,
"Batch standard deviation",,,0,,,0,,,0,,,0,,,0,,,0,,,0,,,0,,,0,,,0,,,0,,,,
,,,,,,,,,,,,,,,,,,,,,,,,,,,,,,,,,,,,,
"Equivalent circuit",,,,,,,,,,,,,,,,,,,,,,,,,,,,,,,,,,,,,
R1+Q2/R2+Q3/R3+Q4/R4+W5,,,,,,,,,,,,,,,,,,,,,,,,,,,,,,,,,,,,,
