,,,R1/Ohm,"Std err. R1/Ohm","Rank R1","Q2/F.s^(a - 1)","Std err. Q2/F.s^(a - 1)","Rank Q2",a2/,"Std err. a2","Rank a2",R2,"Std err. R2/Ohm","Rank R2","Q3/F.s^(a - 1)","Std err. Q3/F.s^(a - 1)","Rank Q3",a3/,"Std err. a3","Rank a3",R3,"Std err. R3/Ohm","Rank R3","Q4/F.s^(a - 1)","Std err. Q4/F.s^(a - 1)","Rank Q4",a4/,"Std err. a4","Rank a4",R4,"Std err. R4/Ohm","Rank R4",s5/Ohm.s^-1/2,"Std err. s5/Ohm.s^-1/2","Rank s5",Chi^2/|Z|^2,Chi/sqrt(N)/Ohm
C:\Users\HOME\Desktop\JupyterWorkspace\ALBATROSS_Paper\250925_EIS\1\250926060751_34(5-3).mpr,"Cycle 0",,2.91899991035461,xxxx,0.844117647058824,3.73500006389804E-6,xxxx,0.323529411764706,0.941500008106232,xxxx,0.567647058823529,2.53900003433228,xxxx,0.691176470588235,5.69799994991627E-5,xxxx,0.785294117647059,0.75,xxxx,1,42.1699981689453,xxxx,0.991176470588235,0.00405000010505319,xxxx,0.608823529411765,0.819800019264221,xxxx,0.847058823529412,44.8400001525879,xxxx,0.432352941176471,6.28932842904131,1.83772061352973,0.479411764705882,3.0745720106078,3.468257486004
,,,,,,,,,,,,,,,,,,,,,,,,,,,,,,,,,,,,,
"Batch mean",,,2.91899991035461,,,3.73500006389804E-6,,,0.941500008106232,,,2.53900003433228,,,5.69799994991627E-5,,,0.75,,,42.1699981689453,,,0.00405000010505319,,,0.819800019264221,,,44.8400001525879,,,6.28932857513428,,,,
"Batch standard deviation",,,0,,,0,,,0,,,0,,,0,,,0,,,0,,,0,,,0,,,0,,,0,,,,
,,,,,,,,,,,,,,,,,,,,,,,,,,,,,,,,,,,,,
"Equivalent circuit",,,,,,,,,,,,,,,,,,,,,,,,,,,,,,,,,,,,,
R1+Q2/R2+Q3/R3+Q4/R4+W5,,,,,,,,,,,,,,,,,,,,,,,,,,,,,,,,,,,,,
