,,,R1/Ohm,"Std err. R1/Ohm","Rank R1","Q2/F.s^(a - 1)","Std err. Q2/F.s^(a - 1)","Rank Q2",a2/,"Std err. a2","Rank a2",R2,"Std err. R2/Ohm","Rank R2","Q3/F.s^(a - 1)","Std err. Q3/F.s^(a - 1)","Rank Q3",a3/,"Std err. a3","Rank a3",R3,"Std err. R3/Ohm","Rank R3","Q4/F.s^(a - 1)","Std err. Q4/F.s^(a - 1)","Rank Q4",a4/,"Std err. a4","Rank a4",R4,"Std err. R4/Ohm","Rank R4",s5/Ohm.s^-1/2,"Std err. s5/Ohm.s^-1/2","Rank s5",Chi^2/|Z|^2,Chi/sqrt(N)/Ohm
C:\Users\HOME\Desktop\JupyterWorkspace\ALBATROSS_Paper\250925_EIS\3\250926135533_3(1-4).mpr,"Cycle 0",,3.23390995784672,0.0412166765802382,0.727810650887574,3.95006138915955E-6,6.25793667869123E-7,0.334319526627219,0.936450873000122,0.0144309812705401,0.57396449704142,3.7655269640669,0.067480555266295,0.781065088757396,6.92100002197549E-5,xxxx,0.77810650887574,0.747399985790253,xxxx,1,58.2799987792969,xxxx,0.946745562130177,0.00368499988690019,xxxx,0.612426035502959,0.768999993801117,xxxx,0.834319526627219,33.1800003051758,xxxx,0.458579881656805,3.18700003623962,xxxx,0.372781065088757,0.00318635292832991,0.456056631453079
,,,,,,,,,,,,,,,,,,,,,,,,,,,,,,,,,,,,,
"Batch mean",,,3.23390984535217,,,3.95006145481602E-6,,,0.936450898647308,,,3.76552700996399,,,6.92100002197549E-5,,,0.747399985790253,,,58.2799987792969,,,0.00368499988690019,,,0.768999993801117,,,33.1800003051758,,,3.18700003623962,,,,
"Batch standard deviation",,,0,,,0,,,0,,,0,,,0,,,0,,,0,,,0,,,0,,,0,,,0,,,,
,,,,,,,,,,,,,,,,,,,,,,,,,,,,,,,,,,,,,
"Equivalent circuit",,,,,,,,,,,,,,,,,,,,,,,,,,,,,,,,,,,,,
R1+Q2/R2+Q3/R3+Q4/R4+W5,,,,,,,,,,,,,,,,,,,,,,,,,,,,,,,,,,,,,
