,,,R1/Ohm,"Std err. R1/Ohm","Rank R1","Q2/F.s^(a - 1)","Std err. Q2/F.s^(a - 1)","Rank Q2",a2/,"Std err. a2","Rank a2",R2,"Std err. R2/Ohm","Rank R2","Q3/F.s^(a - 1)","Std err. Q3/F.s^(a - 1)","Rank Q3",a3/,"Std err. a3","Rank a3",R3,"Std err. R3/Ohm","Rank R3","Q4/F.s^(a - 1)","Std err. Q4/F.s^(a - 1)","Rank Q4",a4/,"Std err. a4","Rank a4",R4,"Std err. R4/Ohm","Rank R4",s5/Ohm.s^-1/2,"Std err. s5/Ohm.s^-1/2","Rank s5",Chi^2/|Z|^2,Chi/sqrt(N)/Ohm
C:\Users\HOME\Desktop\JupyterWorkspace\ALBATROSS_Paper\250925_EIS\3\250926154711_18(3-3).mpr,"Cycle 0",,3.17899990081787,xxxx,0.737463126843658,2.91199989987945E-6,xxxx,0.339233038348083,0.962199985980988,xxxx,0.581120943952802,3.74399995803833,xxxx,0.784660766961652,6.93499969202094E-5,xxxx,0.790560471976401,0.742399990558624,xxxx,1,62.1599998474121,xxxx,0.96165191740413,0.00332806772469511,0.000163104240147796,0.545722713864307,0.881248802547671,0.0153984872013685,0.784660766961652,28.2292533297446,0.80274906142825,0.436578171091445,4.58255494751609,0.624650456406486,0.436578171091445,0.00292269403220362,0.557191611820522
,,,,,,,,,,,,,,,,,,,,,,,,,,,,,,,,,,,,,
"Batch mean",,,3.17899990081787,,,2.91199989987945E-6,,,0.962199985980988,,,3.74399995803833,,,6.93499969202094E-5,,,0.742399990558624,,,62.1599998474121,,,0.00332806771621108,,,0.881248831748962,,,28.2292537689209,,,4.58255481719971,,,,
"Batch standard deviation",,,0,,,0,,,0,,,0,,,0,,,0,,,0,,,0,,,0,,,0,,,0,,,,
,,,,,,,,,,,,,,,,,,,,,,,,,,,,,,,,,,,,,
"Equivalent circuit",,,,,,,,,,,,,,,,,,,,,,,,,,,,,,,,,,,,,
R1+Q2/R2+Q3/R3+Q4/R4+W5,,,,,,,,,,,,,,,,,,,,,,,,,,,,,,,,,,,,,
