,,,R1/Ohm,"Std err. R1/Ohm","Rank R1","Q2/F.s^(a - 1)","Std err. Q2/F.s^(a - 1)","Rank Q2",a2/,"Std err. a2","Rank a2",R2,"Std err. R2/Ohm","Rank R2","Q3/F.s^(a - 1)","Std err. Q3/F.s^(a - 1)","Rank Q3",a3/,"Std err. a3","Rank a3",R3,"Std err. R3/Ohm","Rank R3","Q4/F.s^(a - 1)","Std err. Q4/F.s^(a - 1)","Rank Q4",a4/,"Std err. a4","Rank a4",R4,"Std err. R4/Ohm","Rank R4",s5/Ohm.s^-1/2,"Std err. s5/Ohm.s^-1/2","Rank s5",Chi^2/|Z|^2,Chi/sqrt(N)/Ohm
C:\Users\HOME\Desktop\JupyterWorkspace\ALBATROSS_Paper\250925_EIS\3\250926152503_15(2-8).mpr,"Cycle 0",,3.39400005340576,xxxx,0.758823529411765,2.85300006908074E-6,xxxx,0.338235294117647,0.964699983596802,xxxx,0.570588235294118,3.51900005340576,xxxx,0.779411764705882,6.37400007690303E-5,xxxx,0.791176470588235,0.75,xxxx,1,62.9099998474121,xxxx,0.961764705882353,0.00351171135472977,0.000142254672365624,0.541176470588235,0.890826015656476,0.0143556336021848,0.779411764705882,26.3211454403846,0.589775547262952,0.432352941176471,3.90708894008493,0.484383796627706,0.423529411764706,0.00345849470952757,0.577904858959315
,,,,,,,,,,,,,,,,,,,,,,,,,,,,,,,,,,,,,
"Batch mean",,,3.39400005340576,,,2.85300006908074E-6,,,0.964699983596802,,,3.51900005340576,,,6.37400007690303E-5,,,0.75,,,62.9099998474121,,,0.00351171125657856,,,0.890825986862183,,,26.3211460113525,,,3.90708899497986,,,,
"Batch standard deviation",,,0,,,0,,,0,,,0,,,0,,,0,,,0,,,0,,,0,,,0,,,0,,,,
,,,,,,,,,,,,,,,,,,,,,,,,,,,,,,,,,,,,,
"Equivalent circuit",,,,,,,,,,,,,,,,,,,,,,,,,,,,,,,,,,,,,
R1+Q2/R2+Q3/R3+Q4/R4+W5,,,,,,,,,,,,,,,,,,,,,,,,,,,,,,,,,,,,,
