,,,R1/Ohm,"Std err. R1/Ohm","Rank R1","Q2/F.s^(a - 1)","Std err. Q2/F.s^(a - 1)","Rank Q2",a2/,"Std err. a2","Rank a2",R2,"Std err. R2/Ohm","Rank R2","Q3/F.s^(a - 1)","Std err. Q3/F.s^(a - 1)","Rank Q3",a3/,"Std err. a3","Rank a3",R3,"Std err. R3/Ohm","Rank R3","Q4/F.s^(a - 1)","Std err. Q4/F.s^(a - 1)","Rank Q4",a4/,"Std err. a4","Rank a4",R4,"Std err. R4/Ohm","Rank R4",s5/Ohm.s^-1/2,"Std err. s5/Ohm.s^-1/2","Rank s5",Chi^2/|Z|^2,Chi/sqrt(N)/Ohm
C:\Users\HOME\Desktop\JupyterWorkspace\ALBATROSS_Paper\250925_EIS\3\250926141735_6(1-7).mpr,"Cycle 0",,2.93700003623962,xxxx,0.733918128654971,4.5810002120561E-6,xxxx,0.330409356725146,0.894299983978271,xxxx,0.558479532163743,3.40899991989136,xxxx,0.780701754385965,7.45400029700249E-5,xxxx,0.801169590643275,0.728200018405914,xxxx,1,65.3000030517578,xxxx,0.964912280701754,0.00343215623369252,0.000195741298705463,0.526315789473684,0.91913463291621,0.0185596660745907,0.766081871345029,25.3982352199795,0.769620958160694,0.426900584795322,4.42353269046377,0.564204745139778,0.444444444444444,0.0041747774147487,0.666011653953051
,,,,,,,,,,,,,,,,,,,,,,,,,,,,,,,,,,,,,
"Batch mean",,,2.93700003623962,,,4.5810002120561E-6,,,0.894299983978271,,,3.40899991989136,,,7.45400029700249E-5,,,0.728200018405914,,,65.3000030517578,,,0.00343215628527105,,,0.919134616851807,,,25.3982353210449,,,4.42353248596191,,,,
"Batch standard deviation",,,0,,,0,,,0,,,0,,,0,,,0,,,0,,,0,,,0,,,0,,,0,,,,
,,,,,,,,,,,,,,,,,,,,,,,,,,,,,,,,,,,,,
"Equivalent circuit",,,,,,,,,,,,,,,,,,,,,,,,,,,,,,,,,,,,,
R1+Q2/R2+Q3/R3+Q4/R4+W5,,,,,,,,,,,,,,,,,,,,,,,,,,,,,,,,,,,,,
