,,,R1/Ohm,"Std err. R1/Ohm","Rank R1","Q2/F.s^(a - 1)","Std err. Q2/F.s^(a - 1)","Rank Q2",a2/,"Std err. a2","Rank a2",R2,"Std err. R2/Ohm","Rank R2","Q3/F.s^(a - 1)","Std err. Q3/F.s^(a - 1)","Rank Q3",a3/,"Std err. a3","Rank a3",R3,"Std err. R3/Ohm","Rank R3","Q4/F.s^(a - 1)","Std err. Q4/F.s^(a - 1)","Rank Q4",a4/,"Std err. a4","Rank a4",R4,"Std err. R4/Ohm","Rank R4",s5/Ohm.s^-1/2,"Std err. s5/Ohm.s^-1/2","Rank s5",Chi^2/|Z|^2,Chi/sqrt(N)/Ohm
C:\Users\HOME\Desktop\JupyterWorkspace\ALBATROSS_Paper\250925_EIS\3\250926171532_29(4-6).mpr,"Cycle 0",,4.50899982452393,xxxx,0.86646884272997,6.51199979984085E-6,xxxx,0.350148367952522,0.879899978637695,xxxx,0.587537091988131,4.50799989700317,xxxx,0.712166172106825,5.87799986533355E-5,xxxx,0.780415430267062,0.763800024986267,xxxx,1,61.2000007629395,xxxx,0.955489614243324,0.00347201165339557,0.000152120608068303,0.545994065281899,0.868134788385005,0.0139110253236519,0.789317507418398,28.4318576079003,0.71371055378964,0.43620178041543,4.2223629486072,0.526702158280117,0.41839762611276,0.00306287772941711,0.582397410948837
,,,,,,,,,,,,,,,,,,,,,,,,,,,,,,,,,,,,,
"Batch mean",,,4.50899982452393,,,6.51199979984085E-6,,,0.879899978637695,,,4.50799989700317,,,5.87799986533355E-5,,,0.763800024986267,,,61.2000007629395,,,0.00347201176919043,,,0.868134796619415,,,28.4318580627441,,,4.22236299514771,,,,
"Batch standard deviation",,,0,,,0,,,0,,,0,,,0,,,0,,,0,,,0,,,0,,,0,,,0,,,,
,,,,,,,,,,,,,,,,,,,,,,,,,,,,,,,,,,,,,
"Equivalent circuit",,,,,,,,,,,,,,,,,,,,,,,,,,,,,,,,,,,,,
R1+Q2/R2+Q3/R3+Q4/R4+W5,,,,,,,,,,,,,,,,,,,,,,,,,,,,,,,,,,,,,
