,,,R1/Ohm,"Std err. R1/Ohm","Rank R1","Q2/F.s^(a - 1)","Std err. Q2/F.s^(a - 1)","Rank Q2",a2/,"Std err. a2","Rank a2",R2,"Std err. R2/Ohm","Rank R2","Q3/F.s^(a - 1)","Std err. Q3/F.s^(a - 1)","Rank Q3",a3/,"Std err. a3","Rank a3",R3,"Std err. R3/Ohm","Rank R3","Q4/F.s^(a - 1)","Std err. Q4/F.s^(a - 1)","Rank Q4",a4/,"Std err. a4","Rank a4",R4,"Std err. R4/Ohm","Rank R4",s5/Ohm.s^-1/2,"Std err. s5/Ohm.s^-1/2","Rank s5",Chi^2/|Z|^2,Chi/sqrt(N)/Ohm
C:\Users\HOME\Desktop\JupyterWorkspace\ALBATROSS_Paper\250925_EIS\3\250926161904_22(3-7).mpr,"Cycle 0",,4.11176452000601,1.48910687620664,0.866096866096866,2.83219526624392E-6,3.20454025215891E-6,0.324786324786325,0.999999999999996,2.94573954874184E-7,0.555555555555556,2.25623567253056,1.01260853928772,0.655270655270655,5.62399982300121E-5,xxxx,0.797720797720798,0.768800020217896,xxxx,1,63.5099983215332,xxxx,0.937321937321937,0.00333800003863871,xxxx,0.541310541310541,0.892000019550323,xxxx,0.786324786324786,27.3500003814697,xxxx,0.427350427350427,4.13000011444092,xxxx,0.441595441595442,0.661179307954126,1.87688125066288
,,,,,,,,,,,,,,,,,,,,,,,,,,,,,,,,,,,,,
"Batch mean",,,4.11176443099976,,,2.83219537777768E-6,,,1,,,2.25623559951782,,,5.62399982300121E-5,,,0.768800020217896,,,63.5099983215332,,,0.00333800003863871,,,0.892000019550323,,,27.3500003814697,,,4.13000011444092,,,,
"Batch standard deviation",,,0,,,0,,,0,,,0,,,0,,,0,,,0,,,0,,,0,,,0,,,0,,,,
,,,,,,,,,,,,,,,,,,,,,,,,,,,,,,,,,,,,,
"Equivalent circuit",,,,,,,,,,,,,,,,,,,,,,,,,,,,,,,,,,,,,
R1+Q2/R2+Q3/R3+Q4/R4+W5,,,,,,,,,,,,,,,,,,,,,,,,,,,,,,,,,,,,,
