,,,R1/Ohm,"Std err. R1/Ohm","Rank R1","Q2/F.s^(a - 1)","Std err. Q2/F.s^(a - 1)","Rank Q2",a2/,"Std err. a2","Rank a2",R2,"Std err. R2/Ohm","Rank R2","Q3/F.s^(a - 1)","Std err. Q3/F.s^(a - 1)","Rank Q3",a3/,"Std err. a3","Rank a3",R3,"Std err. R3/Ohm","Rank R3","Q4/F.s^(a - 1)","Std err. Q4/F.s^(a - 1)","Rank Q4",a4/,"Std err. a4","Rank a4",R4,"Std err. R4/Ohm","Rank R4",s5/Ohm.s^-1/2,"Std err. s5/Ohm.s^-1/2","Rank s5",Chi^2/|Z|^2,Chi/sqrt(N)/Ohm
C:\Users\HOME\Desktop\JupyterWorkspace\ALBATROSS_Paper\250925_EIS\3\250926155448_19(3-4).mpr,"Cycle 0",,3.51361067994885,0.0471930270830014,0.832844574780059,6.43873586247878E-6,1.02900954482918E-6,0.328445747800586,0.887965353189389,0.01483401618449,0.55425219941349,3.14946800911605,0.0662052394925449,0.683284457478006,5.69399999221787E-5,xxxx,0.788856304985337,0.763300001621246,xxxx,1,63.0099983215332,xxxx,0.956011730205279,0.00366499996744096,xxxx,0.563049853372434,0.854900002479553,xxxx,0.80058651026393,28.5599994659424,xxxx,0.436950146627566,3.7590000629425,xxxx,0.410557184750733,0.00351238635543271,0.589050663499755
,,,,,,,,,,,,,,,,,,,,,,,,,,,,,,,,,,,,,
"Batch mean",,,3.51361060142517,,,6.43873590888688E-6,,,0.887965381145477,,,3.14946794509888,,,5.69399999221787E-5,,,0.763300001621246,,,63.0099983215332,,,0.00366499996744096,,,0.854900002479553,,,28.5599994659424,,,3.7590000629425,,,,
"Batch standard deviation",,,0,,,0,,,0,,,0,,,0,,,0,,,0,,,0,,,0,,,0,,,0,,,,
,,,,,,,,,,,,,,,,,,,,,,,,,,,,,,,,,,,,,
"Equivalent circuit",,,,,,,,,,,,,,,,,,,,,,,,,,,,,,,,,,,,,
R1+Q2/R2+Q3/R3+Q4/R4+W5,,,,,,,,,,,,,,,,,,,,,,,,,,,,,,,,,,,,,
