,,,R1/Ohm,"Std err. R1/Ohm","Rank R1","Q2/F.s^(a - 1)","Std err. Q2/F.s^(a - 1)","Rank Q2",a2/,"Std err. a2","Rank a2",R2,"Std err. R2/Ohm","Rank R2","Q3/F.s^(a - 1)","Std err. Q3/F.s^(a - 1)","Rank Q3",a3/,"Std err. a3","Rank a3",R3,"Std err. R3/Ohm","Rank R3","Q4/F.s^(a - 1)","Std err. Q4/F.s^(a - 1)","Rank Q4",a4/,"Std err. a4","Rank a4",R4,"Std err. R4/Ohm","Rank R4",s5/Ohm.s^-1/2,"Std err. s5/Ohm.s^-1/2","Rank s5",Chi^2/|Z|^2,Chi/sqrt(N)/Ohm
C:\Users\HOME\Desktop\JupyterWorkspace\ALBATROSS_Paper\250925_EIS\3\250926153949_17(3-2).mpr,"Cycle 0",,2.96199989318848,xxxx,0.732352941176471,2.86899989987432E-6,xxxx,0.338235294117647,0.965300023555756,xxxx,0.564705882352941,3.34999990463257,xxxx,0.779411764705882,6.86600033077411E-5,xxxx,0.797058823529412,0.743300020694733,xxxx,1,62.439998626709,xxxx,0.961764705882353,0.00339050328804436,0.000171181954529814,0.55,0.890228285133485,0.0175215542886819,0.785294117647059,27.0538971860701,0.762787326848553,0.435294117647059,4.17056226193353,0.551780770196781,0.432352941176471,0.00291909982907961,0.56426518173365
,,,,,,,,,,,,,,,,,,,,,,,,,,,,,,,,,,,,,
"Batch mean",,,2.96199989318848,,,2.86899989987432E-6,,,0.965300023555756,,,3.34999990463257,,,6.86600033077411E-5,,,0.743300020694733,,,62.439998626709,,,0.00339050334878266,,,0.890228271484375,,,27.053897857666,,,4.17056226730347,,,,
"Batch standard deviation",,,0,,,0,,,0,,,0,,,0,,,0,,,0,,,0,,,0,,,0,,,0,,,,
,,,,,,,,,,,,,,,,,,,,,,,,,,,,,,,,,,,,,
"Equivalent circuit",,,,,,,,,,,,,,,,,,,,,,,,,,,,,,,,,,,,,
R1+Q2/R2+Q3/R3+Q4/R4+W5,,,,,,,,,,,,,,,,,,,,,,,,,,,,,,,,,,,,,
