,,,R1/Ohm,"Std err. R1/Ohm","Rank R1","Q2/F.s^(a - 1)","Std err. Q2/F.s^(a - 1)","Rank Q2",a2/,"Std err. a2","Rank a2",R2,"Std err. R2/Ohm","Rank R2","Q3/F.s^(a - 1)","Std err. Q3/F.s^(a - 1)","Rank Q3",a3/,"Std err. a3","Rank a3",R3,"Std err. R3/Ohm","Rank R3","Q4/F.s^(a - 1)","Std err. Q4/F.s^(a - 1)","Rank Q4",a4/,"Std err. a4","Rank a4",R4,"Std err. R4/Ohm","Rank R4",s5/Ohm.s^-1/2,"Std err. s5/Ohm.s^-1/2","Rank s5",Chi^2/|Z|^2,Chi/sqrt(N)/Ohm
C:\Users\HOME\Desktop\JupyterWorkspace\ALBATROSS_Paper\250925_EIS\3\250926163541_24(4-1).mpr,"Cycle 0",,3.37199997901917,xxxx,0.743362831858407,3.52899996869382E-6,xxxx,0.345132743362832,0.946300029754639,xxxx,0.584070796460177,3.83800005912781,xxxx,0.784660766961652,6.71399975544773E-5,xxxx,0.787610619469027,0.748700022697449,xxxx,1,61.5299987792969,xxxx,0.955752212389381,0.00365964959969773,0.000123002372498328,0.554572271386431,0.850590236967058,0.0115179644367136,0.790560471976401,28.8732705385094,0.681843083536614,0.433628318584071,4.21283322329985,0.490928247382262,0.418879056047198,0.00329727564208527,0.472871491434881
,,,,,,,,,,,,,,,,,,,,,,,,,,,,,,,,,,,,,
"Batch mean",,,3.37199997901917,,,3.52899996869382E-6,,,0.946300029754639,,,3.83800005912781,,,6.71399975544773E-5,,,0.748700022697449,,,61.5299987792969,,,0.0036596495192498,,,0.850590229034424,,,28.87327003479,,,4.21283340454102,,,,
"Batch standard deviation",,,0,,,0,,,0,,,0,,,0,,,0,,,0,,,0,,,0,,,0,,,0,,,,
,,,,,,,,,,,,,,,,,,,,,,,,,,,,,,,,,,,,,
"Equivalent circuit",,,,,,,,,,,,,,,,,,,,,,,,,,,,,,,,,,,,,
R1+Q2/R2+Q3/R3+Q4/R4+W5,,,,,,,,,,,,,,,,,,,,,,,,,,,,,,,,,,,,,
