,,,R1/Ohm,"Std err. R1/Ohm","Rank R1","Q2/F.s^(a - 1)","Std err. Q2/F.s^(a - 1)","Rank Q2",a2/,"Std err. a2","Rank a2",R2,"Std err. R2/Ohm","Rank R2","Q3/F.s^(a - 1)","Std err. Q3/F.s^(a - 1)","Rank Q3",a3/,"Std err. a3","Rank a3",R3,"Std err. R3/Ohm","Rank R3","Q4/F.s^(a - 1)","Std err. Q4/F.s^(a - 1)","Rank Q4",a4/,"Std err. a4","Rank a4",R4,"Std err. R4/Ohm","Rank R4",s5/Ohm.s^-1/2,"Std err. s5/Ohm.s^-1/2","Rank s5",Chi^2/|Z|^2,Chi/sqrt(N)/Ohm
C:\Users\HOME\Desktop\JupyterWorkspace\ALBATROSS_Paper\250925_EIS\3\250926144628_10(2-3).mpr,"Cycle 0",,2.9300000667572,xxxx,0.730994152046784,3.99999998990097E-6,xxxx,0.333333333333333,0.908399999141693,xxxx,0.567251461988304,3.71199989318848,xxxx,0.789473684210526,7.97199973021634E-5,xxxx,0.798245614035088,0.721400022506714,xxxx,1,64.3499984741211,xxxx,0.964912280701754,0.00348834408672922,0.000210496694548941,0.52046783625731,0.911140365262277,0.020542109537578,0.763157894736842,24.340814685692,0.747138597949061,0.432748538011696,4.15744586955056,0.522800475399144,0.432748538011696,0.00522035123707185,0.627199982331055
,,,,,,,,,,,,,,,,,,,,,,,,,,,,,,,,,,,,,
"Batch mean",,,2.9300000667572,,,3.99999998990097E-6,,,0.908399999141693,,,3.71199989318848,,,7.97199973021634E-5,,,0.721400022506714,,,64.3499984741211,,,0.00348834414035082,,,0.911140382289886,,,24.3408145904541,,,4.15744590759277,,,,
"Batch standard deviation",,,0,,,0,,,0,,,0,,,0,,,0,,,0,,,0,,,0,,,0,,,0,,,,
,,,,,,,,,,,,,,,,,,,,,,,,,,,,,,,,,,,,,
"Equivalent circuit",,,,,,,,,,,,,,,,,,,,,,,,,,,,,,,,,,,,,
R1+Q2/R2+Q3/R3+Q4/R4+W5,,,,,,,,,,,,,,,,,,,,,,,,,,,,,,,,,,,,,
