,,,R1/Ohm,"Std err. R1/Ohm","Rank R1","Q2/F.s^(a - 1)","Std err. Q2/F.s^(a - 1)","Rank Q2",a2/,"Std err. a2","Rank a2",R2,"Std err. R2/Ohm","Rank R2","Q3/F.s^(a - 1)","Std err. Q3/F.s^(a - 1)","Rank Q3",a3/,"Std err. a3","Rank a3",R3,"Std err. R3/Ohm","Rank R3","Q4/F.s^(a - 1)","Std err. Q4/F.s^(a - 1)","Rank Q4",a4/,"Std err. a4","Rank a4",R4,"Std err. R4/Ohm","Rank R4",s5/Ohm.s^-1/2,"Std err. s5/Ohm.s^-1/2","Rank s5",Chi^2/|Z|^2,Chi/sqrt(N)/Ohm
C:\Users\HOME\Desktop\JupyterWorkspace\ALBATROSS_Paper\250925_EIS\3\250926172413_30(4-7).mpr,"Cycle 0",,3.22900009155273,xxxx,0.733727810650888,7.61599994802964E-6,xxxx,0.355029585798817,0.866199970245361,xxxx,0.597633136094675,4.69799995422363,xxxx,0.804733727810651,6.16199977230281E-5,xxxx,0.78698224852071,0.759800016880035,xxxx,1,62.0099983215332,xxxx,0.955621301775148,0.00336149488841322,0.000149017491935693,0.544378698224852,0.87390452046677,0.0137582125024081,0.78698224852071,28.6074636261439,0.683814977722203,0.437869822485207,4.17896698958247,0.489206429335977,0.417159763313609,0.00241099460225431,0.530378361228459
,,,,,,,,,,,,,,,,,,,,,,,,,,,,,,,,,,,,,
"Batch mean",,,3.22900009155273,,,7.61599994802964E-6,,,0.866199970245361,,,4.69799995422363,,,6.16199977230281E-5,,,0.759800016880035,,,62.0099983215332,,,0.00336149497888982,,,0.873904526233673,,,28.6074638366699,,,4.17896699905396,,,,
"Batch standard deviation",,,0,,,0,,,0,,,0,,,0,,,0,,,0,,,0,,,0,,,0,,,0,,,,
,,,,,,,,,,,,,,,,,,,,,,,,,,,,,,,,,,,,,
"Equivalent circuit",,,,,,,,,,,,,,,,,,,,,,,,,,,,,,,,,,,,,
R1+Q2/R2+Q3/R3+Q4/R4+W5,,,,,,,,,,,,,,,,,,,,,,,,,,,,,,,,,,,,,
