,,,R1/Ohm,"Std err. R1/Ohm","Rank R1","Q2/F.s^(a - 1)","Std err. Q2/F.s^(a - 1)","Rank Q2",a2/,"Std err. a2","Rank a2",R2,"Std err. R2/Ohm","Rank R2","Q3/F.s^(a - 1)","Std err. Q3/F.s^(a - 1)","Rank Q3",a3/,"Std err. a3","Rank a3",R3,"Std err. R3/Ohm","Rank R3","Q4/F.s^(a - 1)","Std err. Q4/F.s^(a - 1)","Rank Q4",a4/,"Std err. a4","Rank a4",R4,"Std err. R4/Ohm","Rank R4",s5/Ohm.s^-1/2,"Std err. s5/Ohm.s^-1/2","Rank s5",Chi^2/|Z|^2,Chi/sqrt(N)/Ohm
C:\Users\HOME\Desktop\JupyterWorkspace\ALBATROSS_Paper\250925_EIS\3\250926182350_38(5-7).mpr,"Cycle 0",,3.72399997711182,xxxx,0.759643916913947,8.39200038171839E-6,xxxx,0.350148367952522,0.821600019931793,xxxx,0.587537091988131,5.22100019454956,xxxx,0.842729970326409,5.52400015294552E-5,xxxx,0.759643916913947,0.770900011062622,xxxx,1,62.9599990844727,xxxx,0.955489614243324,0.00326428629350556,0.000131055886545073,0.540059347181009,0.875679950220211,0.0125053405510881,0.783382789317507,29.5023477942736,0.900039315527875,0.43026706231454,4.76850660229644,0.641209796415945,0.433234421364985,0.00232887827038672,0.545789931213117
,,,,,,,,,,,,,,,,,,,,,,,,,,,,,,,,,,,,,
"Batch mean",,,3.72399997711182,,,8.39200038171839E-6,,,0.821600019931793,,,5.22100019454956,,,5.52400015294552E-5,,,0.770900011062622,,,62.9599990844727,,,0.00326428632251918,,,0.875679969787598,,,29.502347946167,,,4.76850652694702,,,,
"Batch standard deviation",,,0,,,0,,,0,,,0,,,0,,,0,,,0,,,0,,,0,,,0,,,0,,,,
,,,,,,,,,,,,,,,,,,,,,,,,,,,,,,,,,,,,,
"Equivalent circuit",,,,,,,,,,,,,,,,,,,,,,,,,,,,,,,,,,,,,
R1+Q2/R2+Q3/R3+Q4/R4+W5,,,,,,,,,,,,,,,,,,,,,,,,,,,,,,,,,,,,,
