,,,R1/Ohm,"Std err. R1/Ohm","Rank R1","Q2/F.s^(a - 1)","Std err. Q2/F.s^(a - 1)","Rank Q2",a2/,"Std err. a2","Rank a2",R2,"Std err. R2/Ohm","Rank R2","Q3/F.s^(a - 1)","Std err. Q3/F.s^(a - 1)","Rank Q3",a3/,"Std err. a3","Rank a3",R3,"Std err. R3/Ohm","Rank R3","Q4/F.s^(a - 1)","Std err. Q4/F.s^(a - 1)","Rank Q4",a4/,"Std err. a4","Rank a4",R4,"Std err. R4/Ohm","Rank R4",s5/Ohm.s^-1/2,"Std err. s5/Ohm.s^-1/2","Rank s5",Chi^2/|Z|^2,Chi/sqrt(N)/Ohm
C:\Users\HOME\Desktop\JupyterWorkspace\ALBATROSS_Paper\250925_EIS\3\250926164310_25(4-2).mpr,"Cycle 0",,3.22000002861023,xxxx,0.739644970414201,4.10099983128021E-6,xxxx,0.349112426035503,0.928799986839294,xxxx,0.588757396449704,4.2810001373291,xxxx,0.79585798816568,6.97400028002448E-5,xxxx,0.78698224852071,0.744799971580505,xxxx,1,61.3899993896484,xxxx,0.958579881656805,0.0034153775775906,0.000141300228486794,0.553254437869823,0.862929566890998,0.0130324863996167,0.789940828402367,28.3858523511303,0.75835502897854,0.440828402366864,4.34521349706768,0.555892557098791,0.417159763313609,0.00297922338337837,0.501067928062144
,,,,,,,,,,,,,,,,,,,,,,,,,,,,,,,,,,,,,
"Batch mean",,,3.22000002861023,,,4.10099983128021E-6,,,0.928799986839294,,,4.2810001373291,,,6.97400028002448E-5,,,0.744799971580505,,,61.3899993896484,,,0.00341537757776678,,,0.862929582595825,,,28.3858528137207,,,4.34521341323853,,,,
"Batch standard deviation",,,0,,,0,,,0,,,0,,,0,,,0,,,0,,,0,,,0,,,0,,,0,,,,
,,,,,,,,,,,,,,,,,,,,,,,,,,,,,,,,,,,,,
"Equivalent circuit",,,,,,,,,,,,,,,,,,,,,,,,,,,,,,,,,,,,,
R1+Q2/R2+Q3/R3+Q4/R4+W5,,,,,,,,,,,,,,,,,,,,,,,,,,,,,,,,,,,,,
