,,,R1/Ohm,"Std err. R1/Ohm","Rank R1","Q2/F.s^(a - 1)","Std err. Q2/F.s^(a - 1)","Rank Q2",a2/,"Std err. a2","Rank a2",R2,"Std err. R2/Ohm","Rank R2","Q3/F.s^(a - 1)","Std err. Q3/F.s^(a - 1)","Rank Q3",a3/,"Std err. a3","Rank a3",R3,"Std err. R3/Ohm","Rank R3","Q4/F.s^(a - 1)","Std err. Q4/F.s^(a - 1)","Rank Q4",a4/,"Std err. a4","Rank a4",R4,"Std err. R4/Ohm","Rank R4",s5/Ohm.s^-1/2,"Std err. s5/Ohm.s^-1/2","Rank s5",Chi^2/|Z|^2,Chi/sqrt(N)/Ohm
C:\Users\HOME\Desktop\JupyterWorkspace\ALBATROSS_Paper\250925_EIS\3\250926174133_32(5-1).mpr,"Cycle 0",,3.34200000762939,xxxx,0.739644970414201,4.81899996884749E-6,xxxx,0.346153846153846,0.913500010967255,xxxx,0.585798816568047,3.99900007247925,xxxx,0.798816568047337,5.82700013183057E-5,xxxx,0.784023668639053,0.765100002288818,xxxx,1,61.3400001525879,xxxx,0.955621301775148,0.00338271541627674,0.000166045040952493,0.550295857988166,0.872413719482939,0.0151996863410588,0.792899408284024,28.856408813167,0.744918064800026,0.437869822485207,4.23507577818908,0.497873194198886,0.428994082840237,0.00299690702158785,0.539079324876316
,,,,,,,,,,,,,,,,,,,,,,,,,,,,,,,,,,,,,
"Batch mean",,,3.34200000762939,,,4.81899996884749E-6,,,0.913500010967255,,,3.99900007247925,,,5.82700013183057E-5,,,0.765100002288818,,,61.3400001525879,,,0.00338271539658308,,,0.872413694858551,,,28.856409072876,,,4.23507595062256,,,,
"Batch standard deviation",,,0,,,0,,,0,,,0,,,0,,,0,,,0,,,0,,,0,,,0,,,0,,,,
,,,,,,,,,,,,,,,,,,,,,,,,,,,,,,,,,,,,,
"Equivalent circuit",,,,,,,,,,,,,,,,,,,,,,,,,,,,,,,,,,,,,
R1+Q2/R2+Q3/R3+Q4/R4+W5,,,,,,,,,,,,,,,,,,,,,,,,,,,,,,,,,,,,,
