,,,R1/Ohm,"Std err. R1/Ohm","Rank R1","Q2/F.s^(a - 1)","Std err. Q2/F.s^(a - 1)","Rank Q2",a2/,"Std err. a2","Rank a2",R2,"Std err. R2/Ohm","Rank R2","Q3/F.s^(a - 1)","Std err. Q3/F.s^(a - 1)","Rank Q3",a3/,"Std err. a3","Rank a3",R3,"Std err. R3/Ohm","Rank R3","Q4/F.s^(a - 1)","Std err. Q4/F.s^(a - 1)","Rank Q4",a4/,"Std err. a4","Rank a4",R4,"Std err. R4/Ohm","Rank R4",s5/Ohm.s^-1/2,"Std err. s5/Ohm.s^-1/2","Rank s5",Chi^2/|Z|^2,Chi/sqrt(N)/Ohm
C:\Users\HOME\Desktop\JupyterWorkspace\ALBATROSS_Paper\250925_EIS\3\250926165054_26(4-3).mpr,"Cycle 0",,2.92700004577637,xxxx,0.732352941176471,3.13000009555253E-6,xxxx,0.329411764705882,0.959100008010864,xxxx,0.561764705882353,3.12599992752075,xxxx,0.764705882352941,6.69400033075362E-5,xxxx,0.794117647058823,0.749199986457825,xxxx,1,62,xxxx,0.958823529411765,0.00344909219964877,0.000129207116690309,0.567647058823529,0.857151484342722,0.0124257033459799,0.802941176470588,28.9479673865461,0.766025753372133,0.447058823529412,3.8023554864255,0.536797445350643,0.417647058823529,0.00433864721367441,0.453641911511934
,,,,,,,,,,,,,,,,,,,,,,,,,,,,,,,,,,,,,
"Batch mean",,,2.92700004577637,,,3.13000009555253E-6,,,0.959100008010864,,,3.12599992752075,,,6.69400033075362E-5,,,0.749199986457825,,,62,,,0.00344909215345979,,,0.857151508331299,,,28.9479675292969,,,3.80235552787781,,,,
"Batch standard deviation",,,0,,,0,,,0,,,0,,,0,,,0,,,0,,,0,,,0,,,0,,,0,,,,
,,,,,,,,,,,,,,,,,,,,,,,,,,,,,,,,,,,,,
"Equivalent circuit",,,,,,,,,,,,,,,,,,,,,,,,,,,,,,,,,,,,,
R1+Q2/R2+Q3/R3+Q4/R4+W5,,,,,,,,,,,,,,,,,,,,,,,,,,,,,,,,,,,,,
