,,,R1/Ohm,"Std err. R1/Ohm","Rank R1","Q2/F.s^(a - 1)","Std err. Q2/F.s^(a - 1)","Rank Q2",a2/,"Std err. a2","Rank a2",R2,"Std err. R2/Ohm","Rank R2","Q3/F.s^(a - 1)","Std err. Q3/F.s^(a - 1)","Rank Q3",a3/,"Std err. a3","Rank a3",R3,"Std err. R3/Ohm","Rank R3","Q4/F.s^(a - 1)","Std err. Q4/F.s^(a - 1)","Rank Q4",a4/,"Std err. a4","Rank a4",R4,"Std err. R4/Ohm","Rank R4",s5/Ohm.s^-1/2,"Std err. s5/Ohm.s^-1/2","Rank s5",Chi^2/|Z|^2,Chi/sqrt(N)/Ohm
C:\Users\HOME\Desktop\JupyterWorkspace\ALBATROSS_Paper\250925_EIS\3\250926141000_5(1-6).mpr,"Cycle 0",,3.05999994277954,xxxx,0.728613569321534,5.64099991606781E-6,xxxx,0.321533923303835,0.903699994087219,xxxx,0.56047197640118,3.30399990081787,xxxx,0.755162241887906,6.37600023765117E-5,xxxx,0.787610619469027,0.756900012493134,xxxx,1,56.7200012207031,xxxx,0.938053097345133,0.00431886917890534,0.00016058312395352,0.640117994100295,0.704527525848038,0.0100082796499512,0.861356932153392,35.352010561095,0.568395341602438,0.474926253687316,2.02734690038449,0.26716589980282,0.330383480825959,0.0043902337154354,0.568812163602725
,,,,,,,,,,,,,,,,,,,,,,,,,,,,,,,,,,,,,
"Batch mean",,,3.05999994277954,,,5.64099991606781E-6,,,0.903699994087219,,,3.30399990081787,,,6.37600023765117E-5,,,0.756900012493134,,,56.7200012207031,,,0.00431886920705438,,,0.704527497291565,,,35.3520088195801,,,2.02734684944153,,,,
"Batch standard deviation",,,0,,,0,,,0,,,0,,,0,,,0,,,0,,,0,,,0,,,0,,,0,,,,
,,,,,,,,,,,,,,,,,,,,,,,,,,,,,,,,,,,,,
"Equivalent circuit",,,,,,,,,,,,,,,,,,,,,,,,,,,,,,,,,,,,,
R1+Q2/R2+Q3/R3+Q4/R4+W5,,,,,,,,,,,,,,,,,,,,,,,,,,,,,,,,,,,,,
