,,,R1/Ohm,"Std err. R1/Ohm","Rank R1","Q2/F.s^(a - 1)","Std err. Q2/F.s^(a - 1)","Rank Q2",a2/,"Std err. a2","Rank a2",R2,"Std err. R2/Ohm","Rank R2","Q3/F.s^(a - 1)","Std err. Q3/F.s^(a - 1)","Rank Q3",a3/,"Std err. a3","Rank a3",R3,"Std err. R3/Ohm","Rank R3","Q4/F.s^(a - 1)","Std err. Q4/F.s^(a - 1)","Rank Q4",a4/,"Std err. a4","Rank a4",R4,"Std err. R4/Ohm","Rank R4",s5/Ohm.s^-1/2,"Std err. s5/Ohm.s^-1/2","Rank s5",Chi^2/|Z|^2,Chi/sqrt(N)/Ohm
C:\Users\HOME\Desktop\JupyterWorkspace\ALBATROSS_Paper\250925_EIS\3\250926150855_13(2-6).mpr,"Cycle 0",,3.14199995994568,xxxx,0.746312684365782,2.57800002145814E-6,xxxx,0.339233038348083,0.976199984550476,xxxx,0.581120943952802,3.74600005149841,xxxx,0.790560471976401,7.45400029700249E-5,xxxx,0.793510324483776,0.732400000095367,xxxx,1,62.9900016784668,xxxx,0.967551622418879,0.00327431640654761,0.000118135957866536,0.533923303834808,0.9132952299766,0.0127930577002487,0.775811209439528,26.7186700123397,0.706895915040444,0.430678466076696,4.48127757483488,0.549094163711556,0.43952802359882,0.00381449197037008,0.542700471120607
,,,,,,,,,,,,,,,,,,,,,,,,,,,,,,,,,,,,,
"Batch mean",,,3.14199995994568,,,2.57800002145814E-6,,,0.976199984550476,,,3.74600005149841,,,7.45400029700249E-5,,,0.732400000095367,,,62.9900016784668,,,0.00327431643381715,,,0.913295209407806,,,26.7186698913574,,,4.48127746582031,,,,
"Batch standard deviation",,,0,,,0,,,0,,,0,,,0,,,0,,,0,,,0,,,0,,,0,,,0,,,,
,,,,,,,,,,,,,,,,,,,,,,,,,,,,,,,,,,,,,
"Equivalent circuit",,,,,,,,,,,,,,,,,,,,,,,,,,,,,,,,,,,,,
R1+Q2/R2+Q3/R3+Q4/R4+W5,,,,,,,,,,,,,,,,,,,,,,,,,,,,,,,,,,,,,
