,,,R1/Ohm,"Std err. R1/Ohm","Rank R1","Q2/F.s^(a - 1)","Std err. Q2/F.s^(a - 1)","Rank Q2",a2/,"Std err. a2","Rank a2",R2,"Std err. R2/Ohm","Rank R2","Q3/F.s^(a - 1)","Std err. Q3/F.s^(a - 1)","Rank Q3",a3/,"Std err. a3","Rank a3",R3,"Std err. R3/Ohm","Rank R3","Q4/F.s^(a - 1)","Std err. Q4/F.s^(a - 1)","Rank Q4",a4/,"Std err. a4","Rank a4",R4,"Std err. R4/Ohm","Rank R4",s5/Ohm.s^-1/2,"Std err. s5/Ohm.s^-1/2","Rank s5",Chi^2/|Z|^2,Chi/sqrt(N)/Ohm
C:\Users\HOME\Desktop\JupyterWorkspace\ALBATROSS_Paper\250925_EIS\3\250926143242_8(2-1).mpr,"Cycle 0",,2.88000011444092,xxxx,0.736070381231672,2.25200005843362E-6,xxxx,0.32258064516129,0.991500020027161,xxxx,0.563049853372434,3.10999989509583,xxxx,0.774193548387097,8.06699972599745E-5,xxxx,0.809384164222874,0.722800016403198,xxxx,1,62.9700012207031,xxxx,0.967741935483871,0.00339889799116464,0.000180854982346381,0.539589442815249,0.909539178900952,0.0180432448241046,0.771260997067449,25.5516352467462,0.843397358155495,0.434017595307918,4.17517174252053,0.628386530039175,0.436950146627566,0.00470658297899097,0.552988133625425
,,,,,,,,,,,,,,,,,,,,,,,,,,,,,,,,,,,,,
"Batch mean",,,2.88000011444092,,,2.25200005843362E-6,,,0.991500020027161,,,3.10999989509583,,,8.06699972599745E-5,,,0.722800016403198,,,62.9700012207031,,,0.0033988980576396,,,0.90953916311264,,,25.5516357421875,,,4.17517185211182,,,,
"Batch standard deviation",,,0,,,0,,,0,,,0,,,0,,,0,,,0,,,0,,,0,,,0,,,0,,,,
,,,,,,,,,,,,,,,,,,,,,,,,,,,,,,,,,,,,,
"Equivalent circuit",,,,,,,,,,,,,,,,,,,,,,,,,,,,,,,,,,,,,
R1+Q2/R2+Q3/R3+Q4/R4+W5,,,,,,,,,,,,,,,,,,,,,,,,,,,,,,,,,,,,,
