,,,R1/Ohm,"Std err. R1/Ohm","Rank R1","Q2/F.s^(a - 1)","Std err. Q2/F.s^(a - 1)","Rank Q2",a2/,"Std err. a2","Rank a2",R2,"Std err. R2/Ohm","Rank R2","Q3/F.s^(a - 1)","Std err. Q3/F.s^(a - 1)","Rank Q3",a3/,"Std err. a3","Rank a3",R3,"Std err. R3/Ohm","Rank R3","Q4/F.s^(a - 1)","Std err. Q4/F.s^(a - 1)","Rank Q4",a4/,"Std err. a4","Rank a4",R4,"Std err. R4/Ohm","Rank R4",s5/Ohm.s^-1/2,"Std err. s5/Ohm.s^-1/2","Rank s5",Chi^2/|Z|^2,Chi/sqrt(N)/Ohm
C:\Users\HOME\Desktop\JupyterWorkspace\ALBATROSS_Paper\250925_EIS\3\250926165852_27(4-4).mpr,"Cycle 0",,3.10723715363877,0.0353662793903305,0.737463126843658,6.36476485843469E-6,6.06451598733871E-7,0.348082595870207,0.888389171531441,0.00912370528926948,0.584070796460177,4.1387777860782,0.0513009821330516,0.79646017699115,6.60500008962117E-5,xxxx,0.784660766961652,0.750899970531464,xxxx,1,62.2700004577637,xxxx,0.955752212389381,0.00340800010599196,xxxx,0.554572271386431,0.863600015640259,xxxx,0.793510324483776,29.2199993133545,xxxx,0.436578171091445,3.73900008201599,xxxx,0.407079646017699,0.00214816122632658,0.491472654689161
,,,,,,,,,,,,,,,,,,,,,,,,,,,,,,,,,,,,,
"Batch mean",,,3.1072371006012,,,6.36476488580229E-6,,,0.88838917016983,,,4.13877773284912,,,6.60500008962117E-5,,,0.750899970531464,,,62.2700004577637,,,0.00340800010599196,,,0.863600015640259,,,29.2199993133545,,,3.73900008201599,,,,
"Batch standard deviation",,,0,,,0,,,0,,,0,,,0,,,0,,,0,,,0,,,0,,,0,,,0,,,,
,,,,,,,,,,,,,,,,,,,,,,,,,,,,,,,,,,,,,
"Equivalent circuit",,,,,,,,,,,,,,,,,,,,,,,,,,,,,,,,,,,,,
R1+Q2/R2+Q3/R3+Q4/R4+W5,,,,,,,,,,,,,,,,,,,,,,,,,,,,,,,,,,,,,
