,,,R1/Ohm,"Std err. R1/Ohm","Rank R1","Q2/F.s^(a - 1)","Std err. Q2/F.s^(a - 1)","Rank Q2",a2/,"Std err. a2","Rank a2",R2,"Std err. R2/Ohm","Rank R2","Q3/F.s^(a - 1)","Std err. Q3/F.s^(a - 1)","Rank Q3",a3/,"Std err. a3","Rank a3",R3,"Std err. R3/Ohm","Rank R3","Q4/F.s^(a - 1)","Std err. Q4/F.s^(a - 1)","Rank Q4",a4/,"Std err. a4","Rank a4",R4,"Std err. R4/Ohm","Rank R4",s5/Ohm.s^-1/2,"Std err. s5/Ohm.s^-1/2","Rank s5",Chi^2/|Z|^2,Chi/sqrt(N)/Ohm
C:\Users\HOME\Desktop\JupyterWorkspace\ALBATROSS_Paper\250925_EIS\3\250926191545_45(6-6).mpr,"Cycle 0",,3.71600008010864,xxxx,0.731563421828909,5.31700015926617E-6,xxxx,0.336283185840708,0.848900020122528,xxxx,0.575221238938053,5.46600008010864,xxxx,0.843657817109145,5.1779999921564E-5,xxxx,0.761061946902655,0.768400013446808,xxxx,1,67.5299987792969,xxxx,0.941002949852507,0.00437927009385232,0.00018343610616602,0.589970501474926,0.758491633259966,0.0125117165777491,0.805309734513274,29.39385276278,0.616627305751105,0.451327433628319,3.15057781354996,0.349168315463378,0.36283185840708,0.00268282617378823,0.472414687278814
,,,,,,,,,,,,,,,,,,,,,,,,,,,,,,,,,,,,,
"Batch mean",,,3.71600008010864,,,5.31700015926617E-6,,,0.848900020122528,,,5.46600008010864,,,5.1779999921564E-5,,,0.768400013446808,,,67.5299987792969,,,0.00437927013263106,,,0.758491635322571,,,29.3938522338867,,,3.15057778358459,,,,
"Batch standard deviation",,,0,,,0,,,0,,,0,,,0,,,0,,,0,,,0,,,0,,,0,,,0,,,,
,,,,,,,,,,,,,,,,,,,,,,,,,,,,,,,,,,,,,
"Equivalent circuit",,,,,,,,,,,,,,,,,,,,,,,,,,,,,,,,,,,,,
R1+Q2/R2+Q3/R3+Q4/R4+W5,,,,,,,,,,,,,,,,,,,,,,,,,,,,,,,,,,,,,
