,,,R1/Ohm,"Std err. R1/Ohm","Rank R1","Q2/F.s^(a - 1)","Std err. Q2/F.s^(a - 1)","Rank Q2",a2/,"Std err. a2","Rank a2",R2,"Std err. R2/Ohm","Rank R2","Q3/F.s^(a - 1)","Std err. Q3/F.s^(a - 1)","Rank Q3",a3/,"Std err. a3","Rank a3",R3,"Std err. R3/Ohm","Rank R3","Q4/F.s^(a - 1)","Std err. Q4/F.s^(a - 1)","Rank Q4",a4/,"Std err. a4","Rank a4",R4,"Std err. R4/Ohm","Rank R4",s5/Ohm.s^-1/2,"Std err. s5/Ohm.s^-1/2","Rank s5",Chi^2/|Z|^2,Chi/sqrt(N)/Ohm
C:\Users\HOME\Desktop\JupyterWorkspace\ALBATROSS_Paper\250925_EIS\3\250926185837_42(6-3).mpr,"Cycle 0",,3.03600001335144,xxxx,0.718100890207715,1.75400000443915E-5,xxxx,0.362017804154303,0.74779999256134,xxxx,0.611275964391691,6.48099994659424,xxxx,0.878338278931751,4.7549998271279E-5,xxxx,0.750741839762611,0.78659999370575,xxxx,1,63.4799995422363,xxxx,0.946587537091988,0.00359755417846534,0.000116924130943918,0.56379821958457,0.830565923393966,0.0104146444073348,0.798219584569733,31.4305133762437,0.628736969957959,0.43620178041543,3.50228850775355,0.432207029146423,0.376854599406528,0.00223463593613758,0.447119059128203
,,,,,,,,,,,,,,,,,,,,,,,,,,,,,,,,,,,,,
"Batch mean",,,3.03600001335144,,,1.75400000443915E-5,,,0.74779999256134,,,6.48099994659424,,,4.7549998271279E-5,,,0.78659999370575,,,63.4799995422363,,,0.00359755428507924,,,0.830565929412842,,,31.430513381958,,,3.5022885799408,,,,
"Batch standard deviation",,,0,,,0,,,0,,,0,,,0,,,0,,,0,,,0,,,0,,,0,,,0,,,,
,,,,,,,,,,,,,,,,,,,,,,,,,,,,,,,,,,,,,
"Equivalent circuit",,,,,,,,,,,,,,,,,,,,,,,,,,,,,,,,,,,,,
R1+Q2/R2+Q3/R3+Q4/R4+W5,,,,,,,,,,,,,,,,,,,,,,,,,,,,,,,,,,,,,
