,,,R1/Ohm,"Std err. R1/Ohm","Rank R1","Q2/F.s^(a - 1)","Std err. Q2/F.s^(a - 1)","Rank Q2",a2/,"Std err. a2","Rank a2",R2,"Std err. R2/Ohm","Rank R2","Q3/F.s^(a - 1)","Std err. Q3/F.s^(a - 1)","Rank Q3",a3/,"Std err. a3","Rank a3",R3,"Std err. R3/Ohm","Rank R3","Q4/F.s^(a - 1)","Std err. Q4/F.s^(a - 1)","Rank Q4",a4/,"Std err. a4","Rank a4",R4,"Std err. R4/Ohm","Rank R4",s5/Ohm.s^-1/2,"Std err. s5/Ohm.s^-1/2","Rank s5",Chi^2/|Z|^2,Chi/sqrt(N)/Ohm
C:\Users\HOME\Desktop\JupyterWorkspace\ALBATROSS_Paper\250925_EIS\3\250926151652_14(2-7).mpr,"Cycle 0",,3.01200008392334,xxxx,0.729411764705882,2.72600004791457E-6,xxxx,0.335294117647059,0.977699995040894,xxxx,0.576470588235294,3.44899988174438,xxxx,0.779411764705882,7.61999981477857E-5,xxxx,0.797058823529412,0.731800019741058,xxxx,1,63.1100006103516,xxxx,0.961764705882353,0.0035791370753842,0.000173172483194335,0.544117647058823,0.88385852068349,0.0155798061052616,0.785294117647059,26.197823698954,0.729171890247593,0.432352941176471,4.1496917033624,0.480194634631163,0.435294117647059,0.00322860970920453,0.524384992372187
,,,,,,,,,,,,,,,,,,,,,,,,,,,,,,,,,,,,,
"Batch mean",,,3.01200008392334,,,2.72600004791457E-6,,,0.977699995040894,,,3.44899988174438,,,7.61999981477857E-5,,,0.731800019741058,,,63.1100006103516,,,0.00357913714833558,,,0.883858501911163,,,26.1978244781494,,,4.14969158172607,,,,
"Batch standard deviation",,,0,,,0,,,0,,,0,,,0,,,0,,,0,,,0,,,0,,,0,,,0,,,,
,,,,,,,,,,,,,,,,,,,,,,,,,,,,,,,,,,,,,
"Equivalent circuit",,,,,,,,,,,,,,,,,,,,,,,,,,,,,,,,,,,,,
R1+Q2/R2+Q3/R3+Q4/R4+W5,,,,,,,,,,,,,,,,,,,,,,,,,,,,,,,,,,,,,
