,,,R1/Ohm,"Std err. R1/Ohm","Rank R1","Q2/F.s^(a - 1)","Std err. Q2/F.s^(a - 1)","Rank Q2",a2/,"Std err. a2","Rank a2",R2,"Std err. R2/Ohm","Rank R2","Q3/F.s^(a - 1)","Std err. Q3/F.s^(a - 1)","Rank Q3",a3/,"Std err. a3","Rank a3",R3,"Std err. R3/Ohm","Rank R3","Q4/F.s^(a - 1)","Std err. Q4/F.s^(a - 1)","Rank Q4",a4/,"Std err. a4","Rank a4",R4,"Std err. R4/Ohm","Rank R4",s5/Ohm.s^-1/2,"Std err. s5/Ohm.s^-1/2","Rank s5",Chi^2/|Z|^2,Chi/sqrt(N)/Ohm
C:\Users\HOME\Desktop\JupyterWorkspace\ALBATROSS_Paper\250925_EIS\3\250926134204_1(1-2).mpr,"Cycle 0",,3.16851371960286,0.0376515730808506,0.724340175953079,4.09948279956383E-6,8.93998720058837E-8,0.334310850439883,0.935298544516148,0.00084804074736463,0.56891495601173,3.69465499768626,0.0473666530989394,0.771260997067449,6.60925071634826E-5,4.59352012035521E-7,0.777126099706745,0.753195707526398,0.000472732145474966,1,60.5087082894213,0.243870063904611,0.93841642228739,0.00406603887535971,0.000136009660719876,0.601173020527859,0.767478419414825,0.00154414682553195,0.826979472140762,31.6129991061551,0.30705033439372,0.454545454545455,2.76550252076882,0.0209163898539802,0.357771260997067,0.00421470515588114,0.567512964426481
,,,,,,,,,,,,,,,,,,,,,,,,,,,,,,,,,,,,,
"Batch mean",,,3.16851377487183,,,4.09948279411765E-6,,,0.935298562049866,,,3.69465494155884,,,6.60925070405938E-5,,,0.753195703029633,,,60.5087089538574,,,0.00406603887677193,,,0.767478406429291,,,31.6129989624023,,,2.76550245285034,,,,
"Batch standard deviation",,,0,,,0,,,0,,,0,,,0,,,0,,,0,,,0,,,0,,,0,,,0,,,,
,,,,,,,,,,,,,,,,,,,,,,,,,,,,,,,,,,,,,
"Equivalent circuit",,,,,,,,,,,,,,,,,,,,,,,,,,,,,,,,,,,,,
R1+Q2/R2+Q3/R3+Q4/R4+W5,,,,,,,,,,,,,,,,,,,,,,,,,,,,,,,,,,,,,
