,,,R1/Ohm,"Std err. R1/Ohm","Rank R1","Q2/F.s^(a - 1)","Std err. Q2/F.s^(a - 1)","Rank Q2",a2/,"Std err. a2","Rank a2",R2,"Std err. R2/Ohm","Rank R2","Q3/F.s^(a - 1)","Std err. Q3/F.s^(a - 1)","Rank Q3",a3/,"Std err. a3","Rank a3",R3,"Std err. R3/Ohm","Rank R3","Q4/F.s^(a - 1)","Std err. Q4/F.s^(a - 1)","Rank Q4",a4/,"Std err. a4","Rank a4",R4,"Std err. R4/Ohm","Rank R4",s5/Ohm.s^-1/2,"Std err. s5/Ohm.s^-1/2","Rank s5",Chi^2/|Z|^2,Chi/sqrt(N)/Ohm
C:\Users\HOME\Desktop\JupyterWorkspace\ALBATROSS_Paper\250925_EIS\3\250926183308_39(5-8).mpr,"Cycle 0",,4.05371254813604,0.0774441368135608,0.767857142857143,1.06932598470095E-5,1.31057087180492E-6,0.360119047619048,0.792643849233664,0.0118969580354849,0.601190476190476,6.15473523926293,0.103764366625377,0.866071428571429,5.27599986526184E-5,xxxx,0.755952380952381,0.77590000629425,xxxx,1,62.8699989318848,xxxx,0.949404761904762,0.00359899993054569,xxxx,0.547619047619048,0.838199973106384,xxxx,0.791666666666667,30.1399993896484,xxxx,0.431547619047619,3.89299988746643,xxxx,0.392857142857143,0.00226476775331848,0.504567582015637
,,,,,,,,,,,,,,,,,,,,,,,,,,,,,,,,,,,,,
"Batch mean",,,4.05371236801147,,,1.06932602648158E-5,,,0.792643845081329,,,6.15473508834839,,,5.27599986526184E-5,,,0.77590000629425,,,62.8699989318848,,,0.00359899993054569,,,0.838199973106384,,,30.1399993896484,,,3.89299988746643,,,,
"Batch standard deviation",,,0,,,0,,,0,,,0,,,0,,,0,,,0,,,0,,,0,,,0,,,0,,,,
,,,,,,,,,,,,,,,,,,,,,,,,,,,,,,,,,,,,,
"Equivalent circuit",,,,,,,,,,,,,,,,,,,,,,,,,,,,,,,,,,,,,
R1+Q2/R2+Q3/R3+Q4/R4+W5,,,,,,,,,,,,,,,,,,,,,,,,,,,,,,,,,,,,,
