,,,R1/Ohm,"Std err. R1/Ohm","Rank R1","Q2/F.s^(a - 1)","Std err. Q2/F.s^(a - 1)","Rank Q2",a2/,"Std err. a2","Rank a2",R2,"Std err. R2/Ohm","Rank R2","Q3/F.s^(a - 1)","Std err. Q3/F.s^(a - 1)","Rank Q3",a3/,"Std err. a3","Rank a3",R3,"Std err. R3/Ohm","Rank R3","Q4/F.s^(a - 1)","Std err. Q4/F.s^(a - 1)","Rank Q4",a4/,"Std err. a4","Rank a4",R4,"Std err. R4/Ohm","Rank R4",s5/Ohm.s^-1/2,"Std err. s5/Ohm.s^-1/2","Rank s5",Chi^2/|Z|^2,Chi/sqrt(N)/Ohm
C:\Users\HOME\Desktop\JupyterWorkspace\ALBATROSS_Paper\250925_EIS\3\250926181447_37(5-6).mpr,"Cycle 0",,3.58400011062622,xxxx,0.748520710059172,8.39200038171839E-6,xxxx,0.366863905325444,0.856000006198883,xxxx,0.603550295857988,5.22800016403198,xxxx,0.813609467455621,4.98000008519739E-5,xxxx,0.769230769230769,0.78219997882843,xxxx,1,64.1800003051758,xxxx,0.949704142011834,0.0033682357826795,0.000155793164080966,0.544378698224852,0.870517619978725,0.0154868429861811,0.78698224852071,30.5113338921435,0.925577931732168,0.431952662721894,4.1011264664972,0.652223910841416,0.405325443786982,0.00339926537484947,0.538549587071001
,,,,,,,,,,,,,,,,,,,,,,,,,,,,,,,,,,,,,
"Batch mean",,,3.58400011062622,,,8.39200038171839E-6,,,0.856000006198883,,,5.22800016403198,,,4.98000008519739E-5,,,0.78219997882843,,,64.1800003051758,,,0.00336823589168489,,,0.870517611503601,,,30.5113334655762,,,4.1011266708374,,,,
"Batch standard deviation",,,0,,,0,,,0,,,0,,,0,,,0,,,0,,,0,,,0,,,0,,,0,,,,
,,,,,,,,,,,,,,,,,,,,,,,,,,,,,,,,,,,,,
"Equivalent circuit",,,,,,,,,,,,,,,,,,,,,,,,,,,,,,,,,,,,,
R1+Q2/R2+Q3/R3+Q4/R4+W5,,,,,,,,,,,,,,,,,,,,,,,,,,,,,,,,,,,,,
