,,,R1/Ohm,"Std err. R1/Ohm","Rank R1","Q2/F.s^(a - 1)","Std err. Q2/F.s^(a - 1)","Rank Q2",a2/,"Std err. a2","Rank a2",R2,"Std err. R2/Ohm","Rank R2","Q3/F.s^(a - 1)","Std err. Q3/F.s^(a - 1)","Rank Q3",a3/,"Std err. a3","Rank a3",R3,"Std err. R3/Ohm","Rank R3","Q4/F.s^(a - 1)","Std err. Q4/F.s^(a - 1)","Rank Q4",a4/,"Std err. a4","Rank a4",R4,"Std err. R4/Ohm","Rank R4",s5/Ohm.s^-1/2,"Std err. s5/Ohm.s^-1/2","Rank s5",Chi^2/|Z|^2,Chi/sqrt(N)/Ohm
C:\Users\HOME\Desktop\JupyterWorkspace\ALBATROSS_Paper\250925_EIS\3\250926173310_31(4-8).mpr,"Cycle 0",,3.1159999370575,xxxx,0.730769230769231,9.61499972618185E-6,xxxx,0.357988165680473,0.840300023555756,xxxx,0.603550295857988,5.02699995040894,xxxx,0.816568047337278,6.48799978080206E-5,xxxx,0.784023668639053,0.755800008773804,xxxx,1,63.2900009155273,xxxx,0.952662721893491,0.00320493327331233,0.000152278585791558,0.538461538461538,0.891993686310231,0.0147387422992866,0.781065088757396,28.9147149198796,0.681714603475133,0.431952662721894,4.35662106599749,0.529319211661898,0.423076923076923,0.00212922097054744,0.570903600733819
,,,,,,,,,,,,,,,,,,,,,,,,,,,,,,,,,,,,,
"Batch mean",,,3.1159999370575,,,9.61499972618185E-6,,,0.840300023555756,,,5.02699995040894,,,6.48799978080206E-5,,,0.755800008773804,,,63.2900009155273,,,0.00320493336766958,,,0.891993701457977,,,28.9147148132324,,,4.35662126541138,,,,
"Batch standard deviation",,,0,,,0,,,0,,,0,,,0,,,0,,,0,,,0,,,0,,,0,,,0,,,,
,,,,,,,,,,,,,,,,,,,,,,,,,,,,,,,,,,,,,
"Equivalent circuit",,,,,,,,,,,,,,,,,,,,,,,,,,,,,,,,,,,,,
R1+Q2/R2+Q3/R3+Q4/R4+W5,,,,,,,,,,,,,,,,,,,,,,,,,,,,,,,,,,,,,
