,,,R1/Ohm,"Std err. R1/Ohm","Rank R1","Q2/F.s^(a - 1)","Std err. Q2/F.s^(a - 1)","Rank Q2",a2/,"Std err. a2","Rank a2",R2,"Std err. R2/Ohm","Rank R2","Q3/F.s^(a - 1)","Std err. Q3/F.s^(a - 1)","Rank Q3",a3/,"Std err. a3","Rank a3",R3,"Std err. R3/Ohm","Rank R3","Q4/F.s^(a - 1)","Std err. Q4/F.s^(a - 1)","Rank Q4",a4/,"Std err. a4","Rank a4",R4,"Std err. R4/Ohm","Rank R4",s5/Ohm.s^-1/2,"Std err. s5/Ohm.s^-1/2","Rank s5",Chi^2/|Z|^2,Chi/sqrt(N)/Ohm
C:\Users\HOME\Desktop\JupyterWorkspace\ALBATROSS_Paper\250925_EIS\3\250926134841_2(1-3).mpr,"Cycle 0",,3.1710000038147,xxxx,0.72700296735905,4.06500021199463E-6,xxxx,0.341246290801187,0.931800007820129,xxxx,0.58160237388724,4.1230001449585,xxxx,0.780415430267062,6.50200017844327E-5,xxxx,0.780415430267062,0.754100024700165,xxxx,1,59.7000007629395,xxxx,0.946587537091988,0.00365995115809729,0.000122858747178803,0.614243323442136,0.769691458782007,0.00973498498339702,0.833827893175074,33.5158335405878,0.591945406536031,0.459940652818991,3.43174085973148,0.360434865852049,0.376854599406528,0.00347839503492746,0.477746814581617
,,,,,,,,,,,,,,,,,,,,,,,,,,,,,,,,,,,,,
"Batch mean",,,3.1710000038147,,,4.06500021199463E-6,,,0.931800007820129,,,4.1230001449585,,,6.50200017844327E-5,,,0.754100024700165,,,59.7000007629395,,,0.00365995126776397,,,0.769691467285156,,,33.5158348083496,,,3.43174076080322,,,,
"Batch standard deviation",,,0,,,0,,,0,,,0,,,0,,,0,,,0,,,0,,,0,,,0,,,0,,,,
,,,,,,,,,,,,,,,,,,,,,,,,,,,,,,,,,,,,,
"Equivalent circuit",,,,,,,,,,,,,,,,,,,,,,,,,,,,,,,,,,,,,
R1+Q2/R2+Q3/R3+Q4/R4+W5,,,,,,,,,,,,,,,,,,,,,,,,,,,,,,,,,,,,,
