,,,R1/Ohm,"Std err. R1/Ohm","Rank R1","Q2/F.s^(a - 1)","Std err. Q2/F.s^(a - 1)","Rank Q2",a2/,"Std err. a2","Rank a2",R2,"Std err. R2/Ohm","Rank R2","Q3/F.s^(a - 1)","Std err. Q3/F.s^(a - 1)","Rank Q3",a3/,"Std err. a3","Rank a3",R3,"Std err. R3/Ohm","Rank R3","Q4/F.s^(a - 1)","Std err. Q4/F.s^(a - 1)","Rank Q4",a4/,"Std err. a4","Rank a4",R4,"Std err. R4/Ohm","Rank R4",s5/Ohm.s^-1/2,"Std err. s5/Ohm.s^-1/2","Rank s5",Chi^2/|Z|^2,Chi/sqrt(N)/Ohm
C:\Users\HOME\Desktop\JupyterWorkspace\ALBATROSS_Paper\250925_EIS\3\250926161044_21(3-6).mpr,"Cycle 0",,3.10400009155273,xxxx,0.737463126843658,1.23999998322688E-5,xxxx,0.353982300884956,0.809499979019165,xxxx,0.589970501474926,4.73999977111816,xxxx,0.823008849557522,5.62399982300121E-5,xxxx,0.772861356932153,0.768800020217896,xxxx,1,63.5099983215332,xxxx,0.955752212389381,0.00333825984133902,0.000144079171581758,0.533923303834808,0.891967695954834,0.015746246922088,0.778761061946903,27.3489095373191,0.702086902871625,0.430678466076696,4.12995003467194,0.549656343306658,0.421828908554572,0.00271902331724907,0.580768978932534
,,,,,,,,,,,,,,,,,,,,,,,,,,,,,,,,,,,,,
"Batch mean",,,3.10400009155273,,,1.23999998322688E-5,,,0.809499979019165,,,4.73999977111816,,,5.62399982300121E-5,,,0.768800020217896,,,63.5099983215332,,,0.00333825987763703,,,0.891967713832855,,,27.3489093780518,,,4.12995004653931,,,,
"Batch standard deviation",,,0,,,0,,,0,,,0,,,0,,,0,,,0,,,0,,,0,,,0,,,0,,,,
,,,,,,,,,,,,,,,,,,,,,,,,,,,,,,,,,,,,,
"Equivalent circuit",,,,,,,,,,,,,,,,,,,,,,,,,,,,,,,,,,,,,
R1+Q2/R2+Q3/R3+Q4/R4+W5,,,,,,,,,,,,,,,,,,,,,,,,,,,,,,,,,,,,,
