,,,R1/Ohm,"Std err. R1/Ohm","Rank R1","Q2/F.s^(a - 1)","Std err. Q2/F.s^(a - 1)","Rank Q2",a2/,"Std err. a2","Rank a2",R2,"Std err. R2/Ohm","Rank R2","Q3/F.s^(a - 1)","Std err. Q3/F.s^(a - 1)","Rank Q3",a3/,"Std err. a3","Rank a3",R3,"Std err. R3/Ohm","Rank R3","Q4/F.s^(a - 1)","Std err. Q4/F.s^(a - 1)","Rank Q4",a4/,"Std err. a4","Rank a4",R4,"Std err. R4/Ohm","Rank R4",s5/Ohm.s^-1/2,"Std err. s5/Ohm.s^-1/2","Rank s5",Chi^2/|Z|^2,Chi/sqrt(N)/Ohm
C:\Users\HOME\Desktop\JupyterWorkspace\ALBATROSS_Paper\250925_EIS\3\250926192435_46(6-7).mpr,"Cycle 0",,4.30870841945597,0.0743801055003456,0.771513353115727,2.08224633152735E-5,2.22805370732905E-6,0.364985163204748,0.741524291156259,0.0105608781268318,0.599406528189911,6.19367523677957,0.101148140881456,0.851632047477745,4.58700014860369E-5,xxxx,0.750741839762611,0.78600001335144,xxxx,1,65.0500030517578,xxxx,0.943620178041543,0.00404899986460805,xxxx,0.572700296735905,0.791000008583069,xxxx,0.795252225519288,29.7000007629395,xxxx,0.439169139465875,3.17600011825562,xxxx,0.353115727002967,0.00152743464451616,0.381684813651281
,,,,,,,,,,,,,,,,,,,,,,,,,,,,,,,,,,,,,
"Batch mean",,,4.30870819091797,,,2.08224628295284E-5,,,0.741524279117584,,,6.19367504119873,,,4.58700014860369E-5,,,0.78600001335144,,,65.0500030517578,,,0.00404899986460805,,,0.791000008583069,,,29.7000007629395,,,3.17600011825562,,,,
"Batch standard deviation",,,0,,,0,,,0,,,0,,,0,,,0,,,0,,,0,,,0,,,0,,,0,,,,
,,,,,,,,,,,,,,,,,,,,,,,,,,,,,,,,,,,,,
"Equivalent circuit",,,,,,,,,,,,,,,,,,,,,,,,,,,,,,,,,,,,,
R1+Q2/R2+Q3/R3+Q4/R4+W5,,,,,,,,,,,,,,,,,,,,,,,,,,,,,,,,,,,,,
