,,,R1/Ohm,"Std err. R1/Ohm","Rank R1","Q2/F.s^(a - 1)","Std err. Q2/F.s^(a - 1)","Rank Q2",a2/,"Std err. a2","Rank a2",R2,"Std err. R2/Ohm","Rank R2","Q3/F.s^(a - 1)","Std err. Q3/F.s^(a - 1)","Rank Q3",a3/,"Std err. a3","Rank a3",R3,"Std err. R3/Ohm","Rank R3","Q4/F.s^(a - 1)","Std err. Q4/F.s^(a - 1)","Rank Q4",a4/,"Std err. a4","Rank a4",R4,"Std err. R4/Ohm","Rank R4",s5/Ohm.s^-1/2,"Std err. s5/Ohm.s^-1/2","Rank s5",Chi^2/|Z|^2,Chi/sqrt(N)/Ohm
C:\Users\HOME\Desktop\JupyterWorkspace\ALBATROSS_Paper\250925_EIS\3\250926190710_44(6-5).mpr,"Cycle 0",,3.52300000190735,xxxx,0.751479289940828,9.10200014914153E-6,xxxx,0.349112426035503,0.854700028896332,xxxx,0.594674556213018,4.61199998855591,xxxx,0.804733727810651,5.45000002603047E-5,xxxx,0.772189349112426,0.778599977493286,xxxx,1,61.6500015258789,xxxx,0.946745562130177,0.00325494556261294,0.000129634753103716,0.550295857988166,0.861234245550439,0.011781550243806,0.789940828402367,29.7081931351232,0.549845677201966,0.443786982248521,4.23131402101838,0.406370755833876,0.417159763313609,0.00235788018721731,0.475097597870977
,,,,,,,,,,,,,,,,,,,,,,,,,,,,,,,,,,,,,
"Batch mean",,,3.52300000190735,,,9.10200014914153E-6,,,0.854700028896332,,,4.61199998855591,,,5.45000002603047E-5,,,0.778599977493286,,,61.6500015258789,,,0.00325494562275708,,,0.861234247684479,,,29.7081928253174,,,4.23131418228149,,,,
"Batch standard deviation",,,0,,,0,,,0,,,0,,,0,,,0,,,0,,,0,,,0,,,0,,,0,,,,
,,,,,,,,,,,,,,,,,,,,,,,,,,,,,,,,,,,,,
"Equivalent circuit",,,,,,,,,,,,,,,,,,,,,,,,,,,,,,,,,,,,,
R1+Q2/R2+Q3/R3+Q4/R4+W5,,,,,,,,,,,,,,,,,,,,,,,,,,,,,,,,,,,,,
