,,,R1/Ohm,"Std err. R1/Ohm","Rank R1","Q2/F.s^(a - 1)","Std err. Q2/F.s^(a - 1)","Rank Q2",a2/,"Std err. a2","Rank a2",R2,"Std err. R2/Ohm","Rank R2","Q3/F.s^(a - 1)","Std err. Q3/F.s^(a - 1)","Rank Q3",a3/,"Std err. a3","Rank a3",R3,"Std err. R3/Ohm","Rank R3","Q4/F.s^(a - 1)","Std err. Q4/F.s^(a - 1)","Rank Q4",a4/,"Std err. a4","Rank a4",R4,"Std err. R4/Ohm","Rank R4",s5/Ohm.s^-1/2,"Std err. s5/Ohm.s^-1/2","Rank s5",Chi^2/|Z|^2,Chi/sqrt(N)/Ohm
C:\Users\HOME\Desktop\JupyterWorkspace\ALBATROSS_Paper\250925_EIS\3\250926153242_16(3-1).mpr,"Cycle 0",,2.93700003623962,xxxx,0.735294117647059,4.50400011686725E-6,xxxx,0.338235294117647,0.924600005149841,xxxx,0.570588235294118,3.38499999046326,xxxx,0.779411764705882,6.93199981469661E-5,xxxx,0.797058823529412,0.742200016975403,xxxx,1,63.2599983215332,xxxx,0.964705882352941,0.00317660873900756,0.00013811755490392,0.538235294117647,0.913357264948748,0.0146711940923707,0.782352941176471,26.9620932427588,0.580887781009028,0.432352941176471,4.13589416484955,0.457592483403386,0.438235294117647,0.00264068089175743,0.527750915991189
,,,,,,,,,,,,,,,,,,,,,,,,,,,,,,,,,,,,,
"Batch mean",,,2.93700003623962,,,4.50400011686725E-6,,,0.924600005149841,,,3.38499999046326,,,6.93199981469661E-5,,,0.742200016975403,,,63.2599983215332,,,0.00317660882137716,,,0.913357257843018,,,26.9620933532715,,,4.13589429855347,,,,
"Batch standard deviation",,,0,,,0,,,0,,,0,,,0,,,0,,,0,,,0,,,0,,,0,,,0,,,,
,,,,,,,,,,,,,,,,,,,,,,,,,,,,,,,,,,,,,
"Equivalent circuit",,,,,,,,,,,,,,,,,,,,,,,,,,,,,,,,,,,,,
R1+Q2/R2+Q3/R3+Q4/R4+W5,,,,,,,,,,,,,,,,,,,,,,,,,,,,,,,,,,,,,
