,,,R1/Ohm,"Std err. R1/Ohm","Rank R1","Q2/F.s^(a - 1)","Std err. Q2/F.s^(a - 1)","Rank Q2",a2/,"Std err. a2","Rank a2",R2,"Std err. R2/Ohm","Rank R2","Q3/F.s^(a - 1)","Std err. Q3/F.s^(a - 1)","Rank Q3",a3/,"Std err. a3","Rank a3",R3,"Std err. R3/Ohm","Rank R3","Q4/F.s^(a - 1)","Std err. Q4/F.s^(a - 1)","Rank Q4",a4/,"Std err. a4","Rank a4",R4,"Std err. R4/Ohm","Rank R4",s5/Ohm.s^-1/2,"Std err. s5/Ohm.s^-1/2","Rank s5",Chi^2/|Z|^2,Chi/sqrt(N)/Ohm
C:\Users\HOME\Desktop\JupyterWorkspace\ALBATROSS_Paper\250925_EIS\3\250926150112_12(2-5).mpr,"Cycle 0",,3.68400001525879,xxxx,0.847953216374269,2.05700007427367E-6,xxxx,0.304093567251462,1,xxxx,0.538011695906433,2.36400008201599,xxxx,0.666666666666667,7.1039998147171E-5,xxxx,0.809941520467836,0.738099992275238,xxxx,1,64.0100021362305,xxxx,0.964912280701754,0.00337092662354786,0.000178242886785398,0.535087719298246,0.920247104270414,0.0175066951427167,0.774853801169591,25.0621489969394,0.65645209445473,0.435672514619883,4.62372520605894,0.493955550628765,0.456140350877193,0.00553518469443207,0.679857544885407
,,,,,,,,,,,,,,,,,,,,,,,,,,,,,,,,,,,,,
"Batch mean",,,3.68400001525879,,,2.05700007427367E-6,,,1,,,2.36400008201599,,,7.1039998147171E-5,,,0.738099992275238,,,64.0100021362305,,,0.0033709267154336,,,0.920247077941895,,,25.0621490478516,,,4.62372541427612,,,,
"Batch standard deviation",,,0,,,0,,,0,,,0,,,0,,,0,,,0,,,0,,,0,,,0,,,0,,,,
,,,,,,,,,,,,,,,,,,,,,,,,,,,,,,,,,,,,,
"Equivalent circuit",,,,,,,,,,,,,,,,,,,,,,,,,,,,,,,,,,,,,
R1+Q2/R2+Q3/R3+Q4/R4+W5,,,,,,,,,,,,,,,,,,,,,,,,,,,,,,,,,,,,,
