,,,R1/Ohm,"Std err. R1/Ohm","Rank R1","Q2/F.s^(a - 1)","Std err. Q2/F.s^(a - 1)","Rank Q2",a2/,"Std err. a2","Rank a2",R2,"Std err. R2/Ohm","Rank R2","Q3/F.s^(a - 1)","Std err. Q3/F.s^(a - 1)","Rank Q3",a3/,"Std err. a3","Rank a3",R3,"Std err. R3/Ohm","Rank R3","Q4/F.s^(a - 1)","Std err. Q4/F.s^(a - 1)","Rank Q4",a4/,"Std err. a4","Rank a4",R4,"Std err. R4/Ohm","Rank R4",s5/Ohm.s^-1/2,"Std err. s5/Ohm.s^-1/2","Rank s5",Chi^2/|Z|^2,Chi/sqrt(N)/Ohm
C:\Users\HOME\Desktop\JupyterWorkspace\ALBATROSS_Paper\250925_EIS\3\250926174924_33(5-2).mpr,"Cycle 0",,3.09899997711182,xxxx,0.741176470588235,1.4500000361295E-5,xxxx,0.344117647058824,0.812099993228912,xxxx,0.573529411764706,3.75,xxxx,0.785294117647059,5.8109999372391E-5,xxxx,0.791176470588235,0.766300022602081,xxxx,1,62.2000007629395,xxxx,0.952941176470588,0.00352157903475579,0.000138833463753923,0.555882352941177,0.858106431235818,0.0127003053432423,0.794117647058823,29.4067254395983,0.65745329590326,0.435294117647059,3.62987678648281,0.469353351764912,0.402941176470588,0.00264190243173612,0.488832748226277
,,,,,,,,,,,,,,,,,,,,,,,,,,,,,,,,,,,,,
"Batch mean",,,3.09899997711182,,,1.4500000361295E-5,,,0.812099993228912,,,3.75,,,5.8109999372391E-5,,,0.766300022602081,,,62.2000007629395,,,0.0035215790849179,,,0.858106434345245,,,29.4067249298096,,,3.62987685203552,,,,
"Batch standard deviation",,,0,,,0,,,0,,,0,,,0,,,0,,,0,,,0,,,0,,,0,,,0,,,,
,,,,,,,,,,,,,,,,,,,,,,,,,,,,,,,,,,,,,
"Equivalent circuit",,,,,,,,,,,,,,,,,,,,,,,,,,,,,,,,,,,,,
R1+Q2/R2+Q3/R3+Q4/R4+W5,,,,,,,,,,,,,,,,,,,,,,,,,,,,,,,,,,,,,
