,,,R1/Ohm,"Std err. R1/Ohm","Rank R1","Q2/F.s^(a - 1)","Std err. Q2/F.s^(a - 1)","Rank Q2",a2/,"Std err. a2","Rank a2",R2,"Std err. R2/Ohm","Rank R2","Q3/F.s^(a - 1)","Std err. Q3/F.s^(a - 1)","Rank Q3",a3/,"Std err. a3","Rank a3",R3,"Std err. R3/Ohm","Rank R3","Q4/F.s^(a - 1)","Std err. Q4/F.s^(a - 1)","Rank Q4",a4/,"Std err. a4","Rank a4",R4,"Std err. R4/Ohm","Rank R4",s5/Ohm.s^-1/2,"Std err. s5/Ohm.s^-1/2","Rank s5",Chi^2/|Z|^2,Chi/sqrt(N)/Ohm
C:\Users\HOME\Desktop\JupyterWorkspace\ALBATROSS_Paper\250925_EIS\3\250926162739_23(3-8).mpr,"Cycle 0",,3.55399990081787,xxxx,0.74702380952381,2.97699989459943E-6,xxxx,0.363095238095238,0.888300001621246,xxxx,0.610119047619048,7.51300001144409,xxxx,0.886904761904762,6.56799966236576E-5,xxxx,0.75297619047619,0.752699971199036,xxxx,1,64.1800003051758,xxxx,0.955357142857143,0.0031428703364726,0.000143123542671491,0.526785714285714,0.896532101260974,0.0141608218743931,0.767857142857143,28.3569183666069,0.620225267337484,0.431547619047619,4.4497106285451,0.489298330282236,0.422619047619048,0.00237170394012095,0.531528864337731
,,,,,,,,,,,,,,,,,,,,,,,,,,,,,,,,,,,,,
"Batch mean",,,3.55399990081787,,,2.97699989459943E-6,,,0.888300001621246,,,7.51300001144409,,,6.56799966236576E-5,,,0.752699971199036,,,64.1800003051758,,,0.00314287026412785,,,0.896532118320465,,,28.3569183349609,,,4.44971084594727,,,,
"Batch standard deviation",,,0,,,0,,,0,,,0,,,0,,,0,,,0,,,0,,,0,,,0,,,0,,,,
,,,,,,,,,,,,,,,,,,,,,,,,,,,,,,,,,,,,,
"Equivalent circuit",,,,,,,,,,,,,,,,,,,,,,,,,,,,,,,,,,,,,
R1+Q2/R2+Q3/R3+Q4/R4+W5,,,,,,,,,,,,,,,,,,,,,,,,,,,,,,,,,,,,,
