,,,R1/Ohm,"Std err. R1/Ohm","Rank R1","Q2/F.s^(a - 1)","Std err. Q2/F.s^(a - 1)","Rank Q2",a2/,"Std err. a2","Rank a2",R2,"Std err. R2/Ohm","Rank R2","Q3/F.s^(a - 1)","Std err. Q3/F.s^(a - 1)","Rank Q3",a3/,"Std err. a3","Rank a3",R3,"Std err. R3/Ohm","Rank R3","Q4/F.s^(a - 1)","Std err. Q4/F.s^(a - 1)","Rank Q4",a4/,"Std err. a4","Rank a4",R4,"Std err. R4/Ohm","Rank R4",s5/Ohm.s^-1/2,"Std err. s5/Ohm.s^-1/2","Rank s5",Chi^2/|Z|^2,Chi/sqrt(N)/Ohm
C:\Users\HOME\Desktop\JupyterWorkspace\ALBATROSS_Paper\250925_EIS\3\250926145343_11(2-4).mpr,"Cycle 0",,3.0220000743866,xxxx,0.82798833819242,2.16100011130038E-6,xxxx,0.303206997084548,1,xxxx,0.533527696793003,2.15599989891052,xxxx,0.65597667638484,7.72799976402894E-5,xxxx,0.813411078717201,0.725499987602234,xxxx,1,63.9000015258789,xxxx,0.967930029154519,0.00366058686303375,0.000183545128562358,0.542274052478134,0.901104514469655,0.0168233215967125,0.778425655976676,25.4706248773004,0.832831230300126,0.434402332361516,4.44293381626304,0.611700387841127,0.454810495626822,0.00527912474606191,0.656751271682819
,,,,,,,,,,,,,,,,,,,,,,,,,,,,,,,,,,,,,
"Batch mean",,,3.0220000743866,,,2.16100011130038E-6,,,1,,,2.15599989891052,,,7.72799976402894E-5,,,0.725499987602234,,,63.9000015258789,,,0.00366058689542115,,,0.901104509830475,,,25.4706249237061,,,4.44293403625488,,,,
"Batch standard deviation",,,0,,,0,,,0,,,0,,,0,,,0,,,0,,,0,,,0,,,0,,,0,,,,
,,,,,,,,,,,,,,,,,,,,,,,,,,,,,,,,,,,,,
"Equivalent circuit",,,,,,,,,,,,,,,,,,,,,,,,,,,,,,,,,,,,,
R1+Q2/R2+Q3/R3+Q4/R4+W5,,,,,,,,,,,,,,,,,,,,,,,,,,,,,,,,,,,,,
