,,,R1/Ohm,"Std err. R1/Ohm","Rank R1","Q2/F.s^(a - 1)","Std err. Q2/F.s^(a - 1)","Rank Q2",a2/,"Std err. a2","Rank a2",R2,"Std err. R2/Ohm","Rank R2","Q3/F.s^(a - 1)","Std err. Q3/F.s^(a - 1)","Rank Q3",a3/,"Std err. a3","Rank a3",R3,"Std err. R3/Ohm","Rank R3","Q4/F.s^(a - 1)","Std err. Q4/F.s^(a - 1)","Rank Q4",a4/,"Std err. a4","Rank a4",R4,"Std err. R4/Ohm","Rank R4",s5/Ohm.s^-1/2,"Std err. s5/Ohm.s^-1/2","Rank s5",Chi^2/|Z|^2,Chi/sqrt(N)/Ohm
C:\Users\HOME\Desktop\JupyterWorkspace\ALBATROSS_Paper\250925_EIS\3\250926185008_41(6-2).mpr,"Cycle 0",,3.73895033374048,0.0863746368116187,0.751479289940828,1.07833777290713E-5,1.9814613440933E-6,0.363905325443787,0.828714032934252,0.0179547604315106,0.603550295857988,5.39888148992255,0.127776869325998,0.816568047337278,5.50600016140379E-5,xxxx,0.769230769230769,0.771499991416931,xxxx,1,63.3300018310547,xxxx,0.949704142011834,0.00315600004978478,xxxx,0.538461538461538,0.872200012207031,xxxx,0.775147928994083,29.9799995422363,xxxx,0.43491124260355,4.50699996948242,xxxx,0.417159763313609,0.00300436020776081,0.486925115757654
,,,,,,,,,,,,,,,,,,,,,,,,,,,,,,,,,,,,,
"Batch mean",,,3.73895025253296,,,1.07833775473409E-5,,,0.82871401309967,,,5.39888143539429,,,5.50600016140379E-5,,,0.771499991416931,,,63.3300018310547,,,0.00315600004978478,,,0.872200012207031,,,29.9799995422363,,,4.50699996948242,,,,
"Batch standard deviation",,,0,,,0,,,0,,,0,,,0,,,0,,,0,,,0,,,0,,,0,,,0,,,,
,,,,,,,,,,,,,,,,,,,,,,,,,,,,,,,,,,,,,
"Equivalent circuit",,,,,,,,,,,,,,,,,,,,,,,,,,,,,,,,,,,,,
R1+Q2/R2+Q3/R3+Q4/R4+W5,,,,,,,,,,,,,,,,,,,,,,,,,,,,,,,,,,,,,
