,,,R1/Ohm,"Std err. R1/Ohm","Rank R1","Q2/F.s^(a - 1)","Std err. Q2/F.s^(a - 1)","Rank Q2",a2/,"Std err. a2","Rank a2",R2,"Std err. R2/Ohm","Rank R2","Q3/F.s^(a - 1)","Std err. Q3/F.s^(a - 1)","Rank Q3",a3/,"Std err. a3","Rank a3",R3,"Std err. R3/Ohm","Rank R3","Q4/F.s^(a - 1)","Std err. Q4/F.s^(a - 1)","Rank Q4",a4/,"Std err. a4","Rank a4",R4,"Std err. R4/Ohm","Rank R4",s5/Ohm.s^-1/2,"Std err. s5/Ohm.s^-1/2","Rank s5",Chi^2/|Z|^2,Chi/sqrt(N)/Ohm
C:\Users\HOME\Desktop\JupyterWorkspace\ALBATROSS_Paper\250925_EIS\3\250926175730_34(5-3).mpr,"Cycle 0",,3.91499996185303,xxxx,0.766272189349112,2.49400000029709E-5,xxxx,0.36094674556213,0.753799974918365,xxxx,0.603550295857988,5.27299976348877,xxxx,0.813609467455621,5.7959998230217E-5,xxxx,0.772189349112426,0.767599999904633,xxxx,1,63.1599998474121,xxxx,0.949704142011834,0.00322683258813564,0.000138602651772607,0.523668639053254,0.889865775930505,0.0142924657333667,0.775147928994083,28.4552500172084,0.843823751917476,0.42603550295858,4.71962462727471,0.583552796351488,0.428994082840237,0.00232217352735218,0.563012522074707
,,,,,,,,,,,,,,,,,,,,,,,,,,,,,,,,,,,,,
"Batch mean",,,3.91499996185303,,,2.49400000029709E-5,,,0.753799974918365,,,5.27299976348877,,,5.7959998230217E-5,,,0.767599999904633,,,63.1599998474121,,,0.00322683248668909,,,0.889865756034851,,,28.455249786377,,,4.71962451934814,,,,
"Batch standard deviation",,,0,,,0,,,0,,,0,,,0,,,0,,,0,,,0,,,0,,,0,,,0,,,,
,,,,,,,,,,,,,,,,,,,,,,,,,,,,,,,,,,,,,
"Equivalent circuit",,,,,,,,,,,,,,,,,,,,,,,,,,,,,,,,,,,,,
R1+Q2/R2+Q3/R3+Q4/R4+W5,,,,,,,,,,,,,,,,,,,,,,,,,,,,,,,,,,,,,
