,,,R1/Ohm,"Std err. R1/Ohm","Rank R1","Q2/F.s^(a - 1)","Std err. Q2/F.s^(a - 1)","Rank Q2",a2/,"Std err. a2","Rank a2",R2,"Std err. R2/Ohm","Rank R2","Q3/F.s^(a - 1)","Std err. Q3/F.s^(a - 1)","Rank Q3",a3/,"Std err. a3","Rank a3",R3,"Std err. R3/Ohm","Rank R3","Q4/F.s^(a - 1)","Std err. Q4/F.s^(a - 1)","Rank Q4",a4/,"Std err. a4","Rank a4",R4,"Std err. R4/Ohm","Rank R4",s5/Ohm.s^-1/2,"Std err. s5/Ohm.s^-1/2","Rank s5",Chi^2/|Z|^2,Chi/sqrt(N)/Ohm
C:\Users\HOME\Desktop\JupyterWorkspace\ALBATROSS_Paper\250925_EIS\3\250926170705_28(4-5).mpr,"Cycle 0",,3.09699988365173,xxxx,0.741935483870968,1.07100004242966E-5,xxxx,0.328445747800586,0.830799996852875,xxxx,0.563049853372434,3.37899994850159,xxxx,0.765395894428152,6.28999987384304E-5,xxxx,0.788856304985337,0.754400014877319,xxxx,1,60.7299995422363,xxxx,0.956011730205279,0.00346753721390493,0.000131825021666341,0.563049853372434,0.856614985968434,0.0128222727284979,0.797653958944281,29.0798375668852,0.766349482861258,0.439882697947214,3.87355484320292,0.564488186299723,0.410557184750733,0.002261878603218,0.470612396224437
,,,,,,,,,,,,,,,,,,,,,,,,,,,,,,,,,,,,,
"Batch mean",,,3.09699988365173,,,1.07100004242966E-5,,,0.830799996852875,,,3.37899994850159,,,6.28999987384304E-5,,,0.754400014877319,,,60.7299995422363,,,0.00346753722988069,,,0.856615006923676,,,29.0798377990723,,,3.87355494499207,,,,
"Batch standard deviation",,,0,,,0,,,0,,,0,,,0,,,0,,,0,,,0,,,0,,,0,,,0,,,,
,,,,,,,,,,,,,,,,,,,,,,,,,,,,,,,,,,,,,
"Equivalent circuit",,,,,,,,,,,,,,,,,,,,,,,,,,,,,,,,,,,,,
R1+Q2/R2+Q3/R3+Q4/R4+W5,,,,,,,,,,,,,,,,,,,,,,,,,,,,,,,,,,,,,
