,,,R1/Ohm,"Std err. R1/Ohm","Rank R1","Q2/F.s^(a - 1)","Std err. Q2/F.s^(a - 1)","Rank Q2",a2/,"Std err. a2","Rank a2",R2,"Std err. R2/Ohm","Rank R2","Q3/F.s^(a - 1)","Std err. Q3/F.s^(a - 1)","Rank Q3",a3/,"Std err. a3","Rank a3",R3,"Std err. R3/Ohm","Rank R3","Q4/F.s^(a - 1)","Std err. Q4/F.s^(a - 1)","Rank Q4",a4/,"Std err. a4","Rank a4",R4,"Std err. R4/Ohm","Rank R4",s5/Ohm.s^-1/2,"Std err. s5/Ohm.s^-1/2","Rank s5",Chi^2/|Z|^2,Chi/sqrt(N)/Ohm
C:\Users\HOME\Desktop\JupyterWorkspace\ALBATROSS_Paper\250925_EIS\3\250926140239_4(1-5).mpr,"Cycle 0",,2.92600011825562,xxxx,0.735905044510386,6.76899981044699E-6,xxxx,0.320474777448071,0.885599970817566,xxxx,0.55786350148368,3.1470000743866,xxxx,0.768545994065282,5.69900003029034E-5,xxxx,0.786350148367953,0.766300022602081,xxxx,1,56.3600006103516,xxxx,0.952522255192878,0.00411645084129123,0.000181943091637077,0.632047477744807,0.74792477003564,0.0138839861807895,0.85459940652819,32.1791192657702,0.68442614938786,0.471810089020772,2.51242534970028,0.354918342769688,0.362017804154303,0.0039065260015373,0.509176753488212
,,,,,,,,,,,,,,,,,,,,,,,,,,,,,,,,,,,,,
"Batch mean",,,2.92600011825562,,,6.76899981044699E-6,,,0.885599970817566,,,3.1470000743866,,,5.69900003029034E-5,,,0.766300022602081,,,56.3600006103516,,,0.00411645090207458,,,0.747924745082855,,,32.1791191101074,,,2.51242542266846,,,,
"Batch standard deviation",,,0,,,0,,,0,,,0,,,0,,,0,,,0,,,0,,,0,,,0,,,0,,,,
,,,,,,,,,,,,,,,,,,,,,,,,,,,,,,,,,,,,,
"Equivalent circuit",,,,,,,,,,,,,,,,,,,,,,,,,,,,,,,,,,,,,
R1+Q2/R2+Q3/R3+Q4/R4+W5,,,,,,,,,,,,,,,,,,,,,,,,,,,,,,,,,,,,,
