,,,R1/Ohm,"Std err. R1/Ohm","Rank R1","Q2/F.s^(a - 1)","Std err. Q2/F.s^(a - 1)","Rank Q2",a2/,"Std err. a2","Rank a2",R2,"Std err. R2/Ohm","Rank R2","Q3/F.s^(a - 1)","Std err. Q3/F.s^(a - 1)","Rank Q3",a3/,"Std err. a3","Rank a3",R3,"Std err. R3/Ohm","Rank R3","Q4/F.s^(a - 1)","Std err. Q4/F.s^(a - 1)","Rank Q4",a4/,"Std err. a4","Rank a4",R4,"Std err. R4/Ohm","Rank R4",s5/Ohm.s^-1/2,"Std err. s5/Ohm.s^-1/2","Rank s5",Chi^2/|Z|^2,Chi/sqrt(N)/Ohm
C:\Users\HOME\Desktop\JupyterWorkspace\ALBATROSS_Paper\250925_EIS\3\250926143928_9(2-2).mpr,"Cycle 0",,3.36500000953674,xxxx,0.833819241982507,2.04299999495561E-6,xxxx,0.32069970845481,1,xxxx,0.548104956268222,2.81800007820129,xxxx,0.673469387755102,8.28300035209395E-5,xxxx,0.810495626822157,0.71670001745224,xxxx,1,66.1999969482422,xxxx,0.967930029154519,0.00348345244703002,0.000242970009405778,0.524781341107872,0.923178545271932,0.02256563655494,0.760932944606414,24.5104985116331,0.793837092767325,0.428571428571429,4.24579424074532,0.58484279707737,0.443148688046647,0.00622581279620396,0.711061431074318
,,,,,,,,,,,,,,,,,,,,,,,,,,,,,,,,,,,,,
"Batch mean",,,3.36500000953674,,,2.04299999495561E-6,,,1,,,2.81800007820129,,,8.28300035209395E-5,,,0.71670001745224,,,66.1999969482422,,,0.00348345236852765,,,0.923178553581238,,,24.510498046875,,,4.24579429626465,,,,
"Batch standard deviation",,,0,,,0,,,0,,,0,,,0,,,0,,,0,,,0,,,0,,,0,,,0,,,,
,,,,,,,,,,,,,,,,,,,,,,,,,,,,,,,,,,,,,
"Equivalent circuit",,,,,,,,,,,,,,,,,,,,,,,,,,,,,,,,,,,,,
R1+Q2/R2+Q3/R3+Q4/R4+W5,,,,,,,,,,,,,,,,,,,,,,,,,,,,,,,,,,,,,
