,,,R1/Ohm,"Std err. R1/Ohm","Rank R1","Q2/F.s^(a - 1)","Std err. Q2/F.s^(a - 1)","Rank Q2",a2/,"Std err. a2","Rank a2",R2,"Std err. R2/Ohm","Rank R2","Q3/F.s^(a - 1)","Std err. Q3/F.s^(a - 1)","Rank Q3",a3/,"Std err. a3","Rank a3",R3,"Std err. R3/Ohm","Rank R3","Q4/F.s^(a - 1)","Std err. Q4/F.s^(a - 1)","Rank Q4",a4/,"Std err. a4","Rank a4",R4,"Std err. R4/Ohm","Rank R4",s5/Ohm.s^-1/2,"Std err. s5/Ohm.s^-1/2","Rank s5",Chi^2/|Z|^2,Chi/sqrt(N)/Ohm
C:\Users\HOME\Desktop\JupyterWorkspace\ALBATROSS_Paper\250925_EIS\3\250926160239_20(3-5).mpr,"Cycle 0",,3.5460000038147,xxxx,0.758823529411765,5.68399991607293E-6,xxxx,0.338235294117647,0.884400010108948,xxxx,0.573529411764706,3.92400002479553,xxxx,0.785294117647059,6.95100025041029E-5,xxxx,0.791176470588235,0.744199991226196,xxxx,1,61.7099990844727,xxxx,0.952941176470588,0.00353768751657801,0.00014316744027131,0.547058823529412,0.868131718030444,0.0132887735557308,0.782352941176471,27.9339497404806,0.670902703270941,0.432352941176471,3.9919644164681,0.503159319668313,0.414705882352941,0.00333975433354705,0.49739116612726
,,,,,,,,,,,,,,,,,,,,,,,,,,,,,,,,,,,,,
"Batch mean",,,3.5460000038147,,,5.68399991607293E-6,,,0.884400010108948,,,3.92400002479553,,,6.95100025041029E-5,,,0.744199991226196,,,61.7099990844727,,,0.0035376874729991,,,0.868131697177887,,,27.9339504241943,,,3.99196434020996,,,,
"Batch standard deviation",,,0,,,0,,,0,,,0,,,0,,,0,,,0,,,0,,,0,,,0,,,0,,,,
,,,,,,,,,,,,,,,,,,,,,,,,,,,,,,,,,,,,,
"Equivalent circuit",,,,,,,,,,,,,,,,,,,,,,,,,,,,,,,,,,,,,
R1+Q2/R2+Q3/R3+Q4/R4+W5,,,,,,,,,,,,,,,,,,,,,,,,,,,,,,,,,,,,,
