,,,R1/Ohm,"Std err. R1/Ohm","Rank R1","Q2/F.s^(a - 1)","Std err. Q2/F.s^(a - 1)","Rank Q2",a2/,"Std err. a2","Rank a2",R2,"Std err. R2/Ohm","Rank R2","Q3/F.s^(a - 1)","Std err. Q3/F.s^(a - 1)","Rank Q3",a3/,"Std err. a3","Rank a3",R3,"Std err. R3/Ohm","Rank R3","Q4/F.s^(a - 1)","Std err. Q4/F.s^(a - 1)","Rank Q4",a4/,"Std err. a4","Rank a4",R4,"Std err. R4/Ohm","Rank R4",s5/Ohm.s^-1/2,"Std err. s5/Ohm.s^-1/2","Rank s5",Chi^2/|Z|^2,Chi/sqrt(N)/Ohm
C:\Users\HOME\Desktop\JupyterWorkspace\ALBATROSS_Paper\250925_EIS\3\250926142525_7(1-8).mpr,"Cycle 0",,2.96399998664856,xxxx,0.744868035190616,3.47800005329191E-6,xxxx,0.334310850439883,0.948499977588654,xxxx,0.56891495601173,3.2590000629425,xxxx,0.774193548387097,7.74900036049075E-5,xxxx,0.806451612903226,0.726499974727631,xxxx,1,63.3199996948242,xxxx,0.967741935483871,0.00337782204921127,0.000200763858289389,0.521994134897361,0.934183699609278,0.0195432399224136,0.762463343108504,23.6876526328253,0.671643756098493,0.43108504398827,4.19615951065284,0.526878311459061,0.442815249266862,0.00503145852594823,0.651839150185637
,,,,,,,,,,,,,,,,,,,,,,,,,,,,,,,,,,,,,
"Batch mean",,,2.96399998664856,,,3.47800005329191E-6,,,0.948499977588654,,,3.2590000629425,,,7.74900036049075E-5,,,0.726499974727631,,,63.3199996948242,,,0.00337782199494541,,,0.934183716773987,,,23.6876525878906,,,4.19615936279297,,,,
"Batch standard deviation",,,0,,,0,,,0,,,0,,,0,,,0,,,0,,,0,,,0,,,0,,,0,,,,
,,,,,,,,,,,,,,,,,,,,,,,,,,,,,,,,,,,,,
"Equivalent circuit",,,,,,,,,,,,,,,,,,,,,,,,,,,,,,,,,,,,,
R1+Q2/R2+Q3/R3+Q4/R4+W5,,,,,,,,,,,,,,,,,,,,,,,,,,,,,,,,,,,,,
