,,,R1/Ohm,"Std err. R1/Ohm","Rank R1","Q2/F.s^(a - 1)","Std err. Q2/F.s^(a - 1)","Rank Q2",a2/,"Std err. a2","Rank a2",R2,"Std err. R2/Ohm","Rank R2","Q3/F.s^(a - 1)","Std err. Q3/F.s^(a - 1)","Rank Q3",a3/,"Std err. a3","Rank a3",R3,"Std err. R3/Ohm","Rank R3","Q4/F.s^(a - 1)","Std err. Q4/F.s^(a - 1)","Rank Q4",a4/,"Std err. a4","Rank a4",R4,"Std err. R4/Ohm","Rank R4",s5/Ohm.s^-1/2,"Std err. s5/Ohm.s^-1/2","Rank s5",Chi^2/|Z|^2,Chi/sqrt(N)/Ohm
C:\Users\HOME\Desktop\JupyterWorkspace\ALBATROSS_Paper\250925_EIS\3\250926184154_40(6-1).mpr,"Cycle 0",,3.3199999332428,xxxx,0.744807121661721,5.972000053589E-6,xxxx,0.350148367952522,0.893299996852875,xxxx,0.593471810089021,4.5,xxxx,0.804154302670623,5.02600014442578E-5,xxxx,0.780415430267062,0.779699981212616,xxxx,1,61.6300010681152,xxxx,0.955489614243324,0.00339370869239855,0.000115145426205146,0.560830860534125,0.84898644373566,0.0107071378790448,0.801186943620178,29.554090547967,0.605392237709425,0.445103857566766,3.77256139344934,0.430949210741337,0.406528189910979,0.00207965529422428,0.434824451397541
,,,,,,,,,,,,,,,,,,,,,,,,,,,,,,,,,,,,,
"Batch mean",,,3.3199999332428,,,5.972000053589E-6,,,0.893299996852875,,,4.5,,,5.02600014442578E-5,,,0.779699981212616,,,61.6300010681152,,,0.00339370872825384,,,0.848986446857452,,,29.5540904998779,,,3.7725613117218,,,,
"Batch standard deviation",,,0,,,0,,,0,,,0,,,0,,,0,,,0,,,0,,,0,,,0,,,0,,,,
,,,,,,,,,,,,,,,,,,,,,,,,,,,,,,,,,,,,,
"Equivalent circuit",,,,,,,,,,,,,,,,,,,,,,,,,,,,,,,,,,,,,
R1+Q2/R2+Q3/R3+Q4/R4+W5,,,,,,,,,,,,,,,,,,,,,,,,,,,,,,,,,,,,,
