,,,R1/Ohm,"Std err. R1/Ohm","Rank R1","Q2/F.s^(a - 1)","Std err. Q2/F.s^(a - 1)","Rank Q2",a2/,"Std err. a2","Rank a2",R2,"Std err. R2/Ohm","Rank R2","Q3/F.s^(a - 1)","Std err. Q3/F.s^(a - 1)","Rank Q3",a3/,"Std err. a3","Rank a3",R3,"Std err. R3/Ohm","Rank R3","Q4/F.s^(a - 1)","Std err. Q4/F.s^(a - 1)","Rank Q4",a4/,"Std err. a4","Rank a4",R4,"Std err. R4/Ohm","Rank R4",s5/Ohm.s^-1/2,"Std err. s5/Ohm.s^-1/2","Rank s5",Chi^2/|Z|^2,Chi/sqrt(N)/Ohm
C:\Users\HOME\Desktop\JupyterWorkspace\ALBATROSS_Paper\250925_EIS\3\250926180558_36(5-5).mpr,"Cycle 0",,2.85500001907349,xxxx,0.724035608308605,1.14599997687037E-5,xxxx,0.364985163204748,0.795799970626831,xxxx,0.611275964391691,6.17500019073486,xxxx,0.857566765578635,5.69399999221787E-5,xxxx,0.765578635014837,0.768999993801117,xxxx,1,62.8300018310547,xxxx,0.952522255192878,0.0034873458218624,0.000204443490751927,0.528189910979229,0.885344736849487,0.0197190456575032,0.780415430267062,27.3449109145382,0.955459614127789,0.427299703264095,4.72738793481481,0.670931229340194,0.43026706231454,0.00302556277838282,0.656699381040723
,,,,,,,,,,,,,,,,,,,,,,,,,,,,,,,,,,,,,
"Batch mean",,,2.85500001907349,,,1.14599997687037E-5,,,0.795799970626831,,,6.17500019073486,,,5.69399999221787E-5,,,0.768999993801117,,,62.8300018310547,,,0.00348734576255083,,,0.885344743728638,,,27.3449115753174,,,4.72738790512085,,,,
"Batch standard deviation",,,0,,,0,,,0,,,0,,,0,,,0,,,0,,,0,,,0,,,0,,,0,,,,
,,,,,,,,,,,,,,,,,,,,,,,,,,,,,,,,,,,,,
"Equivalent circuit",,,,,,,,,,,,,,,,,,,,,,,,,,,,,,,,,,,,,
R1+Q2/R2+Q3/R3+Q4/R4+W5,,,,,,,,,,,,,,,,,,,,,,,,,,,,,,,,,,,,,
